batter_cluster_label,pitcher_cluster_label,season,hard_n_pa,hard_xwoba_mean,hard_xwoba_std,hard_woba_mean,k_pct,bb_pct,hard_hit_pct,soft_pa_weight,soft_xwoba_mean,soft_woba_mean,eb_grand_mean,eb_batter_effect,eb_pitcher_effect,eb_additive_pred,eb_shrunk_interaction,eb_mu_cell,eb_cell_shrinkage_factor,eb_cell_n_pa,raw_interaction_residual,cell_sparsity_flag
contact_spray,changeup_deceptive,2021,1930,0.326569,0.380271,0.33813,0.2104,0.0679,0.4242,5477.888065605643,0.326,0.341,0.31642,0.003456,-0.00199,0.317886,0.002235,0.320121,0.520432,18556.17,0.008683,False
contact_spray,contact_sinker_ball,2021,2593,0.332067,0.372145,0.34499,0.1805,0.0663,0.4141,7014.954334188986,0.322,0.333,0.31642,0.003456,0.010987,0.330863,-0.001464,0.329399,0.720226,44018.59,0.001204,False
contact_spray,multi_pitch_mix,2021,3054,0.333088,0.380671,0.345661,0.1834,0.0661,0.3898,8111.290102767324,0.33,0.351,0.31642,0.003456,0.002591,0.322467,0.00107,0.323536,0.677651,35946.27,0.010621,False
contact_spray,power_swing_and_miss,2021,2684,0.325323,0.394987,0.321204,0.2377,0.082,0.4183,9716.758057085048,0.303,0.312,0.31642,0.003456,-0.019763,0.300113,-4.6e-05,0.300067,0.637964,30131.3,0.02521,False
contact_spray,soft_command,2021,2182,0.320073,0.386235,0.325608,0.2181,0.0564,0.3892,6079.140374608963,0.32,0.325,0.31642,0.003456,0.001928,0.321804,-0.001043,0.320761,0.654701,32420.69,-0.001731,False
groundball_speed,changeup_deceptive,2021,1420,0.280108,0.304016,0.296745,0.1873,0.0718,0.3238,4247.933708577778,0.278,0.297,0.31642,-0.039242,-0.00199,0.275188,0.000557,0.275744,0.47782,15646.5,0.00492,False
groundball_speed,contact_sinker_ball,2021,1699,0.302643,0.324293,0.333175,0.1636,0.0624,0.3362,5313.353791005646,0.28,0.307,0.31642,-0.039242,0.010987,0.288165,-0.002203,0.285961,0.697614,39448.24,0.014478,False
groundball_speed,multi_pitch_mix,2021,2080,0.313161,0.329366,0.327727,0.1322,0.062,0.3118,6385.96374777737,0.282,0.303,0.31642,-0.039242,0.002591,0.279769,-0.002012,0.277756,0.641596,30610.0,0.033392,False
groundball_speed,power_swing_and_miss,2021,1769,0.289027,0.342032,0.323335,0.2323,0.0622,0.329,7560.071755537213,0.266,0.284,0.31642,-0.039242,-0.019763,0.257415,0.00425,0.261664,0.603249,25998.79,0.031612,False
groundball_speed,soft_command,2021,1450,0.29631,0.320672,0.30641,0.1903,0.0717,0.3099,4578.657606910873,0.281,0.297,0.31642,-0.039242,0.001928,0.279106,-7.9e-05,0.279026,0.625631,28575.37,0.017204,False
high_whiff,changeup_deceptive,2021,1622,0.313836,0.392557,0.319121,0.2768,0.0863,0.3592,4974.3068267824365,0.302,0.316,0.31642,-0.016607,-0.00199,0.297823,-0.001561,0.296261,0.424321,12603.42,0.016013,False
high_whiff,contact_sinker_ball,2021,1897,0.332045,0.385437,0.333624,0.2203,0.0828,0.3955,6439.942117364123,0.317,0.33,0.31642,-0.016607,0.010987,0.3108,0.000164,0.310964,0.6228,28232.56,0.021245,False
high_whiff,multi_pitch_mix,2021,2063,0.329737,0.406157,0.340404,0.2365,0.0751,0.3775,7445.643871582973,0.312,0.316,0.31642,-0.016607,0.002591,0.302404,0.003603,0.306006,0.597999,25435.94,0.027333,False
high_whiff,power_swing_and_miss,2021,2082,0.291251,0.382978,0.305172,0.3232,0.0917,0.3733,8869.522196877486,0.281,0.291,0.31642,-0.016607,-0.019763,0.28005,-0.001756,0.278294,0.551879,21058.29,0.011201,False
high_whiff,soft_command,2021,1538,0.316325,0.386694,0.316285,0.2451,0.0702,0.3614,5396.553876319873,0.309,0.316,0.31642,-0.016607,0.001928,0.301741,-0.000588,0.301152,0.549028,20817.05,0.014584,False
patient_obp,changeup_deceptive,2021,1558,0.331172,0.357064,0.335959,0.1714,0.0918,0.3677,4429.932161541087,0.321,0.331,0.31642,0.010147,-0.00199,0.324577,0.000635,0.325211,0.474113,15415.71,0.006595,False
patient_obp,contact_sinker_ball,2021,2025,0.326658,0.360254,0.344246,0.1763,0.0983,0.3749,5844.58295083059,0.335,0.349,0.31642,0.010147,0.010987,0.337554,0.000311,0.337864,0.672915,35178.1,-0.010896,False
patient_obp,multi_pitch_mix,2021,2219,0.34001,0.378788,0.355794,0.1672,0.082,0.3926,6275.089838375532,0.328,0.342,0.31642,0.010147,0.002591,0.329158,-0.002443,0.326715,0.616905,27535.04,0.010852,False
patient_obp,power_swing_and_miss,2021,2040,0.32031,0.382313,0.328986,0.2284,0.0985,0.3647,7943.034214270984,0.311,0.324,0.31642,0.010147,-0.019763,0.306804,0.001929,0.308733,0.580086,23621.37,0.013506,False
patient_obp,soft_command,2021,1675,0.308994,0.354934,0.30865,0.2006,0.0728,0.3528,4837.046266258128,0.322,0.331,0.31642,0.010147,0.001928,0.328495,-0.000396,0.328099,0.604207,26103.07,-0.019501,False
power_pull,changeup_deceptive,2021,3365,0.351364,0.424033,0.35201,0.2241,0.0987,0.4584,6354.379901940147,0.345,0.352,0.31642,0.029325,-0.00199,0.343755,-0.002671,0.341084,0.55836,21618.2,0.007609,False
power_pull,contact_sinker_ball,2021,4333,0.36829,0.416712,0.377091,0.2072,0.099,0.4634,8396.226822341821,0.365,0.377,0.31642,0.029325,0.010987,0.356732,0.002995,0.359727,0.748747,50956.16,0.011558,False
power_pull,multi_pitch_mix,2021,4592,0.3601,0.428255,0.353703,0.2095,0.0878,0.4405,9165.248810720936,0.344,0.355,0.31642,0.029325,0.002591,0.348336,0.000893,0.349229,0.698972,39703.38,0.011764,False
power_pull,power_swing_and_miss,2021,4374,0.321869,0.418806,0.324759,0.2892,0.0992,0.4476,11534.632392330184,0.332,0.335,0.31642,0.029325,-0.019763,0.325982,-0.004089,0.321893,0.676782,35803.56,-0.004113,False
power_pull,soft_command,2021,3689,0.344347,0.409438,0.352454,0.2231,0.0859,0.4341,7151.832491399301,0.348,0.357,0.31642,0.029325,0.001928,0.347673,0.00147,0.349143,0.687729,37658.15,-0.003326,False
contact_spray,changeup_deceptive,2022,4238,0.316423,0.359407,0.32449,0.1989,0.0588,0.4042,6636.426631383185,0.311,0.324,0.31642,0.003456,-0.00199,0.317886,0.002235,0.320121,0.520432,18556.17,-0.001463,False
contact_spray,contact_sinker_ball,2022,3999,0.319256,0.358076,0.323567,0.1795,0.0578,0.4104,9427.678646584416,0.316,0.331,0.31642,0.003456,0.010987,0.330863,-0.001464,0.329399,0.720226,44018.59,-0.011607,False
contact_spray,multi_pitch_mix,2022,5749,0.324484,0.362991,0.3398,0.1893,0.0654,0.3976,8714.563218380792,0.317,0.333,0.31642,0.003456,0.002591,0.322467,0.00107,0.323536,0.677651,35946.27,0.002017,False
contact_spray,power_swing_and_miss,2022,7415,0.298527,0.357734,0.30382,0.2454,0.0664,0.3994,11207.401581003738,0.294,0.298,0.31642,0.003456,-0.019763,0.300113,-4.6e-05,0.300067,0.637964,30131.3,-0.001586,False
contact_spray,soft_command,2022,4629,0.303316,0.35416,0.308056,0.2005,0.0521,0.3897,7187.929968068315,0.311,0.32,0.31642,0.003456,0.001928,0.321804,-0.001043,0.320761,0.654701,32420.69,-0.018488,False
groundball_speed,changeup_deceptive,2022,2252,0.27667,0.309051,0.302264,0.2007,0.0524,0.3092,4344.138548150114,0.281,0.299,0.31642,-0.039242,-0.00199,0.275188,0.000557,0.275744,0.47782,15646.5,0.001482,False
groundball_speed,contact_sinker_ball,2022,2265,0.294233,0.316672,0.315525,0.1629,0.057,0.3301,6566.2052108873095,0.296,0.31,0.31642,-0.039242,0.010987,0.288165,-0.002203,0.285961,0.697614,39448.24,0.006068,False
groundball_speed,multi_pitch_mix,2022,3208,0.29749,0.320675,0.322875,0.1811,0.0577,0.302,6187.834212891699,0.287,0.308,0.31642,-0.039242,0.002591,0.279769,-0.002012,0.277756,0.641596,30610.0,0.017721,False
groundball_speed,power_swing_and_miss,2022,3971,0.279103,0.319491,0.291809,0.2209,0.07,0.3162,7707.520948975872,0.27,0.282,0.31642,-0.039242,-0.019763,0.257415,0.00425,0.261664,0.603249,25998.79,0.021688,False
groundball_speed,soft_command,2022,2208,0.285751,0.31566,0.283021,0.187,0.0553,0.3107,4734.688701324601,0.281,0.287,0.31642,-0.039242,0.001928,0.279106,-7.9e-05,0.279026,0.625631,28575.37,0.006645,False
high_whiff,changeup_deceptive,2022,2875,0.288951,0.374042,0.299301,0.2991,0.0769,0.3848,4778.444070021858,0.286,0.294,0.31642,-0.016607,-0.00199,0.297823,-0.001561,0.296261,0.424321,12603.42,-0.008872,False
high_whiff,contact_sinker_ball,2022,2614,0.313373,0.378693,0.331582,0.2334,0.078,0.3983,7081.026304719831,0.309,0.328,0.31642,-0.016607,0.010987,0.3108,0.000164,0.310964,0.6228,28232.56,0.002573,False
high_whiff,multi_pitch_mix,2022,4116,0.294353,0.368557,0.305626,0.2736,0.0799,0.388,6997.435608849343,0.303,0.321,0.31642,-0.016607,0.002591,0.302404,0.003603,0.306006,0.597999,25435.94,-0.008051,False
high_whiff,power_swing_and_miss,2022,4903,0.27601,0.375025,0.281045,0.3216,0.0765,0.3874,8176.688172757826,0.275,0.28,0.31642,-0.016607,-0.019763,0.28005,-0.001756,0.278294,0.551879,21058.29,-0.00404,False
high_whiff,soft_command,2022,2953,0.298927,0.381848,0.312159,0.2648,0.0725,0.3732,5243.448258952804,0.298,0.314,0.31642,-0.016607,0.001928,0.301741,-0.000588,0.301152,0.549028,20817.05,-0.002814,False
patient_obp,changeup_deceptive,2022,3575,0.311244,0.341309,0.317963,0.1877,0.0878,0.3594,5105.239806137492,0.313,0.325,0.31642,0.010147,-0.00199,0.324577,0.000635,0.325211,0.474113,15415.71,-0.013333,False
patient_obp,contact_sinker_ball,2022,3656,0.328235,0.350445,0.34024,0.1575,0.0834,0.3677,7589.8501387292445,0.328,0.341,0.31642,0.010147,0.010987,0.337554,0.000311,0.337864,0.672915,35178.1,-0.009319,False
patient_obp,multi_pitch_mix,2022,4822,0.31205,0.342192,0.328117,0.1667,0.0767,0.3516,6819.92299244809,0.318,0.33,0.31642,0.010147,0.002591,0.329158,-0.002443,0.326715,0.616905,27535.04,-0.017108,False
patient_obp,power_swing_and_miss,2022,5972,0.300133,0.347313,0.312523,0.2185,0.097,0.3527,8746.414719051103,0.299,0.312,0.31642,0.010147,-0.019763,0.306804,0.001929,0.308733,0.580086,23621.37,-0.006671,False
patient_obp,soft_command,2022,4033,0.310332,0.340904,0.320319,0.186,0.0848,0.3631,5611.123054394276,0.319,0.329,0.31642,0.010147,0.001928,0.328495,-0.000396,0.328099,0.604207,26103.07,-0.018163,False
power_pull,changeup_deceptive,2022,4998,0.32572,0.396416,0.32608,0.2325,0.0878,0.4255,4783.491034595939,0.33,0.333,0.31642,0.029325,-0.00199,0.343755,-0.002671,0.341084,0.55836,21618.2,-0.018035,False
power_pull,contact_sinker_ball,2022,4837,0.347772,0.406108,0.348526,0.202,0.0844,0.4439,7238.457905892718,0.35,0.358,0.31642,0.029325,0.010987,0.356732,0.002995,0.359727,0.748747,50956.16,-0.00896,False
power_pull,multi_pitch_mix,2022,6590,0.343175,0.406478,0.343885,0.2156,0.0907,0.4311,6352.298988816674,0.341,0.347,0.31642,0.029325,0.002591,0.348336,0.000893,0.349229,0.698972,39703.38,-0.005161,False
power_pull,power_swing_and_miss,2022,8497,0.315188,0.397873,0.319962,0.2715,0.0932,0.4285,8570.759369476973,0.318,0.322,0.31642,0.029325,-0.019763,0.325982,-0.004089,0.321893,0.676782,35803.56,-0.010794,False
power_pull,soft_command,2022,5476,0.346538,0.413684,0.347199,0.2286,0.0846,0.4357,5717.996434506055,0.345,0.345,0.31642,0.029325,0.001928,0.347673,0.00147,0.349143,0.687729,37658.15,-0.001135,False
contact_spray,changeup_deceptive,2023,4686,0.322297,0.384042,0.331907,0.2337,0.0683,0.4179,6456.8599852439565,0.322,0.33,0.31642,0.003456,-0.00199,0.317886,0.002235,0.320121,0.520432,18556.17,0.004411,False
contact_spray,contact_sinker_ball,2023,7733,0.336657,0.379703,0.345152,0.1897,0.0703,0.423,10504.244644376253,0.326,0.334,0.31642,0.003456,0.010987,0.330863,-0.001464,0.329399,0.720226,44018.59,0.005794,False
contact_spray,multi_pitch_mix,2023,6924,0.336751,0.381638,0.343254,0.1893,0.07,0.4112,8523.64943633572,0.333,0.346,0.31642,0.003456,0.002591,0.322467,0.00107,0.323536,0.677651,35946.27,0.014284,False
contact_spray,power_swing_and_miss,2023,9393,0.306282,0.374381,0.309293,0.2498,0.0773,0.4,10909.710398953284,0.303,0.306,0.31642,0.003456,-0.019763,0.300113,-4.6e-05,0.300067,0.637964,30131.3,0.006169,False
contact_spray,soft_command,2023,4617,0.326288,0.380066,0.324772,0.211,0.0611,0.4059,5795.851633382328,0.315,0.327,0.31642,0.003456,0.001928,0.321804,-0.001043,0.320761,0.654701,32420.69,0.004484,False
groundball_speed,changeup_deceptive,2023,2153,0.279141,0.32196,0.293286,0.2146,0.0664,0.3106,3740.2624403800255,0.289,0.3,0.31642,-0.039242,-0.00199,0.275188,0.000557,0.275744,0.47782,15646.5,0.003953,False
groundball_speed,contact_sinker_ball,2023,3386,0.297621,0.328215,0.316637,0.1802,0.0644,0.3256,6075.285748290094,0.3,0.318,0.31642,-0.039242,0.010987,0.288165,-0.002203,0.285961,0.697614,39448.24,0.009456,False
groundball_speed,multi_pitch_mix,2023,3162,0.310868,0.335116,0.338149,0.1762,0.061,0.3257,5178.806028928836,0.296,0.323,0.31642,-0.039242,0.002591,0.279769,-0.002012,0.277756,0.641596,30610.0,0.031099,False
groundball_speed,power_swing_and_miss,2023,4300,0.284512,0.330181,0.296437,0.236,0.0737,0.3265,6269.6436733904275,0.277,0.285,0.31642,-0.039242,-0.019763,0.257415,0.00425,0.261664,0.603249,25998.79,0.027097,False
groundball_speed,soft_command,2023,2065,0.298065,0.332934,0.299243,0.1889,0.061,0.3342,3343.0084179139253,0.294,0.306,0.31642,-0.039242,0.001928,0.279106,-7.9e-05,0.279026,0.625631,28575.37,0.018959,False
high_whiff,changeup_deceptive,2023,3042,0.298001,0.397476,0.304106,0.3057,0.0786,0.3874,5148.124681764844,0.312,0.325,0.31642,-0.016607,-0.00199,0.297823,-0.001561,0.296261,0.424321,12603.42,0.000178,False
high_whiff,contact_sinker_ball,2023,4765,0.315477,0.393579,0.325828,0.252,0.0818,0.4041,8059.102152378013,0.323,0.332,0.31642,-0.016607,0.010987,0.3108,0.000164,0.310964,0.6228,28232.56,0.004677,False
high_whiff,multi_pitch_mix,2023,4426,0.312064,0.387353,0.329183,0.2628,0.0741,0.3903,6929.950332753216,0.309,0.325,0.31642,-0.016607,0.002591,0.302404,0.003603,0.306006,0.597999,25435.94,0.00966,False
high_whiff,power_swing_and_miss,2023,5749,0.301291,0.388868,0.314228,0.3129,0.0945,0.4037,8493.262471708897,0.297,0.31,0.31642,-0.016607,-0.019763,0.28005,-0.001756,0.278294,0.551879,21058.29,0.021241,False
high_whiff,soft_command,2023,2827,0.304226,0.391502,0.304383,0.284,0.0771,0.3826,4594.338195273618,0.31,0.313,0.31642,-0.016607,0.001928,0.301741,-0.000588,0.301152,0.549028,20817.05,0.002485,False
patient_obp,changeup_deceptive,2023,2957,0.3276,0.3603,0.336927,0.1789,0.1055,0.3655,5607.493509519121,0.323,0.324,0.31642,0.010147,-0.00199,0.324577,0.000635,0.325211,0.474113,15415.71,0.003023,False
patient_obp,contact_sinker_ball,2023,4779,0.333897,0.361058,0.343816,0.1689,0.0908,0.3866,9092.37985476714,0.337,0.354,0.31642,0.010147,0.010987,0.337554,0.000311,0.337864,0.672915,35178.1,-0.003657,False
patient_obp,multi_pitch_mix,2023,4266,0.329898,0.35577,0.356956,0.1521,0.0907,0.3498,7044.554112178303,0.327,0.346,0.31642,0.010147,0.002591,0.329158,-0.002443,0.326715,0.616905,27535.04,0.00074,False
patient_obp,power_swing_and_miss,2023,5900,0.312724,0.353598,0.323606,0.2093,0.1005,0.355,9218.306996196654,0.316,0.326,0.31642,0.010147,-0.019763,0.306804,0.001929,0.308733,0.580086,23621.37,0.00592,False
patient_obp,soft_command,2023,2977,0.32504,0.360163,0.335883,0.1864,0.0917,0.3673,5130.046352467428,0.324,0.332,0.31642,0.010147,0.001928,0.328495,-0.000396,0.328099,0.604207,26103.07,-0.003455,False
power_pull,changeup_deceptive,2023,2775,0.351833,0.434693,0.366811,0.2404,0.0984,0.4491,5729.433879690888,0.34,0.345,0.31642,0.029325,-0.00199,0.343755,-0.002671,0.341084,0.55836,21618.2,0.008078,False
power_pull,contact_sinker_ball,2023,4582,0.354211,0.413161,0.364397,0.2121,0.0989,0.4572,8971.163100205962,0.354,0.36,0.31642,0.029325,0.010987,0.356732,0.002995,0.359727,0.748747,50956.16,-0.002521,False
power_pull,multi_pitch_mix,2023,3868,0.352329,0.4221,0.35999,0.2239,0.0962,0.4454,6736.98653783325,0.341,0.348,0.31642,0.029325,0.002591,0.348336,0.000893,0.349229,0.698972,39703.38,0.003993,False
power_pull,power_swing_and_miss,2023,5605,0.335457,0.418518,0.332478,0.2671,0.1015,0.4508,9259.773910153279,0.325,0.332,0.31642,0.029325,-0.019763,0.325982,-0.004089,0.321893,0.676782,35803.56,0.009475,False
power_pull,soft_command,2023,2883,0.347258,0.418871,0.350087,0.2307,0.0905,0.4438,5241.74610691502,0.349,0.35,0.31642,0.029325,0.001928,0.347673,0.00147,0.349143,0.687729,37658.15,-0.000415,False
contact_spray,changeup_deceptive,2024,4561,0.317174,0.376789,0.314946,0.207,0.0656,0.3977,7351.473037981274,0.313,0.321,0.31642,0.003456,-0.00199,0.317886,0.002235,0.320121,0.520432,18556.17,-0.000712,False
contact_spray,contact_sinker_ball,2024,6109,0.315345,0.372167,0.319291,0.1904,0.0591,0.4055,11099.526982324514,0.322,0.33,0.31642,0.003456,0.010987,0.330863,-0.001464,0.329399,0.720226,44018.59,-0.015518,False
contact_spray,multi_pitch_mix,2024,6353,0.320188,0.363153,0.324509,0.1912,0.0636,0.4094,9248.186884724299,0.321,0.327,0.31642,0.003456,0.002591,0.322467,0.00107,0.323536,0.677651,35946.27,-0.002279,False
contact_spray,power_swing_and_miss,2024,7389,0.301582,0.362828,0.303042,0.233,0.0696,0.411,9873.65022323254,0.301,0.308,0.31642,0.003456,-0.019763,0.300113,-4.6e-05,0.300067,0.637964,30131.3,0.001469,False
contact_spray,soft_command,2024,3956,0.327082,0.373224,0.340241,0.1926,0.067,0.3909,6079.890268904907,0.319,0.326,0.31642,0.003456,0.001928,0.321804,-0.001043,0.320761,0.654701,32420.69,0.005278,False
groundball_speed,changeup_deceptive,2024,1886,0.29806,0.326387,0.311183,0.185,0.0594,0.3162,4564.991889445411,0.289,0.298,0.31642,-0.039242,-0.00199,0.275188,0.000557,0.275744,0.47782,15646.5,0.022872,False
groundball_speed,contact_sinker_ball,2024,2656,0.280711,0.308483,0.28541,0.1845,0.0546,0.2987,7198.919096432394,0.296,0.309,0.31642,-0.039242,0.010987,0.288165,-0.002203,0.285961,0.697614,39448.24,-0.007454,False
groundball_speed,multi_pitch_mix,2024,2674,0.286693,0.31574,0.298051,0.1795,0.0576,0.3192,5846.993143853744,0.284,0.291,0.31642,-0.039242,0.002591,0.279769,-0.002012,0.277756,0.641596,30610.0,0.006924,False
groundball_speed,power_swing_and_miss,2024,3119,0.273994,0.320244,0.2923,0.2276,0.0638,0.2948,6319.163525031832,0.275,0.296,0.31642,-0.039242,-0.019763,0.257415,0.00425,0.261664,0.603249,25998.79,0.016579,False
groundball_speed,soft_command,2024,1534,0.287589,0.317396,0.308876,0.1675,0.058,0.2955,3573.827135945882,0.285,0.312,0.31642,-0.039242,0.001928,0.279106,-7.9e-05,0.279026,0.625631,28575.37,0.008483,False
high_whiff,changeup_deceptive,2024,3405,0.288276,0.374168,0.287496,0.2843,0.0714,0.3805,6147.434777774716,0.292,0.296,0.31642,-0.016607,-0.00199,0.297823,-0.001561,0.296261,0.424321,12603.42,-0.009547,False
high_whiff,contact_sinker_ball,2024,4985,0.315415,0.379224,0.326067,0.2321,0.0712,0.3964,9650.396684922276,0.311,0.321,0.31642,-0.016607,0.010987,0.3108,0.000164,0.310964,0.6228,28232.56,0.004615,False
high_whiff,multi_pitch_mix,2024,4524,0.304197,0.365152,0.311818,0.2502,0.0791,0.3826,7264.4505957808105,0.303,0.316,0.31642,-0.016607,0.002591,0.302404,0.003603,0.306006,0.597999,25435.94,0.001793,False
high_whiff,power_swing_and_miss,2024,5785,0.295478,0.384824,0.305305,0.3125,0.0825,0.4047,8336.134612774033,0.287,0.295,0.31642,-0.016607,-0.019763,0.28005,-0.001756,0.278294,0.551879,21058.29,0.015428,False
high_whiff,soft_command,2024,3037,0.303556,0.368365,0.312529,0.2542,0.078,0.3747,4975.686774022563,0.303,0.31,0.31642,-0.016607,0.001928,0.301741,-0.000588,0.301152,0.549028,20817.05,0.001815,False
patient_obp,changeup_deceptive,2024,3902,0.307249,0.354674,0.323764,0.1948,0.0912,0.3553,5652.685805504078,0.308,0.318,0.31642,0.010147,-0.00199,0.324577,0.000635,0.325211,0.474113,15415.71,-0.017328,False
patient_obp,contact_sinker_ball,2024,5563,0.31948,0.344541,0.3347,0.1719,0.089,0.3622,8848.821547866284,0.321,0.332,0.31642,0.010147,0.010987,0.337554,0.000311,0.337864,0.672915,35178.1,-0.018074,False
patient_obp,multi_pitch_mix,2024,4971,0.327784,0.359318,0.34396,0.173,0.0811,0.3736,6708.282065996903,0.317,0.329,0.31642,0.010147,0.002591,0.329158,-0.002443,0.326715,0.616905,27535.04,-0.001374,False
patient_obp,power_swing_and_miss,2024,6633,0.303771,0.354369,0.315102,0.2227,0.0911,0.3588,7729.6601630726545,0.304,0.314,0.31642,0.010147,-0.019763,0.306804,0.001929,0.308733,0.580086,23621.37,-0.003033,False
patient_obp,soft_command,2024,3355,0.316399,0.360643,0.320946,0.2039,0.0879,0.3471,4509.334743944311,0.324,0.333,0.31642,0.010147,0.001928,0.328495,-0.000396,0.328099,0.604207,26103.07,-0.012096,False
power_pull,changeup_deceptive,2024,3594,0.357952,0.4403,0.353687,0.2337,0.0991,0.4557,5098.633633003967,0.346,0.341,0.31642,0.029325,-0.00199,0.343755,-0.002671,0.341084,0.55836,21618.2,0.014197,False
power_pull,contact_sinker_ball,2024,5091,0.351944,0.4201,0.348796,0.2182,0.0862,0.4625,7557.333161185215,0.351,0.351,0.31642,0.029325,0.010987,0.356732,0.002995,0.359727,0.748747,50956.16,-0.004788,False
power_pull,multi_pitch_mix,2024,5059,0.341552,0.413582,0.344961,0.2293,0.0893,0.4518,6134.801196423888,0.337,0.35,0.31642,0.029325,0.002591,0.348336,0.000893,0.349229,0.698972,39703.38,-0.006784,False
power_pull,power_swing_and_miss,2024,6254,0.325722,0.416108,0.329323,0.28,0.0987,0.4429,6604.907146770517,0.333,0.337,0.31642,0.029325,-0.019763,0.325982,-0.004089,0.321893,0.676782,35803.56,-0.00026,False
power_pull,soft_command,2024,3341,0.347763,0.433479,0.352826,0.243,0.0928,0.4649,4030.799517081329,0.34,0.344,0.31642,0.029325,0.001928,0.347673,0.00147,0.349143,0.687729,37658.15,9e-05,False
contact_spray,changeup_deceptive,2025,5568,0.329255,0.410281,0.32609,0.2241,0.0643,0.4309,8115.6813114811275,0.328,0.322,0.31642,0.003456,-0.00199,0.317886,0.002235,0.320121,0.520432,18556.17,0.011369,False
contact_spray,contact_sinker_ball,2025,8560,0.34156,0.393629,0.337337,0.1914,0.0644,0.4559,13370.947754185177,0.341,0.342,0.31642,0.003456,0.010987,0.330863,-0.001464,0.329399,0.720226,44018.59,0.010697,False
contact_spray,multi_pitch_mix,2025,7210,0.327301,0.381062,0.319855,0.2132,0.0646,0.4449,9639.641897725787,0.326,0.325,0.31642,0.003456,0.002591,0.322467,0.00107,0.323536,0.677651,35946.27,0.004834,False
contact_spray,power_swing_and_miss,2025,7561,0.306352,0.380115,0.300698,0.2595,0.0697,0.4286,10769.074125911173,0.314,0.312,0.31642,0.003456,-0.019763,0.300113,-4.6e-05,0.300067,0.637964,30131.3,0.006239,False
contact_spray,soft_command,2025,2673,0.32248,0.384992,0.312302,0.2226,0.067,0.4198,4476.307340575639,0.327,0.318,0.31642,0.003456,0.001928,0.321804,-0.001043,0.320761,0.654701,32420.69,0.000676,False
groundball_speed,changeup_deceptive,2025,2746,0.296638,0.336706,0.312491,0.1926,0.0579,0.3178,4670.584920000485,0.297,0.306,0.31642,-0.039242,-0.00199,0.275188,0.000557,0.275744,0.47782,15646.5,0.02145,False
groundball_speed,contact_sinker_ball,2025,4528,0.302811,0.323444,0.31281,0.1568,0.0658,0.3423,7702.706603818752,0.308,0.316,0.31642,-0.039242,0.010987,0.288165,-0.002203,0.285961,0.697614,39448.24,0.014646,False
groundball_speed,multi_pitch_mix,2025,3505,0.289731,0.319459,0.295167,0.1826,0.0602,0.3253,5412.981073071271,0.291,0.306,0.31642,-0.039242,0.002591,0.279769,-0.002012,0.277756,0.641596,30610.0,0.009962,False
groundball_speed,power_swing_and_miss,2025,3638,0.288101,0.325537,0.299528,0.2196,0.0687,0.3191,6203.626807655808,0.282,0.292,0.31642,-0.039242,-0.019763,0.257415,0.00425,0.261664,0.603249,25998.79,0.030686,False
groundball_speed,soft_command,2025,1306,0.288725,0.316405,0.30363,0.1708,0.0643,0.3235,2537.452057697436,0.296,0.305,0.31642,-0.039242,0.001928,0.279106,-7.9e-05,0.279026,0.625631,28575.37,0.009619,False
high_whiff,changeup_deceptive,2025,4626,0.315102,0.404798,0.312582,0.2544,0.077,0.4045,5341.4312166628715,0.31,0.312,0.31642,-0.016607,-0.00199,0.297823,-0.001561,0.296261,0.424321,12603.42,0.017279,False
high_whiff,contact_sinker_ball,2025,6733,0.341084,0.404747,0.339166,0.2263,0.0729,0.4404,8633.97521940877,0.323,0.321,0.31642,-0.016607,0.010987,0.3108,0.000164,0.310964,0.6228,28232.56,0.030284,False
high_whiff,multi_pitch_mix,2025,5036,0.313918,0.397403,0.310395,0.2502,0.0737,0.3989,6093.471023911632,0.306,0.299,0.31642,-0.016607,0.002591,0.302404,0.003603,0.306006,0.597999,25435.94,0.011514,False
high_whiff,power_swing_and_miss,2025,5746,0.306634,0.397921,0.302706,0.2962,0.0835,0.4143,6888.530953126718,0.295,0.296,0.31642,-0.016607,-0.019763,0.28005,-0.001756,0.278294,0.551879,21058.29,0.026584,False
high_whiff,soft_command,2025,2140,0.320278,0.39906,0.317396,0.2593,0.0771,0.4032,2776.6386153343137,0.31,0.301,0.31642,-0.016607,0.001928,0.301741,-0.000588,0.301152,0.549028,20817.05,0.018537,False
patient_obp,changeup_deceptive,2025,3754,0.325116,0.373854,0.3233,0.1827,0.0914,0.3614,6281.903686391928,0.319,0.315,0.31642,0.010147,-0.00199,0.324577,0.000635,0.325211,0.474113,15415.71,0.000539,False
patient_obp,contact_sinker_ball,2025,5648,0.341084,0.366727,0.340781,0.1565,0.0882,0.4021,10129.56717134251,0.341,0.345,0.31642,0.010147,0.010987,0.337554,0.000311,0.337864,0.672915,35178.1,0.00353,False
patient_obp,multi_pitch_mix,2025,4601,0.322739,0.353513,0.330199,0.1739,0.0895,0.3647,6885.1012416873355,0.318,0.325,0.31642,0.010147,0.002591,0.329158,-0.002443,0.326715,0.616905,27535.04,-0.006419,False
patient_obp,power_swing_and_miss,2025,4791,0.315163,0.362787,0.3198,0.2068,0.1014,0.3698,8033.095714613466,0.314,0.314,0.31642,0.010147,-0.019763,0.306804,0.001929,0.308733,0.580086,23621.37,0.008359,False
patient_obp,soft_command,2025,1712,0.323943,0.359802,0.320505,0.1723,0.0882,0.3746,3343.26099917351,0.314,0.313,0.31642,0.010147,0.001928,0.328495,-0.000396,0.328099,0.604207,26103.07,-0.004552,False
power_pull,changeup_deceptive,2025,3664,0.355222,0.435022,0.34064,0.2451,0.1013,0.4736,6259.205521794454,0.351,0.337,0.31642,0.029325,-0.00199,0.343755,-0.002671,0.341084,0.55836,21618.2,0.011467,False
power_pull,contact_sinker_ball,2025,5204,0.371437,0.437032,0.363724,0.2252,0.0984,0.5033,9581.880223327167,0.372,0.363,0.31642,0.029325,0.010987,0.356732,0.002995,0.359727,0.748747,50956.16,0.014705,False
power_pull,multi_pitch_mix,2025,4089,0.341085,0.421957,0.34055,0.2446,0.0861,0.4638,6621.67266850856,0.341,0.342,0.31642,0.029325,0.002591,0.348336,0.000893,0.349229,0.698972,39703.38,-0.007251,False
power_pull,power_swing_and_miss,2025,4506,0.348111,0.432479,0.337597,0.2752,0.1229,0.4772,7819.370551600802,0.338,0.333,0.31642,0.029325,-0.019763,0.325982,-0.004089,0.321893,0.676782,35803.56,0.022129,False
power_pull,soft_command,2025,1706,0.358915,0.442821,0.3445,0.2304,0.0914,0.4561,3153.874979993646,0.357,0.353,0.31642,0.029325,0.001928,0.347673,0.00147,0.349143,0.687729,37658.15,0.011242,False
