signal,market,book_group,bucket,theta,anchor,n_games,n_quotes,clv_mean,clv_sharpe,clv_p,realized_roi,roi_fdr_survive,season_sign_consistent,is_control
static_over,totals,all,all,na,open,700,4894,-0.3156632653061225,-0.7942257638774117,1.0,-0.15103989874213197,False,True,False
static_over,totals,all,low,na,open,167,1118,-0.26988166524094664,-0.6616458683096493,1.0,-0.08990031700535946,False,True,False
static_over,totals,all,mid,na,open,375,2542,-0.30393968253968257,-0.7659047169979442,1.0,-0.16366880021235033,False,True,False
static_over,totals,all,high,na,open,180,1234,-0.37150793650793645,-0.9203787524365109,1.0,-0.15054183126079992,False,True,False
static_over,totals,pinnacle,all,na,open,700,700,-0.3221428571428571,-0.6658653837499767,1.0,-0.1337221494102228,False,True,False
static_over,totals,pinnacle,low,na,open,158,158,-0.2879746835443038,-0.5842155018541533,0.999999999999896,-0.06979444896063178,False,True,False
static_over,totals,pinnacle,mid,na,open,363,363,-0.3154269972451791,-0.6746408911916502,1.0,-0.1654408977177951,False,True,False
static_over,totals,pinnacle,high,na,open,179,179,-0.3659217877094972,-0.7215232110616224,1.0,-0.1258264568704833,False,True,False
static_over,totals,soft,all,na,open,700,4194,-0.3146190476190476,-0.7802730566062038,1.0,-0.15393241928553533,False,True,False
static_over,totals,soft,low,na,open,166,960,-0.2731425702811245,-0.6666194860882421,1.0,-0.09845289838518838,False,True,False
static_over,totals,soft,mid,na,open,375,2179,-0.3030444444444445,-0.7497020750029024,1.0,-0.1665110170601085,False,True,False
static_over,totals,soft,high,na,open,179,1055,-0.3681564245810056,-0.9112989420152209,1.0,-0.16000990942062382,False,True,False
static_over,totals,majors,all,na,open,700,2095,-0.31464285714285717,-0.7560782655956737,1.0,-0.1550174772183943,False,True,False
static_over,totals,majors,low,na,open,164,478,-0.2693089430894309,-0.6169030287198586,0.9999999999999986,-0.09806923034083995,False,True,False
static_over,totals,majors,mid,na,open,374,1094,-0.30815508021390375,-0.7559695962708374,1.0,-0.16983189397936804,False,True,False
static_over,totals,majors,high,na,open,179,523,-0.35614525139664804,-0.8175984869015711,1.0,-0.16073711777899335,False,True,False
static_over,totals,bovada,all,na,open,700,700,-0.33071428571428574,-0.6634444755888546,1.0,-0.1567157870302751,False,True,False
static_over,totals,bovada,low,na,open,160,160,-0.28125,-0.5549173308434241,0.9999999999988843,-0.10872538365464783,False,True,False
static_over,totals,bovada,mid,na,open,364,364,-0.3159340659340659,-0.6304193720646029,1.0,-0.16631282624684116,False,True,False
static_over,totals,bovada,high,na,open,176,176,-0.40625,-0.8475834971772018,1.0,-0.18049500444658365,False,True,False
static_under,totals,all,all,na,open,700,4894,0.3156632653061225,0.7942257638774117,2.4815875465316273e-98,0.033477981975993054,True,True,False
static_under,totals,all,low,na,open,167,1118,0.26988166524094664,0.6616458683096493,6.135845390641989e-18,-0.02861367232272716,True,True,False
static_under,totals,all,mid,na,open,375,2542,0.30393968253968257,0.7659047169979442,4.570733055042507e-50,0.04808208135151133,True,True,False
static_under,totals,all,high,na,open,180,1234,0.37150793650793645,0.9203787524365109,2.4913951300747496e-35,0.029994350351514414,True,True,False
static_under,totals,pinnacle,all,na,open,700,700,0.3221428571428571,0.6658653837499767,9.098420631304809e-70,0.055281782437745744,True,True,False
static_under,totals,pinnacle,low,na,open,158,158,0.2879746835443038,0.5842155018541533,1.0405915169895036e-13,-0.009116246661247248,True,True,False
static_under,totals,pinnacle,mid,na,open,363,363,0.3154269972451791,0.6746408911916502,4.103065330858942e-38,0.08810372279930243,True,True,False
static_under,totals,pinnacle,high,na,open,179,179,0.3659217877094972,0.7215232110616224,2.379415360287149e-22,0.04556404079749885,True,True,False
static_under,totals,soft,all,na,open,700,4194,0.3146190476190476,0.7802730566062038,5.516638184954953e-95,0.02983782926621586,True,True,False
static_under,totals,soft,low,na,open,166,960,0.2731425702811245,0.6666194860882421,4.394450911899208e-18,-0.026497254696356914,True,True,False
static_under,totals,soft,mid,na,open,375,2179,0.3030444444444445,0.7497020750029024,4.665045358997524e-48,0.04450865756048796,True,True,False
static_under,totals,soft,high,na,open,179,1055,0.3681564245810056,0.9112989420152209,1.7071799043533742e-34,0.03232693883609542,True,True,False
static_under,totals,majors,all,na,open,700,2095,0.31464285714285717,0.7560782655956737,2.5439069581026968e-89,0.030266124785529595,True,True,False
static_under,totals,majors,low,na,open,164,478,0.2693089430894309,0.6169030287198586,1.3921308587204061e-15,-0.028108795483608076,True,True,False
static_under,totals,majors,mid,na,open,374,1094,0.30815508021390375,0.7559695962708374,1.0507574778880842e-48,0.047488040488371325,True,True,False
static_under,totals,majors,high,na,open,179,523,0.35614525139664804,0.8175984869015711,3.7626500031721837e-28,0.03153945554524896,True,True,False
static_under,totals,bovada,all,na,open,700,700,0.33071428571428574,0.6634444755888546,2.81646598216851e-69,0.0328449470505366,True,True,False
static_under,totals,bovada,low,na,open,160,160,0.28125,0.5549173308434241,1.1156253573228584e-12,-0.017012491964769373,True,True,False
static_under,totals,bovada,mid,na,open,364,364,0.3159340659340659,0.6304193720646029,1.2717109612410808e-33,0.045275976252670304,True,True,False
static_under,totals,bovada,high,na,open,176,176,0.40625,0.8475834971772018,1.2329252823676251e-29,0.05246026303276548,True,True,False
reversion,totals,all,all,0.5,t50,695,3597,0.710268927714971,1.1716731635925854,8.484501372193767e-210,0.07405668164823782,True,True,False
reversion,totals,all,all,0.5,t75,512,1827,-0.07865048363095238,-0.27193166773629945,0.9999999996201127,0.004834273246675153,False,True,False
reversion,totals,all,all,1,t50,208,660,1.2826923076923078,2.5812864619789706,1.2097677228650095e-303,0.16480734769017072,True,True,False
reversion,totals,all,all,1,t75,66,90,0.19949494949494948,0.8633564474285482,1.1584861962130208e-12,0.2177941324010817,True,True,False
reversion,totals,all,low,0.5,t50,121,353,0.2976092089728453,0.7652728252089389,1.914811326192563e-17,0.003218077146705848,True,True,False
reversion,totals,all,low,0.5,t75,170,499,-0.060224089635854336,-0.1905004228083092,0.9935009551600626,-0.06175139164399911,False,True,False
reversion,totals,all,low,1,t50,11,13,0.3939393939393939,1.3101936555072449,6.9504474109609295e-06,0.2068541893152063,False,True,False
reversion,totals,all,low,1,t75,16,24,0.234375,1.0009065811397513,3.118943389026364e-05,0.1244892906257308,False,True,False
reversion,totals,all,mid,0.5,t50,428,1833,0.6629700712060526,1.0903667086212938,5.644264898629336e-113,0.08920233123291002,True,True,False
reversion,totals,all,mid,0.5,t75,338,931,-0.029596365173288255,-0.09931661002344158,0.9660683658151519,0.027127377338608174,False,True,False
reversion,totals,all,mid,1,t50,100,324,1.3238333333333332,2.8569450093796602,8.05328003997057e-180,0.16994700489767087,True,True,False
reversion,totals,all,mid,1,t75,26,38,0.15064102564102563,0.693139950242145,0.00020440196466812435,0.1614865843526782,False,True,False
reversion,totals,all,high,0.5,t50,285,1411,0.843968253968254,1.359880149152316,6.2117326539275594e-117,0.09459412497546014,True,True,False
reversion,totals,all,high,0.5,t75,151,397,0.0008672343109429186,0.0030114945876399675,0.4852401646597481,0.14291214993780404,False,False,False
reversion,totals,all,high,1,t50,97,323,1.3410652920962198,2.955539394066062,1.3935292242283797e-186,0.15474053347753775,True,True,False
reversion,totals,all,high,1,t75,24,28,0.22916666666666666,0.9408390494916471,2.021581096810446e-06,0.34099720397041944,False,True,False
reversion,totals,pinnacle,all,0.5,t50,509,509,0.9106090373280943,1.4882582377969105,1.8397168995058065e-247,0.13876822696058108,True,True,False
reversion,totals,pinnacle,all,0.5,t75,251,251,-0.05179282868525897,-0.14403200098160496,0.9887522606924636,0.10398771884937316,False,True,False
reversion,totals,pinnacle,all,1,t50,95,95,1.4210526315789473,4.823752774751054,0.0,0.1749879285369387,True,True,False
reversion,totals,pinnacle,all,1,t75,16,16,0.21875,0.8539125638299665,0.0003181495706201034,0.19839449541284404,False,True,False
reversion,totals,pinnacle,low,0.5,t50,47,47,0.23404255319148937,0.43321949563975887,0.001488983097800305,0.08373999609603748,False,True,False
reversion,totals,pinnacle,low,0.5,t75,68,68,-0.1323529411764706,-0.40072575891998197,0.9995242179502799,0.01996762007555316,False,True,False
reversion,totals,pinnacle,low,1,t50,2,2,0.5,0.0,,0.45871559633027525,False,True,False
reversion,totals,pinnacle,low,1,t75,4,4,0.25,0.8660254037844387,0.04163225833177522,-0.041284403669724745,False,False,False
reversion,totals,pinnacle,mid,0.5,t50,266,266,0.9022556390977443,1.5032973976539128,4.7431682031563756e-133,0.15392839897909916,True,True,False
reversion,totals,pinnacle,mid,0.5,t75,128,128,-0.0234375,-0.06516261344632743,0.7695090010247367,0.060923165137614664,False,False,False
reversion,totals,pinnacle,mid,1,t50,49,49,1.4489795918367347,6.890714522079969,0.0,0.17899269799662987,False,True,False
reversion,totals,pinnacle,mid,1,t75,7,7,0.21428571428571427,0.8017837257372732,0.016947426762344637,0.36959370904325034,False,False,False
reversion,totals,pinnacle,high,0.5,t50,196,196,1.0841836734693877,2.062923322958666,1.0364468862038655e-183,0.13138925294888598,True,True,False
reversion,totals,pinnacle,high,0.5,t75,55,55,-0.01818181818181818,-0.047291520230276156,0.6371020284374121,0.3080900750625522,False,False,False
reversion,totals,pinnacle,high,1,t50,44,44,1.4318181818181819,4.5302016812419375,1.093019699675986e-198,0.15763135946622187,False,True,False
reversion,totals,pinnacle,high,1,t75,5,5,0.2,0.7302967433402214,0.051235217429874726,0.1504587155963303,False,False,False
reversion,totals,soft,all,0.5,t50,689,3088,0.7171020803096274,1.1804575582807948,4.2125927746999655e-211,0.06397064746058487,True,True,False
reversion,totals,soft,all,0.5,t75,506,1576,-0.080566534914361,-0.27308652635782593,0.9999999995949338,-0.00413852613772466,False,True,False
reversion,totals,soft,all,1,t50,199,565,1.3052763819095476,2.6926554971150627,5.18574167e-316,0.17122630733067173,True,True,False
reversion,totals,soft,all,1,t75,55,74,0.19090909090909092,0.8087003159368031,1.0020024876976695e-09,0.1818067100658451,True,True,False
reversion,totals,soft,low,0.5,t50,117,306,0.3215099715099715,0.8312265486979966,1.223954386739537e-19,0.004975851782350745,True,True,False
reversion,totals,soft,low,0.5,t75,165,431,-0.06005050505050506,-0.18621606827324996,0.9916213210088253,-0.06943307512827061,False,True,False
reversion,totals,soft,low,1,t50,9,11,0.37037037037037035,1.1189084777289187,0.00039435697003702586,0.1508849877563021,False,False,False
reversion,totals,soft,low,1,t75,13,20,0.23717948717948717,0.987456948464704,0.00018519687287935454,0.08899740497619937,False,True,False
reversion,totals,soft,mid,0.5,t50,415,1567,0.6770481927710844,1.1123407606055604,5.5459050061393416e-114,0.0813536623936319,True,True,False
reversion,totals,soft,mid,0.5,t75,324,803,-0.03487654320987654,-0.11602133352306651,0.9816183953525938,0.02954316954159724,False,True,False
reversion,totals,soft,mid,1,t50,96,275,1.342013888888889,2.9451393454441948,2.108568407068804e-183,0.17604194946975513,True,True,False
reversion,totals,soft,mid,1,t75,23,31,0.12681159420289853,0.5683054586986249,0.003210235723246767,0.06133754224445538,False,True,False
reversion,totals,soft,high,0.5,t50,278,1215,0.8611810551558752,1.3845831745586767,3.229141306906011e-118,0.08954204853434247,True,True,False
reversion,totals,soft,high,0.5,t75,145,342,-0.010057471264367818,-0.03390549457046954,0.6584645520298755,0.11484476119971772,False,False,False
reversion,totals,soft,high,1,t50,94,279,1.3572695035460993,3.1133220111440854,1.8762448799444873e-200,0.16825577787128151,True,True,False
reversion,totals,soft,high,1,t75,19,23,0.23684210526315788,0.976346606979197,1.0415319724346619e-05,0.39113891143728496,False,True,False
reversion,totals,majors,all,0.5,t50,653,1557,0.748468606431853,1.2158074525382352,3.2013310888449835e-212,0.03992023595179431,True,True,False
reversion,totals,majors,all,0.5,t75,459,804,-0.07153231663035585,-0.22067649382661095,0.9999988653741323,-0.018345837526315013,False,True,False
reversion,totals,majors,all,1,t50,148,284,1.3688063063063063,3.3499430883066887,0.0,0.1813639628000686,True,True,False
reversion,totals,majors,all,1,t75,32,37,0.1640625,0.7003515190866844,3.719552868518536e-05,0.1478990971674254,False,True,False
reversion,totals,majors,low,0.5,t50,99,163,0.3215488215488216,0.8118025599633399,3.3099165298027723e-16,-0.07217314502092735,True,True,False
reversion,totals,majors,low,0.5,t75,136,226,-0.056372549019607844,-0.16645095252588207,0.9738790472761941,-0.08450215902214252,False,True,False
reversion,totals,majors,low,1,t50,6,7,0.20833333333333334,0.847579379526013,0.01894064115769345,0.41346198455842975,False,False,False
reversion,totals,majors,low,1,t75,11,14,0.1590909090909091,0.6883951004425773,0.011210818447161765,0.11860739085682188,False,True,False
reversion,totals,majors,mid,0.5,t50,356,780,0.7221441947565544,1.1593132916657674,2.303450123727011e-106,0.06357945330110261,True,True,False
reversion,totals,majors,mid,0.5,t75,261,405,-0.051085568326947633,-0.1601011697213739,0.9951523821437913,-0.0033702605737042034,False,True,False
reversion,totals,majors,mid,1,t50,72,138,1.428240740740741,4.621160017048457,0.0,0.15021587108950948,True,True,False
reversion,totals,majors,mid,1,t75,11,11,0.13636363636363635,0.5838742081211422,0.02640375570805681,0.1095553053757388,False,False,False
reversion,totals,majors,high,0.5,t50,253,614,0.9202898550724639,1.5155477600534832,1.074455532153654e-128,0.08446393198093681,True,True,False
reversion,totals,majors,high,0.5,t75,114,173,-0.05043859649122807,-0.15270572173441302,0.948496887059436,0.07599256786915506,False,True,False
reversion,totals,majors,high,1,t50,70,139,1.4071428571428573,3.891572075681492,7.7502376467077945e-233,0.19350788383735557,True,True,False
reversion,totals,majors,high,1,t75,10,12,0.2,0.7745966692414835,0.007152939217714817,0.22229814507994444,False,True,False
reversion,totals,bovada,all,0.5,t50,513,513,0.9346978557504874,1.5526060065547012,3.338707774730328e-271,0.11368839220593491,True,True,False
reversion,totals,bovada,all,0.5,t75,254,254,-0.09448818897637795,-0.2626936857101362,0.9999858448084891,0.048785100132114734,False,True,False
reversion,totals,bovada,all,1,t50,89,89,1.398876404494382,3.774066502128854,5.972941033853493e-278,0.14751985767517478,True,True,False
reversion,totals,bovada,all,1,t75,10,10,0.25,0.9486832980505138,0.0013498980316300957,0.12118652140460262,False,True,False
reversion,totals,bovada,low,0.5,t50,61,61,0.3770491803278688,0.8318205079922998,4.104342344181872e-11,0.2310045137508082,True,True,False
reversion,totals,bovada,low,0.5,t75,73,73,-0.0958904109589041,-0.24725889328346573,0.9826816729750425,0.08431263726722814,False,False,False
reversion,totals,bovada,low,1,t50,1,1,0.5,0.0,,0.8771929824561403,False,False,False
reversion,totals,bovada,low,1,t75,3,3,0.3333333333333333,1.1547005383792512,0.02275013194817923,0.2592709650231774,False,True,False
reversion,totals,bovada,mid,0.5,t50,258,258,0.9302325581395349,1.512259337112621,1.235653797361439e-130,0.09713855227513443,True,True,False
reversion,totals,bovada,mid,0.5,t75,125,125,-0.104,-0.2975545075694774,0.9995606907799451,-0.019126564936475392,False,True,False
reversion,totals,bovada,mid,1,t50,42,42,1.4047619047619047,3.636241617876356,4.349820650227986e-123,0.12080995187453161,False,True,False
reversion,totals,bovada,mid,1,t75,5,5,0.3,1.0954451150103321,0.007152939217714829,0.1173189383715699,False,True,False
reversion,totals,bovada,high,0.5,t50,194,194,1.115979381443299,2.1786425805522125,1.463216657216095e-202,0.0988099143085599,True,True,False
reversion,totals,bovada,high,0.5,t75,56,56,-0.07142857142857142,-0.2044341289264315,0.9369724422562986,0.15406095589480193,False,False,False
reversion,totals,bovada,high,1,t50,46,46,1.4130434782608696,4.17605802754489,8.900405687138559e-177,0.15604470373704538,False,True,False
reversion,totals,bovada,high,1,t75,2,2,0.0,0.0,,-0.07627118644067798,False,False,False
continuation,totals,all,all,0.5,t50,695,3597,-0.710268927714971,-1.1716731635925854,1.0,-0.18875755410982165,False,True,False
continuation,totals,all,all,0.5,t75,512,1827,0.07865048363095238,0.27193166773629945,3.798873661648963e-10,-0.11717655830624829,True,True,False
continuation,totals,all,all,1,t50,208,660,-1.2826923076923078,-2.5812864619789706,1.0,-0.276593488384114,False,True,False
continuation,totals,all,all,1,t75,66,90,-0.19949494949494948,-0.8633564474285482,0.9999999999988415,-0.3247788368213718,False,True,False
continuation,totals,all,low,0.5,t50,121,353,-0.2976092089728453,-0.7652728252089389,1.0,-0.12069606057236737,False,True,False
continuation,totals,all,low,0.5,t75,170,499,0.060224089635854336,0.1905004228083092,0.006499044839937321,-0.05233925811306863,True,True,False
continuation,totals,all,low,1,t50,11,13,-0.3939393939393939,-1.3101936555072449,0.999993049552589,-0.30680310117710063,False,True,False
continuation,totals,all,low,1,t75,16,24,-0.234375,-1.0009065811397513,0.9999688105661098,-0.230737302367157,False,True,False
continuation,totals,all,mid,0.5,t50,428,1833,-0.6629700712060526,-1.0903667086212938,1.0,-0.20122838742760965,False,True,False
continuation,totals,all,mid,0.5,t75,338,931,0.029596365173288255,0.09931661002344158,0.03393163418484811,-0.1375204174054556,True,True,False
continuation,totals,all,mid,1,t50,100,324,-1.3238333333333332,-2.8569450093796602,1.0,-0.28085870010512903,False,True,False
continuation,totals,all,mid,1,t75,26,38,-0.15064102564102563,-0.693139950242145,0.9997955980353319,-0.2739041390312928,False,True,False
continuation,totals,all,high,0.5,t50,285,1411,-0.843968253968254,-1.359880149152316,1.0,-0.21284454781445108,False,True,False
continuation,totals,all,high,0.5,t75,151,397,-0.0008672343109429186,-0.0030114945876399675,0.5147598353402518,-0.2595163683707148,False,False,False
continuation,totals,all,high,1,t50,97,323,-1.3410652920962198,-2.955539394066062,1.0,-0.26877053051994537,False,True,False
continuation,totals,all,high,1,t75,24,28,-0.22916666666666666,-0.9408390494916471,0.9999979784189031,-0.4425874490634339,False,True,False
continuation,totals,pinnacle,all,0.5,t50,509,509,-0.9106090373280943,-1.4882582377969105,1.0,-0.2153349795425461,False,True,False
continuation,totals,pinnacle,all,0.5,t75,251,251,0.05179282868525897,0.14403200098160496,0.011247739307536444,-0.17866150078584744,True,True,False
continuation,totals,pinnacle,all,1,t50,95,95,-1.4210526315789473,-4.823752774751054,1.0,-0.2488652824722356,False,True,False
continuation,totals,pinnacle,all,1,t75,16,16,-0.21875,-0.8539125638299665,0.9996818504293798,-0.2809633027522936,False,True,False
continuation,totals,pinnacle,low,0.5,t50,47,47,-0.23404255319148937,-0.43321949563975887,0.9985110169021997,-0.1610384540308413,False,True,False
continuation,totals,pinnacle,low,0.5,t75,68,68,0.1323529411764706,0.40072575891998197,0.0004757820497200741,-0.09282245008094983,True,True,False
continuation,totals,pinnacle,low,1,t50,2,2,-0.5,0.0,,-0.5,False,True,False
continuation,totals,pinnacle,low,1,t75,4,4,-0.25,-0.8660254037844387,0.9583677416682248,-0.041284403669724745,False,False,False
continuation,totals,pinnacle,mid,0.5,t50,266,266,-0.9022556390977443,-1.5032973976539128,1.0,-0.22811616196454437,False,True,False
continuation,totals,pinnacle,mid,0.5,t75,128,128,0.0234375,0.06516261344632743,0.23049099897526323,-0.13381594036697247,False,False,False
continuation,totals,pinnacle,mid,1,t50,49,49,-1.4489795918367347,-6.890714522079969,1.0,-0.25145103913124883,False,True,False
continuation,totals,pinnacle,mid,1,t75,7,7,-0.21428571428571427,-0.8017837257372732,0.9830525732376554,-0.45216251638269994,False,False,False
continuation,totals,pinnacle,high,0.5,t50,196,196,-1.0841836734693877,-2.062923322958666,1.0,-0.21100917431192664,False,True,False
continuation,totals,pinnacle,high,0.5,t75,55,55,0.01818181818181818,0.047291520230276156,0.36289797156258785,-0.3891576313594661,False,False,False
continuation,totals,pinnacle,high,1,t50,44,44,-1.4318181818181819,-4.5302016812419375,1.0,-0.23457047539616346,False,True,False
continuation,totals,pinnacle,high,1,t75,5,5,-0.2,-0.7302967433402214,0.9487647825701253,-0.2330275229357798,False,False,False
continuation,totals,soft,all,0.5,t50,689,3088,-0.7171020803096274,-1.1804575582807948,1.0,-0.18492632187430877,False,True,False
continuation,totals,soft,all,0.5,t75,506,1576,0.080566534914361,0.27308652635782593,4.0506621137138036e-10,-0.11356739686427833,True,True,False
continuation,totals,soft,all,1,t50,199,565,-1.3052763819095476,-2.6926554971150627,1.0,-0.28916949032329153,False,True,False
continuation,totals,soft,all,1,t75,55,74,-0.19090909090909092,-0.8087003159368031,0.9999999989979975,-0.29590098832019,False,True,False
continuation,totals,soft,low,0.5,t50,117,306,-0.3215099715099715,-0.8312265486979966,1.0,-0.12843246862321497,False,True,False
continuation,totals,soft,low,0.5,t75,165,431,0.06005050505050506,0.18621606827324996,0.008378678991174752,-0.04998164229652005,True,True,False
continuation,totals,soft,low,1,t50,9,11,-0.37037037037037035,-1.1189084777289187,0.999605643029963,-0.26387045699423406,False,False,False
continuation,totals,soft,low,1,t75,13,20,-0.23717948717948717,-0.987456948464704,0.9998148031271207,-0.20201329860539166,False,True,False
continuation,totals,soft,mid,0.5,t50,415,1567,-0.6770481927710844,-1.1123407606055604,1.0,-0.19989319125550445,False,True,False
continuation,totals,soft,mid,0.5,t75,324,803,0.03487654320987654,0.11602133352306651,0.01838160464740625,-0.1454070059445814,True,True,False
continuation,totals,soft,mid,1,t50,96,275,-1.342013888888889,-2.9451393454441948,1.0,-0.2926940120964319,False,True,False
continuation,totals,soft,mid,1,t75,23,31,-0.12681159420289853,-0.5683054586986249,0.9967897642767533,-0.18223566577812367,False,True,False
continuation,totals,soft,high,0.5,t50,278,1215,-0.8611810551558752,-1.3845831745586767,1.0,-0.2141901597334407,False,True,False
continuation,totals,soft,high,0.5,t75,145,342,0.010057471264367818,0.03390549457046954,0.3415354479701245,-0.23719828268609625,False,False,False
continuation,totals,soft,high,1,t50,94,279,-1.3572695035460993,-3.1133220111440854,1.0,-0.28799222659712165,False,True,False
continuation,totals,soft,high,1,t75,19,23,-0.23684210526315788,-0.976346606979197,0.9999895846802757,-0.4977347980443956,False,True,False
continuation,totals,majors,all,0.5,t50,653,1557,-0.748468606431853,-1.2158074525382352,1.0,-0.16127922976373163,False,True,False
continuation,totals,majors,all,0.5,t75,459,804,0.07153231663035585,0.22067649382661095,1.1346258677545681e-06,-0.10085140260451886,True,True,False
continuation,totals,majors,all,1,t50,148,284,-1.3688063063063063,-3.3499430883066887,1.0,-0.29897164647745794,False,True,False
continuation,totals,majors,all,1,t75,32,37,-0.1640625,-0.7003515190866844,0.9999628044713148,-0.262755845714515,False,True,False
continuation,totals,majors,low,0.5,t50,99,163,-0.3215488215488216,-0.8118025599633399,0.9999999999999997,-0.052499581174356075,False,True,False
continuation,totals,majors,low,0.5,t75,136,226,0.056372549019607844,0.16645095252588207,0.026120952723805917,-0.03487467652212299,True,True,False
continuation,totals,majors,low,1,t50,6,7,-0.20833333333333334,-0.847579379526013,0.9810593588423066,-0.523581429624171,False,False,False
continuation,totals,majors,low,1,t75,11,14,-0.1590909090909091,-0.6883951004425773,0.9887891815528382,-0.22597061438640778,False,True,False
continuation,totals,majors,mid,0.5,t50,356,780,-0.7221441947565544,-1.1593132916657674,1.0,-0.18220112210734027,False,True,False
continuation,totals,majors,mid,0.5,t75,261,405,0.051085568326947633,0.1601011697213739,0.004847617856208713,-0.11433974735998925,True,True,False
continuation,totals,majors,mid,1,t50,72,138,-1.428240740740741,-4.621160017048457,1.0,-0.26684244815295505,False,True,False
continuation,totals,majors,mid,1,t75,11,11,-0.13636363636363635,-0.5838742081211422,0.9735962442919432,-0.23314984007905243,False,False,False
continuation,totals,majors,high,0.5,t50,253,614,-0.9202898550724639,-1.5155477600534832,1.0,-0.20881252820291768,False,True,False
continuation,totals,majors,high,0.5,t75,114,173,0.05043859649122807,0.15270572173441302,0.05150311294056393,-0.2000175163214902,False,True,False
continuation,totals,majors,high,1,t50,70,139,-1.4071428571428573,-3.891572075681492,1.0,-0.31276655477008547,False,True,False
continuation,totals,majors,high,1,t75,10,12,-0.2,-0.7745966692414835,0.9928470607822851,-0.3357862063744416,False,True,False
continuation,totals,bovada,all,0.5,t50,513,513,-0.9346978557504874,-1.5526060065547012,1.0,-0.235475789241402,False,True,False
continuation,totals,bovada,all,0.5,t75,254,254,0.09448818897637795,0.2626936857101362,1.4155191510882742e-05,-0.16381637146675668,True,True,False
continuation,totals,bovada,all,1,t50,89,89,-1.398876404494382,-3.774066502128854,1.0,-0.2688790232258306,False,True,False
continuation,totals,bovada,all,1,t75,10,10,-0.25,-0.9486832980505138,0.9986501019683699,-0.25038368562709334,False,True,False
continuation,totals,bovada,low,0.5,t50,61,61,-0.3770491803278688,-0.8318205079922998,0.9999999999589566,-0.3529696928259942,False,True,False
continuation,totals,bovada,low,0.5,t75,73,73,0.0958904109589041,0.24725889328346573,0.017318327024957458,-0.19653649640989507,True,False,False
continuation,totals,bovada,low,1,t50,1,1,-0.5,0.0,,-1.0,False,False,False
continuation,totals,bovada,low,1,t75,3,3,-0.3333333333333333,-1.1547005383792512,0.9772498680518208,-0.37931034482758624,False,True,False
continuation,totals,bovada,mid,0.5,t50,258,258,-0.9302325581395349,-1.512259337112621,1.0,-0.21363642705357866,False,True,False
continuation,totals,bovada,mid,0.5,t75,125,125,0.104,0.2975545075694774,0.00043930922005487334,-0.09254940833546682,True,True,False
continuation,totals,bovada,mid,1,t50,42,42,-1.4047619047619047,-3.636241617876356,1.0,-0.23162326692399782,False,True,False
continuation,totals,bovada,mid,1,t75,5,5,-0.3,-1.0954451150103321,0.9928470607822851,-0.2533613445378151,False,True,False
continuation,totals,bovada,high,0.5,t50,194,194,-1.115979381443299,-2.1786425805522125,1.0,-0.2275759300960324,False,True,False
continuation,totals,bovada,high,0.5,t75,56,56,0.07142857142857142,0.2044341289264315,0.0630275577437014,-0.280241394155366,False,False,False
continuation,totals,bovada,high,1,t50,46,46,-1.4130434782608696,-4.17605802754489,1.0,-0.28700121426719605,False,True,False
continuation,totals,bovada,high,1,t75,2,2,0.0,0.0,,-0.04954954954954954,False,False,False
sharp_convergence,totals,all,all,0.5,t50,454,1457,0.14443832599118944,0.21831374611174026,1.6462789065108307e-06,-0.03835568915954781,True,True,False
sharp_convergence,totals,all,all,0.5,t75,468,1644,0.07482193732193732,0.22741375574358608,4.333588049180139e-07,-0.027720486446205048,True,True,False
sharp_convergence,totals,all,all,1,t50,90,141,0.20601851851851855,0.7538511043342081,4.28675055913079e-13,0.08417894536279633,True,True,False
sharp_convergence,totals,all,all,1,t75,139,260,0.16276978417266186,0.7361820686537175,1.988286198422477e-18,0.04665201111894762,True,True,False
sharp_convergence,totals,all,low,0.5,t50,110,309,0.03621212121212121,0.08975051907496123,0.17327265495398364,-0.06196712197520944,False,False,False
sharp_convergence,totals,all,low,0.5,t75,138,376,0.04577294685990338,0.14420377531873643,0.04513161579639625,-0.11926567328641047,False,True,False
sharp_convergence,totals,all,low,1,t50,24,38,0.1597222222222222,0.7829488280802139,6.261625971742659e-05,0.06195243957331172,False,True,False
sharp_convergence,totals,all,low,1,t75,35,64,0.15714285714285714,0.6995668135432797,1.746449221954756e-05,-0.08756358270463704,False,True,False
sharp_convergence,totals,all,mid,0.5,t50,269,736,0.1322800495662949,0.21490630199172092,0.00021196097582981872,-0.01407748054629691,True,True,False
sharp_convergence,totals,all,mid,0.5,t75,299,849,0.0822463768115942,0.2569412837620983,4.43709943997696e-06,0.06093088635043372,True,True,False
sharp_convergence,totals,all,mid,1,t50,48,78,0.22829861111111108,0.7213071971931354,2.905982269004874e-07,0.05359963313887175,False,True,False
sharp_convergence,totals,all,mid,1,t75,76,146,0.16173245614035087,0.7246437661429106,1.330880991288678e-10,0.018543745337680797,True,True,False
sharp_convergence,totals,all,high,0.5,t50,150,412,0.25405555555555553,0.34084422216348464,1.4933888917714938e-05,0.0028828666519174996,True,True,False
sharp_convergence,totals,all,high,0.5,t75,153,419,0.12336601307189543,0.3937555868290191,5.566158669930518e-07,-0.07389990996129156,True,True,False
sharp_convergence,totals,all,high,1,t50,18,25,0.20833333333333334,0.9023171533395162,6.453996531126399e-05,0.19535911901257455,False,True,False
sharp_convergence,totals,all,high,1,t75,29,50,0.16954022988505746,0.7790324579028279,1.3630452693963594e-05,0.30033899532182234,False,True,False
sharp_convergence,totals,soft,all,0.5,t50,454,1457,0.14443832599118944,0.21831374611174026,1.6462789065108307e-06,-0.03835568915954781,True,True,False
sharp_convergence,totals,soft,all,0.5,t75,468,1644,0.07482193732193732,0.22741375574358608,4.333588049180139e-07,-0.027720486446205048,True,True,False
sharp_convergence,totals,soft,all,1,t50,90,141,0.20601851851851855,0.7538511043342081,4.28675055913079e-13,0.08417894536279633,True,True,False
sharp_convergence,totals,soft,all,1,t75,139,260,0.16276978417266186,0.7361820686537175,1.988286198422477e-18,0.04665201111894762,True,True,False
sharp_convergence,totals,soft,low,0.5,t50,110,309,0.03621212121212121,0.08975051907496123,0.17327265495398364,-0.06196712197520944,False,False,False
sharp_convergence,totals,soft,low,0.5,t75,138,376,0.04577294685990338,0.14420377531873643,0.04513161579639625,-0.11926567328641047,False,True,False
sharp_convergence,totals,soft,low,1,t50,24,38,0.1597222222222222,0.7829488280802139,6.261625971742659e-05,0.06195243957331172,False,True,False
sharp_convergence,totals,soft,low,1,t75,35,64,0.15714285714285714,0.6995668135432797,1.746449221954756e-05,-0.08756358270463704,False,True,False
sharp_convergence,totals,soft,mid,0.5,t50,269,736,0.1322800495662949,0.21490630199172092,0.00021196097582981872,-0.01407748054629691,True,True,False
sharp_convergence,totals,soft,mid,0.5,t75,299,849,0.0822463768115942,0.2569412837620983,4.43709943997696e-06,0.06093088635043372,True,True,False
sharp_convergence,totals,soft,mid,1,t50,48,78,0.22829861111111108,0.7213071971931354,2.905982269004874e-07,0.05359963313887175,False,True,False
sharp_convergence,totals,soft,mid,1,t75,76,146,0.16173245614035087,0.7246437661429106,1.330880991288678e-10,0.018543745337680797,True,True,False
sharp_convergence,totals,soft,high,0.5,t50,150,412,0.25405555555555553,0.34084422216348464,1.4933888917714938e-05,0.0028828666519174996,True,True,False
sharp_convergence,totals,soft,high,0.5,t75,153,419,0.12336601307189543,0.3937555868290191,5.566158669930518e-07,-0.07389990996129156,True,True,False
sharp_convergence,totals,soft,high,1,t50,18,25,0.20833333333333334,0.9023171533395162,6.453996531126399e-05,0.19535911901257455,False,True,False
sharp_convergence,totals,soft,high,1,t75,29,50,0.16954022988505746,0.7790324579028279,1.3630452693963594e-05,0.30033899532182234,False,True,False
sharp_convergence,totals,majors,all,0.5,t50,386,734,0.14378238341968913,0.23044244720711599,2.9846227107711034e-06,-0.0893422464349902,True,True,False
sharp_convergence,totals,majors,all,0.5,t75,422,829,0.06615323854660347,0.19629959961943985,2.7591929899898552e-05,-0.06298156841786987,True,True,False
sharp_convergence,totals,majors,all,1,t50,57,75,0.21052631578947367,0.8609210103376153,4.021046743527993e-11,0.034586752135445174,True,True,False
sharp_convergence,totals,majors,all,1,t75,107,136,0.16121495327102803,0.6204497879348891,6.904605774138737e-11,0.0026991060202395333,True,True,False
sharp_convergence,totals,majors,low,0.5,t50,92,157,0.07880434782608696,0.18750036367109044,0.03605362989156377,-0.1404491429214382,True,True,False
sharp_convergence,totals,majors,low,0.5,t75,116,194,0.06824712643678162,0.19974519306505772,0.015725413516163356,-0.15068846660372043,True,True,False
sharp_convergence,totals,majors,low,1,t50,19,26,0.17105263157894737,0.8343319721890883,0.00013803978729420426,-0.05956423592747458,False,True,False
sharp_convergence,totals,majors,low,1,t75,30,38,0.15833333333333333,0.682576078073866,9.251542354360441e-05,-0.15646057428930069,False,True,False
sharp_convergence,totals,majors,mid,0.5,t50,215,372,0.11589147286821705,0.19272365122323043,0.0023575208751281666,-0.06654819084635703,True,True,False
sharp_convergence,totals,majors,mid,0.5,t75,247,426,0.0465587044534413,0.14361806533545757,0.011999818031860952,0.014842882766398589,True,True,False
sharp_convergence,totals,majors,mid,1,t50,25,31,0.24,0.8452328700725987,1.1885420291996664e-05,0.12190443558496465,False,True,False
sharp_convergence,totals,majors,mid,1,t75,57,73,0.18421052631578946,0.6836534555982207,1.2250881793015187e-07,0.02599067053328666,True,True,False
sharp_convergence,totals,majors,high,0.5,t50,116,205,0.264367816091954,0.3689471061847859,3.5385025979135944e-05,-0.042386193888591266,True,True,False
sharp_convergence,totals,majors,high,0.5,t75,123,209,0.11314363143631435,0.32645496254134443,0.00014698264796794962,-0.11914679408974972,True,True,False
sharp_convergence,totals,majors,high,1,t50,13,18,0.21153846153846154,0.9415130835240085,0.00034355219217830854,0.004273420362944254,False,False,False
sharp_convergence,totals,majors,high,1,t75,20,25,0.1,0.36514837167011077,0.051235217429874684,0.17505766762236558,False,False,False
sharp_convergence,totals,bovada,all,0.5,t50,238,238,0.09033613445378151,0.14282811448160637,0.01378170563922133,0.0064870657778358385,True,True,False
sharp_convergence,totals,bovada,all,0.5,t75,259,259,0.05791505791505792,0.15266216671399635,0.007007766050138137,-0.010999193141966805,True,True,False
sharp_convergence,totals,bovada,all,1,t50,25,25,0.14,0.4562253751385975,0.011270470106817148,0.24103828309097244,False,True,False
sharp_convergence,totals,bovada,all,1,t75,42,42,0.17857142857142858,0.670199520307317,7.01505925439165e-06,0.033368507915766545,False,True,False
sharp_convergence,totals,bovada,low,0.5,t50,61,61,0.02459016393442623,0.055654572375590246,0.33189877222508934,0.030742937902423124,False,False,False
sharp_convergence,totals,bovada,low,0.5,t75,60,60,-0.008333333333333333,-0.02105095144422754,0.5647643908937843,-0.015845427683624676,False,False,False
sharp_convergence,totals,bovada,low,1,t50,7,7,0.14285714285714285,0.5855400437691198,0.060667625179241125,0.35514573540297517,False,True,False
sharp_convergence,totals,bovada,low,1,t75,10,10,0.15,0.44447831849231534,0.07992683741881372,0.413445844499166,False,False,False
sharp_convergence,totals,bovada,mid,0.5,t50,116,116,0.08620689655172414,0.13536964593842313,0.07242361964816445,-0.000937896208668511,False,True,False
sharp_convergence,totals,bovada,mid,0.5,t75,126,126,0.08333333333333333,0.23024123499814067,0.004876701715802164,0.015253019313392254,True,True,False
sharp_convergence,totals,bovada,mid,1,t50,16,16,0.15625,0.44379475156045395,0.037934167497195075,0.11297022188265324,False,True,False
sharp_convergence,totals,bovada,mid,1,t75,22,22,0.1590909090909091,0.6674238124719146,0.0008725593497644524,-0.1405675394978125,False,True,False
sharp_convergence,totals,bovada,high,0.5,t50,61,61,0.16393442622950818,0.2120492188016249,0.04884497967307847,-0.003649206503562917,False,True,False
sharp_convergence,totals,bovada,high,0.5,t75,73,73,0.0684931506849315,0.17399199916187355,0.06856179089972143,-0.05232802460601847,False,False,False
sharp_convergence,totals,bovada,high,1,t50,2,2,0.0,0.0,,0.8662066896655167,False,False,False
sharp_convergence,totals,bovada,high,1,t75,10,10,0.25,0.9486832980505138,0.0013498980316300957,0.035950475642241075,False,True,False
placebo,totals,all,all,na,open,700,4894,-0.34086734693877546,-0.9065049875028354,1.0,-0.043015106222947595,False,True,True
placebo,totals,all,low,na,open,167,1118,-0.33918591388651276,-0.9635628555207539,1.0,-0.057195118162273205,False,True,True
placebo,totals,all,mid,na,open,375,2542,-0.33366031746031743,-0.8966272491595118,1.0,-0.07035832923251158,False,True,True
placebo,totals,all,high,na,open,180,1234,-0.3537566137566138,-0.8435288894529875,1.0,-0.004591428295477659,False,True,True
placebo,totals,pinnacle,all,na,open,700,700,-0.3264285714285714,-0.6787721670925585,1.0,-0.02141546526867627,False,True,True
placebo,totals,pinnacle,low,na,open,158,158,-0.3069620253164557,-0.6378353069012092,0.9999999999999994,-0.009116246661247251,False,True,True
placebo,totals,pinnacle,mid,na,open,363,363,-0.32920110192837465,-0.7188937867929963,1.0,-0.04923294664745874,False,True,True
placebo,totals,pinnacle,high,na,open,179,179,-0.33798882681564246,-0.6422165649203476,1.0,0.024140228589001052,False,True,True
placebo,totals,soft,all,na,open,700,4194,-0.34323809523809523,-0.9053627205308011,1.0,-0.04662123234814456,False,True,True
placebo,totals,soft,low,na,open,166,960,-0.34231927710843374,-0.9680100686894791,1.0,-0.05438227495834127,False,True,True
placebo,totals,soft,mid,na,open,375,2179,-0.3355333333333333,-0.888564236417176,1.0,-0.07390214357592398,False,True,True
placebo,totals,soft,high,na,open,179,1055,-0.35251396648044697,-0.8437671996190672,1.0,-0.013707273514113981,False,True,True
placebo,totals,majors,all,na,open,700,2095,-0.33630952380952384,-0.8432607393523568,1.0,-0.04654012611409223,False,True,True
placebo,totals,majors,low,na,open,164,478,-0.3445121951219512,-0.9074558778553891,1.0,-0.04287230472015416,False,True,True
placebo,totals,majors,mid,na,open,374,1094,-0.3166221033868093,-0.7894434547991889,1.0,-0.07765586781317248,False,True,True
placebo,totals,majors,high,na,open,179,523,-0.3663873370577282,-0.8581067941676883,1.0,-0.014573872949729817,False,True,True
placebo,totals,bovada,all,na,open,700,700,-0.3492857142857143,-0.7192426061602695,1.0,-0.049673298268011826,False,True,True
placebo,totals,bovada,low,na,open,160,160,-0.3625,-0.8021064214406947,1.0,-0.05109969988754191,False,True,True
placebo,totals,bovada,mid,na,open,364,364,-0.3434065934065934,-0.7114478229194732,1.0,-0.06692558065823997,False,True,True
placebo,totals,bovada,high,na,open,176,176,-0.3494318181818182,-0.6688820963834394,1.0,-0.012695712761376165,False,True,True
static_home,h2h,all,all,na,open,700,4900,-0.0004724352916544194,-0.051052335192294476,0.9116070803791884,-0.13849785249929994,False,True,False
static_home,h2h,pinnacle,all,na,open,700,700,-0.00018937089866508398,-0.00824809715023763,0.5863727607609466,-0.12094693700840091,False,False,False
static_home,h2h,soft,all,na,open,700,4200,-0.0005196126904859753,-0.052731818242701685,0.9185151123974776,-0.14142300508111647,False,True,False
static_home,h2h,majors,all,na,open,700,2100,-0.0003904826486053116,-0.028217141978919842,0.7723340117842927,-0.14164909430124012,False,True,False
static_home,h2h,bovada,all,na,open,700,700,-0.0013797504958626722,-0.06069961841516129,0.9458587548924504,-0.14154098085025513,False,True,False
static_away,h2h,all,all,na,open,700,4900,0.0004724352916544202,0.05105233519229455,0.08839291962081135,-0.013113290585720583,False,True,False
static_away,h2h,pinnacle,all,na,open,700,700,0.00018937089866508612,0.008248097150237723,0.41362723923905254,0.007530255892528808,False,False,False
static_away,h2h,soft,all,na,open,700,4200,0.0005196126904859758,0.05273181824270173,0.0814848876025222,-0.016553881665428823,False,True,False
static_away,h2h,majors,all,na,open,700,2100,0.00039048264860531176,0.028217141978919856,0.22766598821570724,-0.01670472933861306,False,True,False
static_away,h2h,bovada,all,na,open,700,700,0.001379750495862674,0.06069961841516137,0.05414124510754938,-0.016283477920867862,False,True,False
reversion,h2h,all,all,0.02,t50,590,1149,0.0009345442487382285,0.07253634211429437,0.0390429597516546,-0.07821892346397263,True,False,False
reversion,h2h,all,all,0.02,t75,659,1644,0.0006876202873131305,0.07981082090493705,0.02023970272363235,-0.008351822403155547,True,True,False
reversion,h2h,all,all,0.04,t50,72,78,0.006517274355856018,0.37886410239924806,0.0006527487719048627,-0.1528013700115819,True,True,False
reversion,h2h,all,all,0.04,t75,178,200,0.0018631978471766153,0.18074925694008498,0.007943615980497755,0.055564014315877326,True,True,False
reversion,h2h,pinnacle,all,0.02,t50,147,147,0.0012906016996655201,0.07850574842520167,0.17059119288063085,0.0011639844965967633,False,False,False
reversion,h2h,pinnacle,all,0.02,t75,231,231,0.0003815812224013285,0.03230408634669122,0.3117204361870571,0.1128971541397853,False,False,False
reversion,h2h,pinnacle,all,0.04,t50,9,9,0.013622633296137245,0.7115146705909217,0.01639913747439576,-0.13991393118493287,False,True,False
reversion,h2h,pinnacle,all,0.04,t75,27,27,0.00014629921115907166,0.016598703199993618,0.46563408397121414,0.27761354728224164,False,False,False
reversion,h2h,soft,all,0.02,t50,560,1002,0.0010261766443214063,0.0794070777885048,0.03011443510229992,-0.0883307562726939,True,True,False
reversion,h2h,soft,all,0.02,t75,636,1413,0.0007189709209733255,0.07874328374770505,0.023526098602063845,-0.03410155974399062,True,True,False
reversion,h2h,soft,all,0.04,t50,63,69,0.005502223078672985,0.3269610078575134,0.004727172162386577,-0.15464243270110323,True,True,False
reversion,h2h,soft,all,0.04,t75,159,173,0.0021586759639687708,0.20071919691980344,0.005687333923996312,0.015146154373362229,True,True,False
reversion,h2h,majors,all,0.02,t50,396,505,0.00027628716104767195,0.01788629852575211,0.3609454282458471,-0.10506083361521018,False,False,False
reversion,h2h,majors,all,0.02,t75,492,721,0.0005081198709959187,0.04861633796101903,0.1404359982609729,-0.005293802529950638,False,False,False
reversion,h2h,majors,all,0.04,t50,27,27,0.00836692815940887,0.43137356113430825,0.012497410033843116,-0.005418662260588226,False,True,False
reversion,h2h,majors,all,0.04,t75,90,95,0.0018836704042193432,0.1563706533344356,0.06897581667252209,0.03210428091856662,False,False,False
reversion,h2h,bovada,all,0.02,t50,161,161,0.002275460894485954,0.15309848180077473,0.026032135100728066,-0.10194750472241089,True,True,False
reversion,h2h,bovada,all,0.02,t75,243,243,0.001144202530814868,0.09784617196783242,0.06359577509073817,0.016049865826278167,False,False,False
reversion,h2h,bovada,all,0.04,t50,14,14,0.010998783260288664,0.8499897602943721,0.0007354344080081146,-0.10589571755475645,False,True,False
reversion,h2h,bovada,all,0.04,t75,20,20,0.0057343387016787015,0.5474538049597452,0.007176846683660513,-0.24284530583214795,False,True,False
continuation,h2h,all,all,0.02,t50,590,1149,-0.000934544248738228,-0.07253634211429431,0.9609570402483453,-0.07178473939744509,False,False,False
continuation,h2h,all,all,0.02,t75,659,1644,-0.0006876202873131312,-0.0798108209049371,0.9797602972763677,-0.13401188937120873,False,True,False
continuation,h2h,all,all,0.04,t50,72,78,-0.006517274355856019,-0.378864102399248,0.9993472512280951,0.01907297677382838,False,True,False
continuation,h2h,all,all,0.04,t75,178,200,-0.0018631978471766182,-0.18074925694008515,0.9920563840195022,-0.16883737777415836,False,True,False
continuation,h2h,pinnacle,all,0.02,t50,147,147,-0.0012906016996655175,-0.0785057484252015,0.8294088071193686,-0.12478394670539483,False,False,False
continuation,h2h,pinnacle,all,0.02,t75,231,231,-0.00038158122240132823,-0.03230408634669119,0.6882795638129426,-0.20221829616464254,False,False,False
continuation,h2h,pinnacle,all,0.04,t50,9,9,-0.013622633296137257,-0.7115146705909219,0.9836008625256043,-0.03852520067094742,False,True,False
continuation,h2h,pinnacle,all,0.04,t75,27,27,-0.00014629921115907782,-0.01659870319999432,0.5343659160287872,-0.3406188252922058,False,False,False
continuation,h2h,soft,all,0.02,t50,560,1002,-0.0010261766443214059,-0.07940707778850475,0.9698855648977001,-0.06342666756310339,False,True,False
continuation,h2h,soft,all,0.02,t75,636,1413,-0.0007189709209733263,-0.07874328374770515,0.9764739013979363,-0.11719421186917457,False,True,False
continuation,h2h,soft,all,0.04,t50,63,69,-0.005502223078672986,-0.3269610078575135,0.9952728278376134,0.027301287837367797,False,True,False
continuation,h2h,soft,all,0.04,t75,159,173,-0.002158675963968774,-0.20071919691980364,0.9943126660760038,-0.13810483690240435,False,True,False
continuation,h2h,majors,all,0.02,t50,396,505,-0.00027628716104767265,-0.017886298525752155,0.6390545717541531,-0.03857491819125765,False,False,False
continuation,h2h,majors,all,0.02,t75,492,721,-0.0005081198709959199,-0.04861633796101914,0.8595640017390277,-0.14083877668947342,False,False,False
continuation,h2h,majors,all,0.04,t50,27,27,-0.008366928159408874,-0.4313735611343086,0.9875025899661569,-0.12814455418033543,False,True,False
continuation,h2h,majors,all,0.04,t75,90,95,-0.001883670404219347,-0.15637065333443587,0.9310241833274783,-0.12287145494610148,False,False,False
continuation,h2h,bovada,all,0.02,t50,161,161,-0.00227546089448595,-0.15309848180077448,0.9739678648992717,-0.014409953827905506,False,True,False
continuation,h2h,bovada,all,0.02,t75,243,243,-0.0011442025308148651,-0.09784617196783214,0.9364042249092613,-0.1560423886725143,False,False,False
continuation,h2h,bovada,all,0.04,t50,14,14,-0.010998783260288667,-0.8499897602943722,0.9992645655919918,-0.010049664388024127,False,True,False
continuation,h2h,bovada,all,0.04,t75,20,20,-0.005734338701678715,-0.5474538049597462,0.9928231533163395,0.03839783765785941,False,True,False
sharp_convergence,h2h,all,all,0.02,t50,624,1566,0.0005432849233549617,0.04513717142975238,0.12976003880492248,-0.09827359127666951,False,True,False
sharp_convergence,h2h,all,all,0.02,t75,668,1976,9.142984071164147e-05,0.01112972006147459,0.38680528157318694,-0.06972250660898695,False,True,False
sharp_convergence,h2h,all,all,0.04,t50,219,347,0.0027139027020151763,0.17480800237033517,0.004841872748462714,-0.10655222426454133,True,False,False
sharp_convergence,h2h,all,all,0.04,t75,373,631,0.0008561795387273315,0.08774018924744449,0.045080929911382496,-0.09943326237353958,False,True,False
sharp_convergence,h2h,soft,all,0.02,t50,624,1566,0.0005432849233549617,0.04513717142975238,0.12976003880492248,-0.09827359127666951,False,True,False
sharp_convergence,h2h,soft,all,0.02,t75,668,1976,9.142984071164147e-05,0.01112972006147459,0.38680528157318694,-0.06972250660898695,False,True,False
sharp_convergence,h2h,soft,all,0.04,t50,219,347,0.0027139027020151763,0.17480800237033517,0.004841872748462714,-0.10655222426454133,True,False,False
sharp_convergence,h2h,soft,all,0.04,t75,373,631,0.0008561795387273315,0.08774018924744449,0.045080929911382496,-0.09943326237353958,False,True,False
sharp_convergence,h2h,majors,all,0.02,t50,496,770,0.0007549533060632247,0.051354885178537986,0.12636831210158142,-0.06856166733921447,False,False,False
sharp_convergence,h2h,majors,all,0.02,t75,571,992,0.00019738225677268337,0.02021916064818249,0.31449493579039434,-0.04431544093675015,False,False,False
sharp_convergence,h2h,majors,all,0.04,t50,134,167,0.00316009350402079,0.18502816003522568,0.016102543663994447,-0.11310232047660697,True,True,False
sharp_convergence,h2h,majors,all,0.04,t75,250,320,0.0013383146414031404,0.1215702410526097,0.027290657705085285,-0.13795408591442862,True,True,False
sharp_convergence,h2h,bovada,all,0.02,t50,264,264,-0.00040832679600000737,-0.023251499316132414,0.6472074959669114,-0.09304921158890918,False,True,False
sharp_convergence,h2h,bovada,all,0.02,t75,316,316,0.00034092953276549997,0.028669748527956878,0.305150236744149,-0.10123559044787818,False,False,False
sharp_convergence,h2h,bovada,all,0.04,t50,66,66,0.0021861734310467743,0.15704182801363287,0.10101066664794436,-0.031166406650223112,False,False,False
sharp_convergence,h2h,bovada,all,0.04,t75,100,100,-0.0007999384044348224,-0.06535610344659408,0.7433026724277793,-0.023477532116828854,False,False,False
placebo,h2h,all,all,na,open,700,4900,-0.00010425400604117023,-0.011251943174256365,0.617033330642488,-0.0628653576232542,False,False,True
placebo,h2h,pinnacle,all,na,open,700,700,0.00013057413603137526,0.005687087734603113,0.44019840847318614,-0.04355136694190247,False,False,True
placebo,h2h,soft,all,na,open,700,4200,-0.00014339202971992772,-0.014533161566031948,0.6497002435676791,-0.06608435607014614,False,False,True
placebo,h2h,majors,all,na,open,700,2100,6.835274281472855e-05,0.0049374130195010925,0.4480333442988804,-0.06652217062012336,False,False,True
placebo,h2h,bovada,all,na,open,700,700,4.407211301039993e-05,0.0019353091622878753,0.479581694389194,-0.06496439418811815,False,False,True
