kind,market,book_group,season,n,n_brier,brier,log_loss,over_rate,implied_over_rate,calib_bias,calib_z,calib_p,mean_vig,mean_dist_to_sharp,line_mae,line_rmse,push_rate,n_line,calib_fdr_survive,favorite_rate,tie_rate,strategy,line_bucket,roi,sharpe,roi_p,roi_fdr_survive,season_sign_consistent
efficiency,totals_1st_5_innings,all,2023,8882,8560.0,0.243724768091372,0.6793500467260787,0.5157710280373832,0.5087019585095214,0.007069069527861793,1.3087155985926024,0.19063070589284392,0.06027376224483034,0.011914990212088299,2.7467912632290026,3.534849183208489,0.03625309614951588,8882.0,,,,,,,,,,
efficiency,totals_1st_5_innings,all,2024,15769,15023.0,0.24890840869990052,0.6909575002225258,0.4941755974172935,0.49814376478417594,-0.003968167366882436,-0.9728094444753974,0.3306480178645701,0.05857581184225929,,2.535544422601306,3.28280503973525,0.047308009385503204,15769.0,,,,,,,,,,
efficiency,totals_1st_5_innings,all,2025,10240,9758.0,0.2501683308991497,0.6934852323376799,0.485447837671654,0.5005638964637544,-0.015116058792100429,-2.987672502392762,0.00281110604558923,0.06166359955653346,,2.5357421875,3.2931480711850782,0.0470703125,10240.0,,,,,,,,,,
efficiency,totals_1st_5_innings,all,2026,6467,6185.0,0.24933056837226678,0.6918076274162233,0.5091350040420372,0.5001211454471365,0.00901385859490067,1.4180223722598,0.15618423316759425,0.06151461827665245,,2.5078088758311425,3.250590221292676,0.04360599969073759,6467.0,,,,,,,,,,
efficiency,totals_1st_5_innings,all,pooled,41358,39526.0,0.2481629099088479,0.6892007791969503,0.49903860749886153,0.5013372041056022,-0.0022985966067406993,-0.9139764232017447,0.36072923439747273,0.060164510591740016,0.011914990212088299,2.576623627835002,3.3361308923969952,0.04429614584844528,41358.0,False,,,,,,,,,
efficiency,totals_1st_5_innings,pinnacle,2023,6,5.0,0.2454697750211227,0.6840795801616463,0.4,0.4934705111132519,-0.09347051111325189,-0.4266325616522114,0.6696469771478069,0.03351162497966598,0.0,4.083333333333333,5.748188120326844,0.16666666666666666,6.0,,,,,,,,,,
efficiency,totals_1st_5_innings,pinnacle,pooled,6,5.0,0.2454697750211227,0.6840795801616463,0.4,0.4934705111132519,-0.09347051111325189,-0.4266325616522114,0.6696469771478069,0.03351162497966598,0.0,4.083333333333333,5.748188120326844,0.16666666666666666,6.0,False,,,,,,,,,
efficiency,totals_1st_5_innings,soft,2023,8876,8555.0,0.24372374821590173,0.6793472825335389,0.5158386908240795,0.5087108605828098,0.007127830241269728,1.3192143223121153,0.18709747144890837,0.060291852918961816,0.01567761870011618,2.7458877872915726,3.532884050756312,0.036164939161784586,8876.0,,,,,,,,,,
efficiency,totals_1st_5_innings,soft,2024,15769,15023.0,0.24890840869990052,0.6909575002225258,0.4941755974172935,0.49814376478417594,-0.003968167366882436,-0.9728094444753974,0.3306480178645701,0.05857581184225929,,2.535544422601306,3.28280503973525,0.047308009385503204,15769.0,,,,,,,,,,
efficiency,totals_1st_5_innings,soft,2025,10240,9758.0,0.2501683308991497,0.6934852323376799,0.485447837671654,0.5005638964637544,-0.015116058792100429,-2.987672502392762,0.00281110604558923,0.06166359955653346,,2.5357421875,3.2931480711850782,0.0470703125,10240.0,,,,,,,,,,
efficiency,totals_1st_5_innings,soft,2026,6467,6185.0,0.24933056837226678,0.6918076274162233,0.5091350040420372,0.5001211454471365,0.00901385859490067,1.4180223722598,0.15618423316759425,0.06151461827665245,,2.5078088758311425,3.250590221292676,0.04360599969073759,6467.0,,,,,,,,,,
efficiency,totals_1st_5_innings,soft,pooled,41352,39521.0,0.24816325063085493,0.689201427105535,0.49905113737000584,0.5013381993604026,-0.0022870619903967437,-0.9093324228785405,0.36317468092598093,0.06016837781251949,0.01567761870011618,2.576405010640356,3.335654359752887,0.044278390404333526,41352.0,False,,,,,,,,,
efficiency,totals_1st_5_innings,majors,2023,2936,2819.0,0.23372501193800216,0.6568337972305385,0.54487406881873,0.5408237954964192,0.004050273322310782,0.4318351694956393,0.6658612163128271,0.06673561612674685,0.016019801498265214,2.831232970027248,3.69225522378968,0.039850136239782015,2936.0,,,,,,,,,,
efficiency,totals_1st_5_innings,majors,2024,5132,4941.0,0.2488247310922463,0.6907925740488491,0.49605343047966,0.49918768333984825,-0.003134252860188258,-0.44064107948452147,0.6594728583450871,0.0659773733912982,,2.5431605611847234,3.282691268478736,0.03721745908028059,5132.0,,,,,,,,,,
efficiency,totals_1st_5_innings,majors,2025,3902,3782.0,0.25012928325172173,0.6934088990438896,0.4854574299312533,0.5003184881384126,-0.014861058207159328,-1.8286233690640576,0.06745604938516522,0.06556609810717769,,2.5317785750896977,3.2818443452591537,0.030753459764223477,3902.0,,,,,,,,,,
efficiency,totals_1st_5_innings,majors,2026,2773,2679.0,0.24936633709691794,0.691879247300386,0.505785740948115,0.49925795101308246,0.0065277899350325574,0.6757897503580901,0.4991741431644629,0.06585114841189407,,2.5122610890732058,3.2574223823435036,0.03389830508474576,2773.0,,,,,,,,,,
efficiency,totals_1st_5_innings,majors,pooled,14743,14221.0,0.24628051271504617,0.6849615035841345,0.5047465016524858,0.5077550942824077,-0.0030085926299219246,-0.7175927143850203,0.4730084511732258,0.06599578095046195,0.016019801498265214,2.591704537746727,3.36339151692155,0.035406633656650616,14743.0,False,,,,,,,,,
efficiency,totals_1st_5_innings,barstool,2023,437,437.0,0.24822872598217624,0.6895892145845582,0.5194508009153318,0.4999273616275459,0.019523439287785882,0.8168755658103473,0.4139995425966931,0.054545165901269954,0.012797613543125752,2.847826086956522,3.640997801229541,0.0,437.0,,,,,,,,,,
efficiency,totals_1st_5_innings,barstool,pooled,437,437.0,0.24822872598217624,0.6895892145845582,0.5194508009153318,0.4999273616275459,0.019523439287785882,0.8168755658103473,0.4139995425966931,0.054545165901269954,0.012797613543125752,2.847826086956522,3.640997801229541,0.0,437.0,False,,,,,,,,,
efficiency,totals_1st_5_innings,betmgm,2023,872,842.0,0.19696649918168305,0.5744791953262046,0.6437054631828979,0.6382630695763009,0.00544239360659704,0.3297598784774647,0.7415814054529756,0.06750839291155356,,3.1611238532110093,4.216305994414081,0.034403669724770644,872.0,,,,,,,,,,
efficiency,totals_1st_5_innings,betmgm,2024,1729,1637.0,0.24925439099693775,0.6916546230516176,0.4972510690287111,0.5019101702688586,-0.004659101240147567,-0.3770188345927707,0.7061596080141832,0.06690504342294487,,2.533256217466744,3.280504834966455,0.05320994794679005,1729.0,,,,,,,,,,
efficiency,totals_1st_5_innings,betmgm,2025,1819,1716.0,0.25078201917878745,0.6947136403530446,0.486013986013986,0.5015579250185479,-0.015543939004561913,-1.2883079618586908,0.19763878269060828,0.06582110176760352,,2.5252886201209455,3.2845407299175147,0.056624518966465094,1819.0,,,,,,,,,,
efficiency,totals_1st_5_innings,betmgm,2026,928,879.0,0.24981163793079753,0.6927708515917109,0.5073947667804323,0.5007162882482595,0.006678478532172738,0.39604950001398287,0.6920685117375258,0.06580122780233226,,2.5091594827586206,3.271192509014791,0.052801724137931036,928.0,,,,,,,,,,
efficiency,totals_1st_5_innings,betmgm,pooled,5348,5074.0,0.2411906986647486,0.6734379751271385,0.5195112337406386,0.5242111687062309,-0.0046999349655922895,-0.6700820576025185,0.5028054820177732,0.06644320535022093,,2.6287397157816006,3.4502216658867986,0.0512341062079282,5348.0,False,,,,,,,,,
efficiency,totals_1st_5_innings,betonlineag,2023,835,783.0,0.24920319445693487,0.6915526087064962,0.5095785440613027,0.501883000520582,0.007695543540720662,0.4307545591712388,0.666646843413664,0.046001262933471565,,2.6760479041916168,3.4100503095661883,0.06227544910179641,835.0,,,,,,,,,,
efficiency,totals_1st_5_innings,betonlineag,2024,1730,1628.0,0.24938159021075756,0.6919115340719342,0.49324324324324326,0.4987250013067103,-0.005481758063467068,-0.4424016295861121,0.6581986000142341,0.04581931364657051,,2.523121387283237,3.2637437278970425,0.058959537572254334,1730.0,,,,,,,,,,
efficiency,totals_1st_5_innings,betonlineag,2025,1780,1680.0,0.2502130847570412,0.6935736745763407,0.48095238095238096,0.501285144965983,-0.02033276401360201,-1.6680014348882626,0.09531544193997744,0.04593004848387263,,2.5328651685393258,3.299791447274451,0.056179775280898875,1780.0,,,,,,,,,,
efficiency,totals_1st_5_innings,betonlineag,2026,914,872.0,0.2491470232479291,0.6914398240042435,0.5137614678899083,0.5022124458534856,0.011549022036422718,0.6823355551906924,0.49502679554125184,0.045820163728996804,,2.508752735229759,3.2524187262890942,0.045951859956236324,914.0,,,,,,,,,,
efficiency,totals_1st_5_innings,betonlineag,pooled,5259,4963.0,0.24959369671305998,0.6923346705432698,0.4952649607092484,0.5007025967886422,-0.005437636079393737,-0.7661816508707391,0.4435682247866118,0.045885830596617626,,2.5482030804335425,3.2976219773432662,0.056284464727134435,5259.0,False,,,,,,,,,
efficiency,totals_1st_5_innings,betrivers,2023,698,698.0,0.24800901280160642,0.6891521365145891,0.5071633237822349,0.5012399974088017,0.005923326373433291,0.31301701415658445,0.7542677358081383,0.05472603750288488,0.012797613543125752,2.7277936962750715,3.4708156972943014,0.0,698.0,,,,,,,,,,
efficiency,totals_1st_5_innings,betrivers,pooled,698,698.0,0.24800901280160642,0.6891521365145891,0.5071633237822349,0.5012399974088017,0.005923326373433291,0.31301701415658445,0.7542677358081383,0.05472603750288488,0.012797613543125752,2.7277936962750715,3.4708156972943014,0.0,698.0,False,,,,,,,,,
efficiency,totals_1st_5_innings,betus,2023,431,401.0,0.2495487797052895,0.6922451659381779,0.5012468827930174,0.501174195025624,7.268776739344229e-05,0.00291115186749649,0.9976772401515954,0.06925899309196057,,2.6009280742459397,3.351593450031245,0.06960556844547564,431.0,,,,,,,,,,
efficiency,totals_1st_5_innings,betus,2024,1753,1643.0,0.2499050767569833,0.6929576858168189,0.4960438222763238,0.49946041592674123,-0.00341659365041741,-0.2769846499534246,0.7817918927628297,0.06901587257747925,,2.515972618368511,3.256854634561915,0.06274957216200798,1753.0,,,,,,,,,,
efficiency,totals_1st_5_innings,betus,2025,1797,1696.0,0.25034665900286324,0.6938410125043077,0.4846698113207547,0.5008955063044415,-0.016225694983686756,-1.3370586392558073,0.1812034966655404,0.06907143973823489,,2.5308848080133557,3.2959647171664,0.0562047857540345,1797.0,,,,,,,,,,
efficiency,totals_1st_5_innings,betus,2026,940,895.0,0.24938670805627638,0.691920163722229,0.5139664804469274,0.5008401442547832,0.013126336192144206,0.7856959814346761,0.4320456180753626,0.06904854216865704,,2.5122340425531915,3.256458394728197,0.047872340425531915,940.0,,,,,,,,,,
efficiency,totals_1st_5_innings,betus,pooled,4921,4635.0,0.24993573660253895,0.6930189197577009,0.49579288025889967,0.5004002207925081,-0.0046073405336084505,-0.6273653838809522,0.5304197531937236,0.06906369792706805,,2.5281446860394228,3.2794861587687456,0.058118268644584435,4921.0,False,,,,,,,,,
efficiency,totals_1st_5_innings,bovada,2023,880,827.0,0.24980371142819727,0.6927550803127303,0.5114873035066505,0.5000060355570249,0.011481267949625562,0.6605219444436964,0.5089189408838137,0.06840056712625911,0.01534435819560882,2.694318181818182,3.4780153693005595,0.060227272727272727,880.0,,,,,,,,,,
efficiency,totals_1st_5_innings,bovada,2024,1763,1662.0,0.24950957400107623,0.6921664594416248,0.4963898916967509,0.4988918299180209,-0.0025019382212699837,-0.2040015220227607,0.8383523095200476,0.06794596297762676,,2.53885422575156,3.2792598392915546,0.05728871242200794,1763.0,,,,,,,,,,
efficiency,totals_1st_5_innings,bovada,2025,1770,1668.0,0.24993564891835932,0.6930183328864561,0.4880095923261391,0.5002842718006941,-0.012274679474555017,-1.0029126102183719,0.315903027760283,0.0679151042116056,,2.5296610169491527,3.2897503897892686,0.0576271186440678,1770.0,,,,,,,,,,
efficiency,totals_1st_5_innings,bovada,2026,928,877.0,0.2495371774723496,0.6922221356622543,0.5108323831242874,0.4990619771599019,0.011770405964385444,0.6973056417298441,0.485611538120681,0.06780334615362295,,2.497844827586207,3.2397051802860726,0.05495689655172414,928.0,,,,,,,,,,
efficiency,totals_1st_5_innings,bovada,pooled,5341,5034.0,0.249703883269762,0.6925551249982149,0.4986094557012316,0.49956589830397335,-0.0009564426027417472,-0.1357210445380778,0.8920418105231254,0.06798585873165475,0.01534435819560882,2.5542969481370528,3.3095112376439166,0.057479872683018164,5341.0,False,,,,,,,,,
efficiency,totals_1st_5_innings,draftkings,2023,620,585.0,0.24958400638110326,0.6923156309589322,0.49914529914529915,0.5008819404852067,-0.0017366413399075853,-0.08400762332961716,0.9330503706561447,0.06810169525274512,0.012634331095337825,2.733064516129032,3.485742851359872,0.056451612903225805,620.0,,,,,,,,,,
efficiency,totals_1st_5_innings,draftkings,pooled,620,585.0,0.24958400638110326,0.6923156309589322,0.49914529914529915,0.5008819404852067,-0.0017366413399075853,-0.08400762332961716,0.9330503706561447,0.06810169525274512,0.012634331095337825,2.733064516129032,3.485742851359872,0.056451612903225805,620.0,False,,,,,,,,,
efficiency,totals_1st_5_innings,fanduel,2023,568,568.0,0.24882859720209607,0.6908039635992711,0.5,0.4915378886921698,0.0084621113078302,0.40335077628540245,0.6866901928797322,0.06415514775115536,,2.6338028169014085,3.356725433186756,0.0,568.0,,,,,,,,,,
efficiency,totals_1st_5_innings,fanduel,2024,1742,1742.0,0.2478573694053395,0.6888519076327394,0.4925373134328358,0.49729051456307805,-0.004753201130242246,-0.3968155123518035,0.691503510717107,0.06507725085428122,,2.5677382319173363,3.2940035279656708,0.0,1742.0,,,,,,,,,,
efficiency,totals_1st_5_innings,fanduel,2025,1783,1783.0,0.24940985793917134,0.6919708868320867,0.48513740886146944,0.49931289094332354,-0.014175482081854096,-1.197665274871624,0.23104735312544541,0.06511409723178097,,2.5482333146382503,3.2888388560024557,0.0,1783.0,,,,,,,,,,
efficiency,totals_1st_5_innings,fanduel,2026,936,936.0,0.2487608431597717,0.6906664889011592,0.49893162393162394,0.49672224338799015,0.0022093805436337877,0.1351884026751436,0.8924629162420722,0.06510495283015354,,2.517094017094017,3.2472868359403972,0.0,936.0,,,,,,,,,,
efficiency,totals_1st_5_innings,fanduel,pooled,5029,5029.0,0.24868564458500314,0.6905159274714086,0.4919467090872937,0.49725203847865174,-0.005305329391358027,-0.7525571851856779,0.45171605402295,0.06499132354824086,,2.558858620003977,3.2906904846216753,0.0,5029.0,False,,,,,,,,,
efficiency,totals_1st_5_innings,lowvig,2023,412,385.0,0.24809042974259593,0.6893019834747051,0.509090909090909,0.5044252052439762,0.004665703846932878,0.18312571156313326,0.854699381982469,0.04569638851907699,,2.628640776699029,3.3859719173736096,0.06553398058252427,412.0,,,,,,,,,,
efficiency,totals_1st_5_innings,lowvig,2024,1723,1623.0,0.24943370336328724,0.6920161852791212,0.49353049907578556,0.4988489496151402,-0.005318450539354647,-0.42855911612477837,0.6682441037218345,0.045812573680180046,,2.5235055136390017,3.264771778385874,0.05803830528148578,1723.0,,,,,,,,,,
efficiency,totals_1st_5_innings,lowvig,pooled,2135,2008.0,0.24917615339119256,0.6914957830407246,0.4965139442231076,0.49991810221329847,-0.0034041579901908925,-0.3050929088680518,0.7602953918096754,0.04579015293714751,,2.543793911007026,3.288508128967559,0.059484777517564404,2135.0,False,,,,,,,,,
efficiency,totals_1st_5_innings,mybookieag,2023,673,631.0,0.24951693099453087,0.692180378824586,0.5134706814580031,0.5003799466064164,0.013090734851586738,0.6579098256591608,0.5105960765570228,0.048578807656731136,,2.6731054977711737,3.426364003184422,0.06240713224368499,673.0,,,,,,,,,,
efficiency,totals_1st_5_innings,mybookieag,2024,1433,1347.0,0.24934107158804059,0.691828336479146,0.5003711952487008,0.4990183258697182,0.0013528693789825463,0.09930469462195538,0.920896351074739,0.04968315027146377,,2.516050244242847,3.2689674121015213,0.06001395673412421,1433.0,,,,,,,,,,
efficiency,totals_1st_5_innings,mybookieag,2025,991,932.0,0.25033803132980925,0.6938237459409052,0.490343347639485,0.5001566437286457,-0.00981329608916065,-0.599285633167108,0.5489824267133413,0.049959381109235076,,2.576185671039354,3.326422368243024,0.05953582240161453,991.0,,,,,,,,,,
efficiency,totals_1st_5_innings,mybookieag,2026,912,862.0,0.2491365843086018,0.6914185452583695,0.5081206496519721,0.5010193711890796,0.007101278462892546,0.4170397563507479,0.6766493284475235,0.04989368128456839,,2.49890350877193,3.2329173181454722,0.05482456140350877,912.0,,,,,,,,,,
efficiency,totals_1st_5_innings,mybookieag,pooled,4009,3772.0,0.24957009219513163,0.6922866133365223,0.5018557794273595,0.4999846556668196,0.0018711237605398834,0.2298377401061504,0.818217857282222,0.04961393761605537,,2.55337989523572,3.3020304115970824,0.05911698677974557,4009.0,False,,,,,,,,,
efficiency,totals_1st_5_innings,pointsbetus,2023,876,876.0,0.24749726880391262,0.6881116687742878,0.4554794520547945,0.4473363395848677,0.008143112469926828,0.48395051355057217,0.6284209898495976,0.06736346112020937,0.022562108712133988,2.7385844748858448,3.4334840592884843,0.0,876.0,,,,,,,,,,
efficiency,totals_1st_5_innings,pointsbetus,2024,414,414.0,0.24009457512134888,0.6731634839972912,0.4082125603864734,0.46180329533726483,-0.05359073495079142,-2.2185224622597497,0.026519229769638535,0.06752209903532362,,2.5845410628019323,3.2739271576833264,0.0,414.0,,,,,,,,,,
efficiency,totals_1st_5_innings,pointsbetus,pooled,1290,1290.0,0.24512152059881076,0.6833143443574843,0.44031007751937984,0.4519792230588927,-0.01166914553951287,-0.8442690237232421,0.39851909156868526,0.06741437282319954,0.022562108712133988,2.6891472868217052,3.383097521090591,0.0,1290.0,False,,,,,,,,,
efficiency,totals_1st_5_innings,superbook,2024,845,789.0,0.2500972949228615,0.6933431404793129,0.5019011406844106,0.49947176818614747,0.002429372498263138,0.1364789735106462,0.8914426457173333,0.045839220214834726,,2.5763313609467455,3.3984855659560824,0.06627218934911243,845.0,,,,,,,,,,
efficiency,totals_1st_5_innings,superbook,pooled,845,789.0,0.2500972949228615,0.6933431404793129,0.5019011406844106,0.49947176818614747,0.002429372498263138,0.1364789735106462,0.8914426457173333,0.045839220214834726,,2.5763313609467455,3.3984855659560824,0.06627218934911243,845.0,False,,,,,,,,,
efficiency,totals_1st_5_innings,unibet_us,2023,698,698.0,0.24792145485771117,0.6889763460193792,0.5071633237822349,0.5012106600809122,0.005952663701322747,0.3145673394637425,0.7530901804295479,0.05472017862087783,0.012797613543125752,2.7277936962750715,3.4708156972943014,0.0,698.0,,,,,,,,,,
efficiency,totals_1st_5_innings,unibet_us,pooled,698,698.0,0.24792145485771117,0.6889763460193792,0.5071633237822349,0.5012106600809122,0.005952663701322747,0.3145673394637425,0.7530901804295479,0.05472017862087783,0.012797613543125752,2.7277936962750715,3.4708156972943014,0.0,698.0,False,,,,,,,,,
efficiency,totals_1st_5_innings,williamhill_us,2023,876,824.0,0.24961617645450845,0.6923806996272605,0.5072815533980582,0.5035865521361192,0.0036950012619390016,0.21215547843691338,0.8319857391259058,0.0666726887555888,0.0194052719011926,2.7003424657534247,3.4770529562078822,0.0593607305936073,876.0,,,,,,,,,,
efficiency,totals_1st_5_innings,williamhill_us,2024,1661,1562.0,0.24945327833591566,0.6920534361995089,0.49871959026888607,0.4984502677869313,0.00026932248195477015,0.02128847454207013,0.9830155377401648,0.06595574303293966,,2.5276941601444913,3.273067996846496,0.059602649006622516,1661.0,,,,,,,,,,
efficiency,totals_1st_5_innings,williamhill_us,2025,300,283.0,0.25070398459954013,0.6945574491751043,0.4840989399293286,0.49913865108022093,-0.01503971115089231,-0.5062702844366681,0.6126669205919761,0.06670631778223687,,2.473333333333333,3.2233522922572395,0.056666666666666664,300.0,,,,,,,,,,
efficiency,totals_1st_5_innings,williamhill_us,2026,909,864.0,0.24956925711102537,0.6922859853670545,0.5115740740740741,0.500521312016978,0.011052762057096044,0.6499412094482467,0.515730197783763,0.06667047227348098,,2.5104510451045106,3.2537530162673822,0.04950495049504951,909.0,,,,,,,,,,
efficiency,totals_1st_5_innings,williamhill_us,pooled,3746,3533.0,0.24961981770303168,0.6923872101076098,0.5026889329181998,0.5002098185909201,0.0024791143272797633,0.2947166350233952,0.7682103544039998,0.06635694585127438,0.0194052719011926,2.559530165509877,3.3133835291292764,0.056860651361452214,3746.0,False,,,,,,,,,
efficiency,totals_1st_5_innings,wynnbet,2024,976,976.0,0.24714815760769393,0.6874322217736049,0.5020491803278688,0.5003607875116722,0.0016883928161965933,0.10549504154464182,0.9159830043101767,0.04941169862488028,,2.54047131147541,3.3235298117868695,0.0,976.0,,,,,,,,,,
efficiency,totals_1st_5_innings,wynnbet,pooled,976,976.0,0.24714815760769393,0.6874322217736049,0.5020491803278688,0.5003607875116722,0.0016883928161965933,0.10549504154464182,0.9159830043101767,0.04941169862488028,,2.54047131147541,3.3235298117868695,0.0,976.0,False,,,,,,,,,
efficiency,totals_1st_1_innings,all,2023,1048,1048.0,0.2267263724006688,0.6449581726946986,0.4122137404580153,0.3964462169020571,0.015767523555958174,1.0369866919679485,0.2997420593252714,0.054357450600544956,0.0067468370005641905,1.159351145038168,1.4795037335910726,0.0,1048.0,,,,,,,,,,
efficiency,totals_1st_1_innings,all,2024,2860,2860.0,0.23363078729895523,0.6592947421874983,0.3940559440559441,0.4230446339289619,-0.028988689873017837,-3.172607878860781,0.0015107641988972955,0.05888609760816335,0.011110944773148862,1.0496503496503498,1.385615411984895,0.0,2860.0,,,,,,,,,,
efficiency,totals_1st_1_innings,all,2025,4957,4957.0,0.23847725560181418,0.6692936722879813,0.44643937865644545,0.448128020069936,-0.0016886414134905658,-0.23915697628649832,0.8109838626420062,0.05952243637292966,0.00965734892884698,1.109642929191043,1.5747945291874637,0.0,4957.0,,,,,,,,,,
efficiency,totals_1st_1_innings,all,2026,4525,4525.0,0.24897877494908704,0.6911191421678314,0.5023204419889503,0.48425899168391534,0.018061450305034976,2.429945789477544,0.01510108132961038,0.05883610585156504,0.010282012438655497,1.1081767955801105,1.6396502793809518,0.0,4525.0,,,,,,,,,,
efficiency,totals_1st_1_innings,all,pooled,13390,13390.0,0.2400712473946023,0.6726289753160007,0.45145631067961167,0.4509354608817458,0.0005208497978658744,0.12111259590314215,0.9036018525315953,0.05875033184971339,0.010042246324984572,1.1002240477968632,1.5517823234550658,0.0,13390.0,False,,,,,,,,,
efficiency,totals_1st_1_innings,pinnacle,2023,253,253.0,0.24779861799777403,0.6887275238191601,0.5454545454545454,0.5052576278712334,0.04019691758331201,1.2840592678986003,0.19912121860971044,0.03861951318862088,0.0,1.0889328063241106,1.5492571214806463,0.0,253.0,,,,,,,,,,
efficiency,totals_1st_1_innings,pinnacle,2024,513,513.0,0.24718158644449884,0.6874763823983665,0.4580896686159844,0.4779704750714702,-0.019880806455485844,-0.9037612489945135,0.3661220136999978,0.038722782398128854,0.0,0.9853801169590644,1.40886223156289,0.0,513.0,,,,,,,,,,
efficiency,totals_1st_1_innings,pinnacle,2025,888,888.0,0.2482302664033394,0.6896030314999078,0.4954954954954955,0.48901618377591627,0.006479311719579217,0.3861739530164368,0.6993678428495174,0.03868524794639974,0.0,1.063063063063063,1.578287360080854,0.0,888.0,,,,,,,,,,
efficiency,totals_1st_1_innings,pinnacle,2026,917,917.0,0.24932863907805006,0.6918427500458777,0.5059978189749182,0.4877423280056008,0.018255490969317445,1.1057053978055862,0.2688540529292435,0.038779525294370246,0.0,1.109596510359869,1.6396298489108683,0.0,917.0,,,,,,,,,,
efficiency,totals_1st_1_innings,pinnacle,pooled,2571,2571.0,0.2483703005835092,0.6898913813537912,0.49669389342668224,0.4879560947247125,0.008737798701969723,0.886120050436769,0.3755528396117291,0.038719894623999086,0.0,1.0667055620381174,1.5657196505489512,0.0,2571.0,False,,,,,,,,,
efficiency,totals_1st_1_innings,soft,2023,795,795.0,0.2200203621666215,0.63102905843748,0.36981132075471695,0.36181818297098595,0.007993137783731008,0.4668479586490418,0.6406086607564492,0.05936587596559752,0.013362921346078688,1.1817610062893082,1.4566049956002305,0.0,795.0,,,,,,,,,,
efficiency,totals_1st_1_innings,soft,2024,2347,2347.0,0.23066889553855305,0.6531348864447732,0.38005965061781,0.4110391134747195,-0.0309794628569095,-3.0919295787466528,0.0019886001881137,0.06329333267537583,0.014944108639070426,1.0636983383042182,1.3804820607556523,0.0,2347.0,,,,,,,,,,
efficiency,totals_1st_1_innings,soft,2025,4069,4069.0,0.23634880301106595,0.6648614503710015,0.43573359547800444,0.4392047737266304,-0.0034711782486259724,-0.4465479920288853,0.6552014538004232,0.06406984933010798,0.012417479552862471,1.1198083067092652,1.5740312393946687,0.0,4069.0,,,,,,,,,,
efficiency,totals_1st_1_innings,soft,2026,3608,3608.0,0.24888985438194214,0.6909352318507116,0.5013858093126385,0.483373675883753,0.018012133428885524,2.163864607784156,0.030474741889383632,0.06393363477921128,0.012897436961886312,1.1078159645232817,1.6396554718961076,0.0,3608.0,,,,,,,,,,
efficiency,totals_1st_1_innings,soft,pooled,10819,10819.0,0.23809908122872006,0.6685267804806962,0.4407061650799519,0.44213797039184216,-0.001431805311890244,-0.29997354164776346,0.7641973374885095,0.06351031466765512,0.01309517470402387,1.1081892966078195,1.548451844550056,0.0,10819.0,False,,,,,,,,,
efficiency,totals_1st_1_innings,majors,2024,771,771.0,0.2484004581057214,0.6899633493283291,0.44228274967574577,0.4833907270784515,-0.04110797740270572,-2.298244655822813,0.021547868413153527,0.062180636574072606,0.014610935145293524,0.9293125810635539,1.285835231994819,0.0,771.0,,,,,,,,,,
efficiency,totals_1st_1_innings,majors,2025,2234,2234.0,0.24840488331667288,0.689950815424473,0.4888093106535363,0.4876578312816028,0.0011514793719334948,0.1088770998973676,0.9132999702837505,0.06241416579565266,0.011572006815061512,1.0617726051924798,1.5805017165184088,0.0,2234.0,,,,,,,,,,
efficiency,totals_1st_1_innings,majors,2026,2640,2640.0,0.2491422932106636,0.6914417732189093,0.5037878787878788,0.4855238470816843,0.018264031706194506,1.8768997411057486,0.06053183637395842,0.062089159325971775,0.012559015698549052,1.1132575757575758,1.64983929428587,0.0,2640.0,,,,,,,,,,
efficiency,totals_1st_1_innings,majors,pooled,5645,5645.0,0.24874914377415594,0.690649804302628,0.4894596988485385,0.48607702426151167,0.003382674587026846,0.5084154145859386,0.6111620448253688,0.062230274190728706,0.012448603087370183,1.0677590788308238,1.5771424193160308,0.0,5645.0,False,,,,,,,,,
efficiency,totals_1st_1_innings,barstool,2023,170,170.0,0.2334078953754673,0.658562310313187,0.45294117647058824,0.4465345107205272,0.006406665750061047,0.16781029918238632,0.8667325198272539,0.05980899942154962,0.01190270751303308,1.1176470588235294,1.5117189281235646,0.0,170.0,,,,,,,,,,
efficiency,totals_1st_1_innings,barstool,pooled,170,170.0,0.2334078953754673,0.658562310313187,0.45294117647058824,0.4465345107205272,0.006406665750061047,0.16781029918238632,0.8667325198272539,0.05980899942154962,0.01190270751303308,1.1176470588235294,1.5117189281235646,0.0,170.0,False,,,,,,,,,
efficiency,totals_1st_1_innings,betmgm,2024,264,264.0,0.2487539169958768,0.6906739944726177,0.4431818181818182,0.48559509116444594,-0.04241327298262776,-1.3872543005077458,0.16536423287255095,0.06115377803283378,0.01570416292403521,0.928030303030303,1.282161999881214,0.0,264.0,,,,,,,,,,
efficiency,totals_1st_1_innings,betmgm,2025,883,883.0,0.24862747704461982,0.6903976368566251,0.4971687429218573,0.48835419871898134,0.008814544202875974,0.5238623299373001,0.6003742971460928,0.06097579792763374,0.011379329287577617,1.066251415628539,1.582302320734437,0.0,883.0,,,,,,,,,,
efficiency,totals_1st_1_innings,betmgm,2026,894,894.0,0.24938978126518802,0.6919386642381506,0.5044742729306487,0.48464100755843,0.019833265372218745,1.1860701251479149,0.2355946073308769,0.06124201355423941,0.01201074086817005,1.1140939597315436,1.6491812082721902,0.0,894.0,,,,,,,,,,
efficiency,totals_1st_1_innings,betmgm,pooled,2041,2041.0,0.24897773678020033,0.6911083849652513,0.49338559529642334,0.48637085854655093,0.007014736749872408,0.6338709953867532,0.5261650157801188,0.061115427284791156,0.012215410964780484,1.0693287604115629,1.5770664721313503,0.0,2041.0,False,,,,,,,,,
efficiency,totals_1st_1_innings,betonlineag,2024,121,121.0,0.2466025951944752,0.6863355001369897,0.4297520661157025,0.4740941413609664,-0.0443420752452639,-0.9852985708980514,0.32447743449698163,0.07029153786545873,0.01651053554490844,0.9545454545454546,1.3118972445147101,0.0,121.0,,,,,,,,,,
efficiency,totals_1st_1_innings,betonlineag,2025,723,723.0,0.24999765006004432,0.6931551054700723,0.4951590594744122,0.4834112472547063,0.011747812219705889,0.6317954536245508,0.5275205448079078,0.07000998927767083,0.014612390253791319,1.0836791147994467,1.6179961310042354,0.0,723.0,,,,,,,,,,
efficiency,totals_1st_1_innings,betonlineag,2026,686,686.0,0.24857165850302088,0.6903067223050207,0.4912536443148688,0.4794474664276683,0.011806177887200509,0.6185400601252448,0.5362193993195459,0.06994726333045677,0.014265347111813504,1.0830903790087463,1.6133101621511876,0.0,686.0,,,,,,,,,,
efficiency,totals_1st_1_innings,betonlineag,pooled,1530,1530.0,0.24908978610785348,0.691338659001753,0.48823529411764705,0.4808971796334707,0.007338114484176372,0.574222819559162,0.565817029240538,0.07000413135566656,0.014606902662175889,1.073202614379085,1.5937992591387953,0.0,1530.0,False,,,,,,,,,
efficiency,totals_1st_1_innings,betrivers,2023,186,186.0,0.22067184374035304,0.6324315354278851,0.3763440860215054,0.3643942880141208,0.011949798007384549,0.33639688528011535,0.7365715979567443,0.05475304889219461,0.014750838526912712,1.1827956989247312,1.437777556187072,0.0,186.0,,,,,,,,,,
efficiency,totals_1st_1_innings,betrivers,2024,511,511.0,0.2280449241516572,0.6480337738032981,0.3542074363992172,0.3833741831407502,-0.029166746741533023,-1.3785517803193497,0.16803299242536768,0.05706544698395144,0.014712643678726498,1.0909980430528377,1.4001327865459265,0.0,511.0,,,,,,,,,,
efficiency,totals_1st_1_innings,betrivers,2025,284,284.0,0.2141231859741361,0.6179567299292041,0.3380281690140845,0.39066068759442096,-0.05263251858033646,-1.8750684281944852,0.06078331029309534,0.05510813713739411,0.014429917282701016,1.130281690140845,1.4619589404842983,0.0,284.0,,,,,,,,,,
efficiency,totals_1st_1_innings,betrivers,pooled,981,981.0,0.22261661976947722,0.636368231705368,0.35372069317023447,0.38188499534389947,-0.028164302173665,-1.844986275752105,0.06503953506676388,0.05606036845032345,0.014627955569547022,1.1197757390417942,1.425431601215982,0.0,981.0,False,,,,,,,,,
efficiency,totals_1st_1_innings,bovada,2023,253,253.0,0.21001538998167465,0.6103578694916746,0.30434782608695654,0.3011386151498796,0.003209210937076934,0.11093723795546372,0.9116661162222377,0.06582094609893122,,1.2233201581027668,1.4463392524582817,0.0,253.0,,,,,,,,,,
efficiency,totals_1st_1_innings,bovada,2024,510,510.0,0.19337320782770748,0.5752049614242725,0.2607843137254902,0.28842888790561005,-0.02764457418011984,-1.4218987528078428,0.15505564532555355,0.07161692121045976,,1.2607843137254902,1.4413365257260904,0.0,510.0,,,,,,,,,,
efficiency,totals_1st_1_innings,bovada,2025,828,828.0,0.19952594723733516,0.5885510475200197,0.2741545893719807,0.2865249543098917,-0.01237036493791105,-0.7979539933872823,0.4248971886856771,0.0664239581424461,,1.3043478260869565,1.5545631755148024,0.0,828.0,,,,,,,,,,
efficiency,totals_1st_1_innings,bovada,2026,282,282.0,0.2473006482298687,0.6877220699227047,0.5035460992907801,0.47279540540267323,0.03075069388810686,1.032809900710215,0.3016928695129554,0.0665721667309768,0.012734424580929923,1.1170212765957446,1.6072751268321592,0.0,282.0,,,,,,,,,,
efficiency,totals_1st_1_innings,bovada,pooled,1873,1873.0,0.20646048946654083,0.6027938934183403,0.30912973838761343,0.3170623432765215,-0.007932604888908068,-0.7428755576987968,0.4575570250525465,0.06777881342255468,0.012734424580929923,1.2533368926855313,1.5183958292511341,0.0,1873.0,False,,,,,,,,,
efficiency,totals_1st_1_innings,fanduel,2024,264,264.0,0.2485748956958643,0.6903106584820985,0.4431818181818182,0.4856041358003217,-0.04242231761850351,-1.3875501326643518,0.16527407534464056,0.06038165278534884,0.015260606924495067,0.9204545454545454,1.2732682832820903,0.0,264.0,,,,,,,,,,
efficiency,totals_1st_1_innings,fanduel,2025,538,538.0,0.24786895476021292,0.6888815353436646,0.4628252788104089,0.4891739346608732,-0.02634865585046431,-1.2256974529069233,0.2203125490847053,0.06035841723668169,0.013402995723951884,1.0390334572490707,1.5499730181126778,0.0,538.0,,,,,,,,,,
efficiency,totals_1st_1_innings,fanduel,2026,857,857.0,0.24867827210153062,0.6904907958196509,0.5017502917152858,0.48679811049108807,0.01495218122419778,0.8754424865215731,0.38133319097551366,0.06027869865879632,0.014405082802687437,1.1149358226371062,1.6560239740315037,0.0,857.0,,,,,,,,,,
efficiency,totals_1st_1_innings,fanduel,pooled,1659,1659.0,0.2483993666761389,0.6899402603204378,0.4798071127185051,0.48737857106069754,-0.007571458342192416,-0.6172870762799337,0.5370453896607843,0.060320934032100836,0.014216141620418128,1.0593731163351416,1.5664409312447638,0.0,1659.0,False,,,,,,,,,
efficiency,totals_1st_1_innings,superbook,2024,223,223.0,0.24937383653993253,0.6918906534774381,0.4618834080717489,0.48405707668860604,-0.022173668616857156,-0.6641797218244688,0.5065752904897293,0.06646307212725297,0.015723997819718054,0.9887892376681614,1.381735439623703,0.0,223.0,,,,,,,,,,
efficiency,totals_1st_1_innings,superbook,pooled,223,223.0,0.24937383653993253,0.6918906534774381,0.4618834080717489,0.48405707668860604,-0.022173668616857156,-0.6641797218244688,0.5065752904897293,0.06646307212725297,0.015723997819718054,0.9887892376681614,1.381735439623703,0.0,223.0,False,,,,,,,,,
efficiency,totals_1st_1_innings,unibet_us,2023,186,186.0,0.2207418769223939,0.6325790437288955,0.3763440860215054,0.3643504378274097,0.011993648194095652,0.33763130499327293,0.7356410481405504,0.05479341416133764,0.014762685119240821,1.1827956989247312,1.437777556187072,0.0,186.0,,,,,,,,,,
efficiency,totals_1st_1_innings,unibet_us,2024,211,211.0,0.23347190914174762,0.6592788444162664,0.3886255924170616,0.39668952191781987,-0.008063929500758238,-0.24030821851684658,0.8100913242090692,0.05496003127140049,0.014547729612625673,1.1540284360189574,1.5436001495856846,0.0,211.0,,,,,,,,,,
efficiency,totals_1st_1_innings,unibet_us,pooled,397,397.0,0.22750771268633246,0.6467696178977501,0.38287153652392947,0.38153821299888707,0.0013333235250423958,0.05465330953584403,0.9564146673209153,0.05488196884703855,0.01462483321825937,1.1675062972292192,1.4949537283387921,0.0,397.0,False,,,,,,,,,
efficiency,totals_1st_1_innings,williamhill_us,2024,243,243.0,0.2478269409419404,0.6888139668810566,0.4403292181069959,0.4785911714353393,-0.03826195332834342,-1.2014762904389942,0.2295664981776245,0.0652506875004517,0.012717414637898411,0.9403292181069959,1.3032880229565118,0.0,243.0,,,,,,,,,,
efficiency,totals_1st_1_innings,williamhill_us,2025,813,813.0,0.24851777298653538,0.6901731147588945,0.4969249692496925,0.4858982297253266,0.011026739524365892,0.628826155529979,0.5294628745758111,0.06533676303081513,0.010569623326482494,1.0719557195571956,1.5984502026746108,0.0,813.0,,,,,,,,,,
efficiency,totals_1st_1_innings,williamhill_us,2026,889,889.0,0.249340731646864,0.6918588340287661,0.5050618672665916,0.48518325629645415,0.01987861097013749,1.1854661763988046,0.23583318023509955,0.06468636192630711,0.011330835498533278,1.1107986501687288,1.6445191378031072,0.0,889.0,,,,,,,,,,
efficiency,totals_1st_1_innings,williamhill_us,pooled,1945,1945.0,0.24880761260720147,0.6907737993329826,0.493573264781491,0.4846585245619669,0.008914740219524098,0.786383457159861,0.4316428721359837,0.06502873067308457,0.011185811442457373,1.0732647814910026,1.5862925037504945,0.0,1945.0,False,,,,,,,,,
efficiency,h2h_1st_5_innings,all,2023,9767,8453.0,0.2440342591450202,0.6809813675953446,0.5199337513308885,0.5303751111093427,-0.010441359778454173,-1.921489001533483,0.05467008763732283,0.05524972878392089,,,,,,,0.566189518514137,0.13453465752022115,,,,,,,
efficiency,h2h_1st_5_innings,all,2024,19752,17070.0,0.2394598896370192,0.6716588992235165,0.5300527240773286,0.5296899766543901,0.00036274742293851414,0.09495918808023981,0.924347243574769,0.05272784095148664,,,,,,,0.5766842413591096,0.13578371810449574,,,,,,,
efficiency,h2h_1st_5_innings,all,2025,15088,12722.0,0.2401370385894948,0.6728980969924597,0.5418959283131584,0.5258093394090229,0.0160865889041355,3.6416788113153564,0.0002708658872222544,0.05541954679540987,,,,,,,0.5597390347429649,0.15681336161187698,,,,,,,
efficiency,h2h_1st_5_innings,all,2026,8105,6927.0,0.24758132053476375,0.6882305631479558,0.526779269525047,0.5289233982935463,-0.0021441287684993426,-0.3574186738436483,0.720778399073072,0.05556131862857432,,,,,,,0.5259130936913526,0.14534238124614435,,,,,,,
efficiency,h2h_1st_5_innings,all,pooled,52712,45172.0,0.2417519950619108,0.6762936246102196,0.530992650314354,0.528607710786299,0.0023849395280550745,1.0157292340457142,0.30975834277332065,0.05440125635604906,,,,,,False,0.5621624014876472,0.14304143269084837,,,,,,,
efficiency,h2h_1st_5_innings,soft,2023,9767,8453.0,0.2440342591450202,0.6809813675953446,0.5199337513308885,0.5303751111093427,-0.010441359778454173,-1.921489001533483,0.05467008763732283,0.05524972878392089,,,,,,,0.566189518514137,0.13453465752022115,,,,,,,
efficiency,h2h_1st_5_innings,soft,2024,19752,17070.0,0.2394598896370192,0.6716588992235165,0.5300527240773286,0.5296899766543901,0.00036274742293851414,0.09495918808023981,0.924347243574769,0.05272784095148664,,,,,,,0.5766842413591096,0.13578371810449574,,,,,,,
efficiency,h2h_1st_5_innings,soft,2025,15088,12722.0,0.2401370385894948,0.6728980969924597,0.5418959283131584,0.5258093394090229,0.0160865889041355,3.6416788113153564,0.0002708658872222544,0.05541954679540987,,,,,,,0.5597390347429649,0.15681336161187698,,,,,,,
efficiency,h2h_1st_5_innings,soft,2026,8105,6927.0,0.24758132053476375,0.6882305631479558,0.526779269525047,0.5289233982935463,-0.0021441287684993426,-0.3574186738436483,0.720778399073072,0.05556131862857432,,,,,,,0.5259130936913526,0.14534238124614435,,,,,,,
efficiency,h2h_1st_5_innings,soft,pooled,52712,45172.0,0.2417519950619108,0.6762936246102196,0.530992650314354,0.528607710786299,0.0023849395280550745,1.0157292340457142,0.30975834277332065,0.05440125635604906,,,,,,False,0.5621624014876472,0.14304143269084837,,,,,,,
efficiency,h2h_1st_5_innings,majors,2023,3149,2726.0,0.24378506650445686,0.6804690691002391,0.5216434336023478,0.5299418174671703,-0.008298383864822512,-0.8673486439113837,0.3857510114798154,0.05954894945350364,,,,,,,0.5733675715333822,0.13432835820895522,,,,,,,
efficiency,h2h_1st_5_innings,majors,2024,6834,5911.0,0.23915645977587432,0.6710483760244865,0.5278294704787684,0.5296796139355164,-0.0018501434567480546,-0.2849309511757447,0.7756970427978304,0.05788037096426251,,,,,,,0.5804432414143122,0.1350599941469125,,,,,,,
efficiency,h2h_1st_5_innings,majors,2025,5615,4727.0,0.24015860030624742,0.6729477780777656,0.5449545166067273,0.5260446909199666,0.018909825686760695,2.610795132860433,0.009033198988064331,0.05848891377492372,,,,,,,0.5565898032578802,0.15814781834372219,,,,,,,
efficiency,h2h_1st_5_innings,majors,2026,3604,3080.0,0.24746167703922303,0.6879843374197453,0.5279220779220779,0.5285423385185813,-0.0006202605965034413,-0.06895373466075226,0.9450264461893308,0.05826050076507114,,,,,,,0.5262987012987013,0.1453940066592675,,,,,,,
efficiency,h2h_1st_5_innings,majors,pooled,19202,16444.0,0.24176742848180377,0.6763282376109465,0.5317441011919241,0.528465169606194,0.003278931585730005,0.8426420357565794,0.3994286740762715,0.05840330135414884,,,,,,False,0.5622719532960351,0.14363087178418915,,,,,,,
efficiency,h2h_1st_5_innings,barstool,2023,804,696.0,0.2430061437749813,0.6788884692232604,0.5229885057471264,0.5319494475783147,-0.00896094183118834,-0.4733122926425932,0.6359903933321521,0.053764731895673955,,,,,,,0.5718390804597702,0.13432835820895522,,,,,,,
efficiency,h2h_1st_5_innings,barstool,pooled,804,696.0,0.2430061437749813,0.6788884692232604,0.5229885057471264,0.5319494475783147,-0.00896094183118834,-0.4733122926425932,0.6359903933321521,0.053764731895673955,,,,,,False,0.5718390804597702,0.13432835820895522,,,,,,,
efficiency,h2h_1st_5_innings,betmgm,2023,863,747.0,0.2438838305621378,0.6807352684616516,0.5220883534136547,0.529233523604552,-0.007145170190897332,-0.39095526744359843,0.6958303009618559,0.06618599613314656,,,,,,,0.5850066934404283,0.13441483198146004,,,,,,,
efficiency,h2h_1st_5_innings,betmgm,2024,1726,1492.0,0.23961898452809766,0.672012589200565,0.5281501340482574,0.5295246487415662,-0.0013745146933088481,-0.10635384196180761,0.9153016140746907,0.05745472928715523,,,,,,,0.5804289544235925,0.13557358053302435,,,,,,,
efficiency,h2h_1st_5_innings,betmgm,2025,1776,1496.0,0.24042456256753728,0.6735240240782164,0.5407754010695187,0.5262984351400832,0.014476965929435481,1.1236273798511245,0.26117113572121403,0.056905398117969505,,,,,,,0.5528074866310161,0.15765765765765766,,,,,,,
efficiency,h2h_1st_5_innings,betmgm,2026,900,769.0,0.2472303959512038,0.6875111568928893,0.5279583875162549,0.5287426661924148,-0.000784278676159933,-0.04356558874735292,0.9652506818427481,0.05682730277374655,,,,,,,0.5214564369310793,0.14555555555555555,,,,,,,
efficiency,h2h_1st_5_innings,betmgm,pooled,5265,4504.0,0.2418934428137989,0.6766074707592673,0.5313055062166963,0.5282712671684168,0.0030342390482794857,0.4080673990381726,0.6832241936602661,0.058593340354495954,,,,,,False,0.5619449378330373,0.14453941120607788,,,,,,,
efficiency,h2h_1st_5_innings,betonlineag,2023,828,715.0,0.24374226305120983,0.6804185773739997,0.5202797202797202,0.5304748741109072,-0.010195153831186965,-0.5456753250556058,0.5852891362151421,0.03845733389882572,,,,,,,0.5692307692307692,0.13647342995169082,,,,,,,
efficiency,h2h_1st_5_innings,betonlineag,2024,1714,1482.0,0.23898394548439833,0.670700453312038,0.5290148448043185,0.5296331778133656,-0.0006183330090471229,-0.047687987422248335,0.9619649078597892,0.03842565478323778,,,,,,,0.5748987854251012,0.1353558926487748,,,,,,,
efficiency,h2h_1st_5_innings,betonlineag,2025,1761,1484.0,0.24023752388559017,0.6730678713240451,0.5417789757412399,0.5264654876825117,0.01531348805872823,1.1839748982583949,0.2364229994960228,0.03922935053893705,,,,,,,0.555256064690027,0.1572969903463941,,,,,,,
efficiency,h2h_1st_5_innings,betonlineag,2026,890,760.0,0.2471070366641275,0.6872645918292434,0.5263157894736842,0.5299886451977153,-0.0036728557240310877,-0.20278835451324806,0.8393004605773908,0.039556651468486186,,,,,,,0.5302631578947369,0.14606741573033707,,,,,,,
efficiency,h2h_1st_5_innings,betonlineag,pooled,5193,4441.0,0.24155905395191313,0.675890827621247,0.5314118441792389,0.5287710107137622,0.002640833465476722,0.3526713116469006,0.724334869109106,0.03889708277926403,,,,,,False,0.5597838324701644,0.1448103215867514,,,,,,,
efficiency,h2h_1st_5_innings,betrivers,2023,870,753.0,0.2437047213097291,0.6802952870446808,0.5205843293492696,0.5303963112182326,-0.009811981868963038,-0.5389550763734335,0.5899178525988016,0.05470480034021698,,,,,,,0.5617529880478087,0.13448275862068965,,,,,,,
efficiency,h2h_1st_5_innings,betrivers,2024,1734,1501.0,0.23959675857901125,0.6719665899935446,0.5296469020652899,0.5307015164574772,-0.0010546143921873474,-0.08186133395159573,0.9347569822374494,0.06155262531965561,,,,,,,0.5802798134576949,0.13437139561707034,,,,,,,
efficiency,h2h_1st_5_innings,betrivers,2025,1762,1485.0,0.24038555988553195,0.6733966332563402,0.5414141414141415,0.5271029751087863,0.014311166305355116,1.106784653599926,0.26838704481487063,0.059710296829654855,,,,,,,0.569023569023569,0.15720771850170262,,,,,,,
efficiency,h2h_1st_5_innings,betrivers,2026,912,779.0,0.2479117322237362,0.6889578581250237,0.527599486521181,0.5282709483057166,-0.0006714617845355875,-0.03753899717291517,0.9700552467989547,0.07103947313255969,,,,,,,0.5198973042362003,0.14583333333333334,,,,,,,
efficiency,h2h_1st_5_innings,betrivers,pooled,5278,4518.0,0.2419743660039016,0.6767543989796401,0.5316511730854361,0.529048779397234,0.0026023936882020315,0.35054841161883593,0.7259271648340853,0.06144808092289084,,,,,,False,0.5630810092961488,0.14399393709738537,,,,,,,
efficiency,h2h_1st_5_innings,betus,2023,427,370.0,0.24825736559811445,0.6896206872475639,0.5027027027027027,0.5308038680721372,-0.028101165369434522,-1.0810892108911987,0.2796574322137983,0.03932691405140131,,,,,,,0.5459459459459459,0.13348946135831383,,,,,,,
efficiency,h2h_1st_5_innings,betus,2024,1733,1500.0,0.23895969995462615,0.6706550539813116,0.5286666666666666,0.5300543378841857,-0.0013876712175190375,-0.10766565044393281,0.9142609180545296,0.03937025917896379,,,,,,,0.5826666666666667,0.13444893248701673,,,,,,,
efficiency,h2h_1st_5_innings,betus,2025,1773,1494.0,0.2401855348348802,0.6729665174567854,0.5408299866131191,0.5260095298382106,0.014820456774908508,1.1495285103953,0.25033811754364066,0.03968152314406878,,,,,,,0.5575635876840697,0.15736040609137056,,,,,,,
efficiency,h2h_1st_5_innings,betus,2026,918,785.0,0.24735035104988054,0.6877554594739465,0.5261146496815287,0.5296268147254259,-0.0035121650438972862,-0.1970756217834879,0.8437683603013459,0.039600102693433184,,,,,,,0.5286624203821656,0.144880174291939,,,,,,,
efficiency,h2h_1st_5_innings,betus,pooled,4851,4149.0,0.24181778496522263,0.6764141354594001,0.5302482525909857,0.5285838093879766,0.0016644432030091805,0.21481612206126136,0.8299106827343834,0.039523703620717006,,,,,,False,0.5601349722824777,0.14471243042671614,,,,,,,
efficiency,h2h_1st_5_innings,bovada,2023,874,758.0,0.243398476894097,0.6797121724383526,0.5237467018469657,0.5285982163195401,-0.00485151447257437,-0.2674436466852739,0.7891275976675456,0.06670007907281306,,,,,,,0.5620052770448549,0.13272311212814644,,,,,,,
efficiency,h2h_1st_5_innings,bovada,2024,1739,1505.0,0.23916184542611782,0.6710624652115813,0.5289036544850498,0.5292375458727194,-0.0003338913876695937,-0.025949578950815285,0.9792975550595114,0.06667353843950823,,,,,,,0.584717607973422,0.13456009200690053,,,,,,,
efficiency,h2h_1st_5_innings,bovada,2025,1721,1451.0,0.2402806721197107,0.6731829937677559,0.5375603032391454,0.5249485526955056,0.012611750543639833,0.9635359636410767,0.3352786252028871,0.06676676343722665,,,,,,,0.5527222605099931,0.1568855316676351,,,,,,,
efficiency,h2h_1st_5_innings,bovada,2026,897,769.0,0.24775524134948182,0.688547077869121,0.5266579973992198,0.5292882167029074,-0.0026302193036875643,-0.14608420689958657,0.8838549137315013,0.06674571440609955,,,,,,,0.5240572171651495,0.1426978818283166,,,,,,,
efficiency,h2h_1st_5_innings,bovada,pooled,5231,4483.0,0.24171440077971992,0.6762105874838431,0.5304483604728976,0.5277499315445837,0.002698428928313845,0.3620196274389709,0.7173373632716424,0.06672102048435896,,,,,,False,0.5601159937541824,0.14299369145478877,,,,,,,
efficiency,h2h_1st_5_innings,draftkings,2023,852,739.0,0.24295053324616753,0.6787602287422327,0.5263870094722598,0.5294421252241451,-0.003055115751885329,-0.16633571300116368,0.8678927625882309,0.058959161269272725,,,,,,,0.5696887686062246,0.13262910798122066,,,,,,,
efficiency,h2h_1st_5_innings,draftkings,2024,1727,1495.0,0.23860664961556355,0.6699244135861215,0.5311036789297658,0.5298855364375968,0.0012181424921690054,0.094382314168177,0.9248054643350787,0.06267333258989262,,,,,,,0.5839464882943144,0.1343370005790388,,,,,,,
efficiency,h2h_1st_5_innings,draftkings,2025,1770,1490.0,0.24008501273596175,0.6727948148017043,0.5409395973154363,0.5260702323511359,0.014869364964300358,1.1517978196466592,0.24940416406633076,0.0634642552669005,,,,,,,0.5543624161073826,0.15819209039548024,,,,,,,
efficiency,h2h_1st_5_innings,draftkings,2026,898,767.0,0.24798728525860833,0.689041835344393,0.5267275097783573,0.5282833430404213,-0.0015558332620640991,-0.08630025974668107,0.9312277319999165,0.0633859066521922,,,,,,,0.5215123859191656,0.14587973273942093,,,,,,,
efficiency,h2h_1st_5_innings,draftkings,pooled,5247,4491.0,0.2414140062378359,0.6755956733724003,0.5328434647071921,0.5282731190893,0.0045703456178921575,0.6138885523204551,0.5392889754342989,0.062458991191204,,,,,,False,0.561122244488978,0.14408233276157806,,,,,,,
efficiency,h2h_1st_5_innings,fanatics,2025,1482,1249.0,0.23987128857013174,0.6724339386452082,0.544435548438751,0.5255674255306161,0.018868122908134888,1.3389419995988505,0.1805895554314826,0.0671398327775616,,,,,,,0.5764611689351481,0.1572199730094467,,,,,,,
efficiency,h2h_1st_5_innings,fanatics,pooled,1482,1249.0,0.23987128857013174,0.6724339386452082,0.544435548438751,0.5255674255306161,0.018868122908134888,1.3389419995988505,0.1805895554314826,0.0671398327775616,,,,,,False,0.5764611689351481,0.1572199730094467,,,,,,,
efficiency,h2h_1st_5_innings,fanduel,2023,568,490.0,0.24546148013966004,0.6838158795557244,0.5102040816326531,0.5310306340783923,-0.020826552445739277,-0.9222228512657802,0.356412345954347,0.0557891376830902,,,,,,,0.5571428571428572,0.13732394366197184,,,,,,,
efficiency,h2h_1st_5_innings,fanduel,2024,1732,1499.0,0.23922692516339636,0.6711872817518113,0.5256837891927952,0.5301211648422984,-0.004437375649503195,-0.3440572675951109,0.7308032187175968,0.05527119366659551,,,,,,,0.580386924616411,0.13452655889145496,,,,,,,
efficiency,h2h_1st_5_innings,fanduel,2025,1771,1491.0,0.24018545218282863,0.6729999554820515,0.5412474849094567,0.5254656504863583,0.01578183442309844,1.2229512057859513,0.22134812640522156,0.05522651304128383,,,,,,,0.5593561368209256,0.15810276679841898,,,,,,,
efficiency,h2h_1st_5_innings,fanduel,2026,917,784.0,0.24762680893225442,0.6883252961106837,0.5267857142857143,0.5267642118880624,2.150239765186246e-05,0.0012058658677717383,0.9990378584748828,0.0552412002210736,,,,,,,0.5293367346938775,0.1450381679389313,,,,,,,
efficiency,h2h_1st_5_innings,fanduel,pooled,4988,4264.0,0.24182298627951443,0.676423424508158,0.5295497185741088,0.5279805496698918,0.0015691689042169887,0.2052901226297031,0.8373454607200539,0.055308795676298476,,,,,,False,0.5609756097560976,0.14514835605453089,,,,,,,
efficiency,h2h_1st_5_innings,lowvig,2023,408,353.0,0.24773220807655755,0.6885535734794133,0.5014164305949008,0.5315100856731196,-0.030093655078218817,-1.1308214295024654,0.258130258453399,0.03849503273522598,,,,,,,0.546742209631728,0.13480392156862744,,,,,,,
efficiency,h2h_1st_5_innings,lowvig,2024,1708,1477.0,0.23913901717835323,0.6710201105472877,0.5280974949221394,0.5294065820484286,-0.0013090871262891879,-0.10078029019257223,0.919724873317312,0.03843671513262747,,,,,,,0.5734597156398105,0.13524590163934427,,,,,,,
efficiency,h2h_1st_5_innings,lowvig,pooled,2116,1830.0,0.24079661083248774,0.6744022484790037,0.5229508196721312,0.5298123398514428,-0.006861520179311631,-0.5876704977063267,0.5567534816653015,0.038447959736531145,,,,,,False,0.5683060109289617,0.13516068052930058,,,,,,,
efficiency,h2h_1st_5_innings,mybookieag,2023,669,578.0,0.2437811447346337,0.6804041479778061,0.5173010380622838,0.532104697670129,-0.014803659607845243,-0.7122347388030933,0.4763194286570214,0.04916429616768422,,,,,,,0.5501730103806228,0.13602391629297458,,,,,,,
efficiency,h2h_1st_5_innings,mybookieag,2024,1409,1217.0,0.23881821388032984,0.6703255531745473,0.533278553820871,0.5296329286086079,0.0036456252122630817,0.2549243790718276,0.7987815064131716,0.055747481460487025,,,,,,,0.5792933442892358,0.13626685592618878,,,,,,,
efficiency,h2h_1st_5_innings,mybookieag,2025,974,832.0,0.23945309579156818,0.6715002777988105,0.53125,0.5224977862960414,0.008752213703958622,0.5058939254134383,0.6129311169564086,0.05000027649258745,,,,,,,0.5600961538461539,0.1457905544147844,,,,,,,
efficiency,h2h_1st_5_innings,mybookieag,2026,884,754.0,0.24826982576202464,0.6896304400995413,0.5225464190981433,0.5289759284585572,-0.006429509360413976,-0.353456107528211,0.7237465289435119,0.04992808068844842,,,,,,,0.5251989389920424,0.14705882352941177,,,,,,,
efficiency,h2h_1st_5_innings,mybookieag,pooled,3936,3381.0,0.24193069869036704,0.6766428212683409,0.5276545400769004,0.5281531492534957,-0.0004986091765952771,-0.05807351860634578,0.953690067874409,0.05189934150060354,,,,,,False,0.5575273587695948,0.1410060975609756,,,,,,,
efficiency,h2h_1st_5_innings,pointsbetus,2023,868,751.0,0.24379093348597494,0.6804861453109087,0.5246338215712384,0.5300379771279697,-0.005404155556731349,-0.2965551893696618,0.766806126237763,0.06699845788844362,,,,,,,0.5765645805592543,0.1347926267281106,,,,,,,
efficiency,h2h_1st_5_innings,pointsbetus,2024,411,351.0,0.24381823476459227,0.6805047128207071,0.5185185185185185,0.5282046393808956,-0.009686120862377079,-0.363188018020205,0.7164644376609806,0.06710332695201017,,,,,,,0.5356125356125356,0.145985401459854,,,,,,,
efficiency,h2h_1st_5_innings,pointsbetus,pooled,1279,1102.0,0.24379962926528048,0.6804920592818154,0.5226860254083484,0.5294540374281302,-0.006768012019781833,-0.4498103035076387,0.6528472278136113,0.06703215701676721,,,,,,False,0.5635208711433757,0.1383893666927287,,,,,,,
efficiency,h2h_1st_5_innings,superbook,2024,843,725.0,0.23910080530672986,0.6708660359747264,0.5586206896551724,0.5292673926160885,0.02935329703908396,1.5917006678676984,0.1114519782052448,0.03901702037517086,,,,,,,0.5710344827586207,0.13997627520759193,,,,,,,
efficiency,h2h_1st_5_innings,superbook,pooled,843,725.0,0.23910080530672986,0.6708660359747264,0.5586206896551724,0.5292673926160885,0.02935329703908396,1.5917006678676984,0.1114519782052448,0.03901702037517086,,,,,,False,0.5710344827586207,0.13997627520759193,,,,,,,
efficiency,h2h_1st_5_innings,unibet_us,2023,870,753.0,0.24376177829195275,0.6804106564169785,0.5205843293492696,0.5304271865400781,-0.009842857190808574,-0.540651004032651,0.588748155548371,0.054714661662327684,,,,,,,0.5617529880478087,0.13448275862068965,,,,,,,
efficiency,h2h_1st_5_innings,unibet_us,2024,658,564.0,0.24279189925833206,0.6783357960376721,0.526595744680851,0.5301679611365199,-0.003572216455668853,-0.16991141919922373,0.8650798004847482,0.05510075714375284,,,,,,,0.5567375886524822,0.14285714285714285,,,,,,,
efficiency,h2h_1st_5_innings,unibet_us,pooled,1528,1317.0,0.24334643146206508,0.6795221057306241,0.5231586940015186,0.530316174294363,-0.007157480292844354,-0.5200551369252242,0.6030251460336239,0.05488092529241785,,,,,,False,0.5596051632498101,0.1380890052356021,,,,,,,
efficiency,h2h_1st_5_innings,williamhill_us,2023,866,750.0,0.24341373403184155,0.6797011290714438,0.524,0.5304282813918004,-0.006428281391800406,-0.3524977840456511,0.7244649800380684,0.05598116808402066,,,,,,,0.576,0.13394919168591224,,,,,,,
efficiency,h2h_1st_5_innings,williamhill_us,2024,1649,1425.0,0.2391748819818055,0.6710718834640563,0.5263157894736842,0.5291613466509533,-0.002845557177269087,-0.2151330304664789,0.8296636021839107,0.056046718985356014,,,,,,,0.5768421052631579,0.13583990297149787,,,,,,,
efficiency,h2h_1st_5_innings,williamhill_us,2025,298,250.0,0.2388455194616613,0.6700999970972332,0.616,0.5278274557230607,0.08817254427693932,2.8664700529114886,0.004150774285986696,0.057763011309245854,,,,,,,0.576,0.1610738255033557,,,,,,,
efficiency,h2h_1st_5_innings,williamhill_us,2026,889,760.0,0.24699490105011987,0.6870441575556029,0.5302631578947369,0.5304352975039728,-0.00017213960923589955,-0.009508556032302929,0.9924133842674588,0.0576485348532637,,,,,,,0.5328947368421053,0.14510686164229472,,,,,,,
efficiency,h2h_1st_5_innings,williamhill_us,pooled,3702,3185.0,0.24201319058444598,0.6768388821841222,0.533751962323391,0.5296589701900293,0.0040929921333616726,0.4630387930694989,0.6433365609660553,0.0565542020589737,,,,,,False,0.5660910518053375,0.1396542409508374,,,,,,,
efficiency,h2h_1st_5_innings,wynnbet,2024,969,837.0,0.24136965727510676,0.6755312112566056,0.5340501792114696,0.5294601319931178,0.004590047218351767,0.2662068798007576,0.7900798848294375,0.049775921175752434,,,,,,,0.5591397849462365,0.13622291021671826,,,,,,,
efficiency,h2h_1st_5_innings,wynnbet,pooled,969,837.0,0.24136965727510676,0.6755312112566056,0.5340501792114696,0.5294601319931178,0.004590047218351767,0.2662068798007576,0.7900798848294375,0.049775921175752434,,,,,,False,0.5591397849462365,0.13622291021671826,,,,,,,
static,totals_1st_5_innings,all,,5321,,,,,,,,,,,,,,,,,,always_over,all,-0.06284330037711253,-0.0688930191477568,0.9999997488262024,False,True
static,totals_1st_5_innings,all,,5321,,,,,,,,,,,,,,,,,,always_under,all,-0.0466008290909795,-0.05096421815858282,0.9998994355462291,False,True
static,totals_1st_5_innings,all,,4658,,,,,,,,,,,,,,,,,,always_over,low_le4p5,-0.059416884066983845,-0.06585119912542174,0.9999965102742152,False,True
static,totals_1st_5_innings,all,,4658,,,,,,,,,,,,,,,,,,always_under,low_le4p5,-0.05780723335937997,-0.059855380624962796,0.9999779713012856,False,True
static,totals_1st_5_innings,all,,1850,,,,,,,,,,,,,,,,,,always_over,mid_5to6,-0.044260841465144564,-0.04748659999340515,0.9794478259297398,False,False
static,totals_1st_5_innings,all,,1850,,,,,,,,,,,,,,,,,,always_under,mid_5to6,-0.06189662339950911,-0.07132270244846292,0.9989214542995621,False,True
static,totals_1st_5_innings,all,,98,,,,,,,,,,,,,,,,,,always_over,high_ge6p5,-0.1861236118612471,-0.18042356333832782,0.962958640078626,False,True
static,totals_1st_5_innings,all,,98,,,,,,,,,,,,,,,,,,always_under,high_ge6p5,0.06946045293154599,0.08078915040579551,0.21192151646724966,False,False
static,totals_1st_5_innings,pinnacle,,6,,,,,,,,,,,,,,,,,,always_over,all,-0.18542260208926875,-0.19383106113322737,0.6825306699589475,False,False
static,totals_1st_5_innings,pinnacle,,6,,,,,,,,,,,,,,,,,,always_under,all,0.11744303815915065,0.12569463272548106,0.37908388755585665,False,False
static,totals_1st_5_innings,pinnacle,,4,,,,,,,,,,,,,,,,,,always_over,low_le4p5,0.22186609686609687,0.2390130246874354,0.31631583230025256,False,False
static,totals_1st_5_innings,pinnacle,,4,,,,,,,,,,,,,,,,,,always_under,low_le4p5,-0.2863247863247863,-0.31994851588030654,0.7388802281152825,False,False
static,totals_1st_5_innings,pinnacle,,2,,,,,,,,,,,,,,,,,,always_over,mid_5to6,-1.0,0.0,,False,False
static,totals_1st_5_innings,pinnacle,,2,,,,,,,,,,,,,,,,,,always_under,mid_5to6,0.9249786871270247,11.803243962883142,7.454731853048063e-63,False,False
static,totals_1st_5_innings,soft,,5321,,,,,,,,,,,,,,,,,,always_over,all,-0.06284285081029105,-0.0688930667417609,0.9999997488307464,False,True
static,totals_1st_5_innings,soft,,5321,,,,,,,,,,,,,,,,,,always_under,all,-0.04659068730631431,-0.05095079313432992,0.9998990451303986,False,True
static,totals_1st_5_innings,soft,,4658,,,,,,,,,,,,,,,,,,always_over,low_le4p5,-0.05941965041149237,-0.06585465321024919,0.9999965141377607,False,True
static,totals_1st_5_innings,soft,,4658,,,,,,,,,,,,,,,,,,always_under,low_le4p5,-0.05780769303830501,-0.05985483971686222,0.9999779677986123,False,True
static,totals_1st_5_innings,soft,,1850,,,,,,,,,,,,,,,,,,always_over,mid_5to6,-0.044260841465144564,-0.04748659999340515,0.9794478259297398,False,False
static,totals_1st_5_innings,soft,,1850,,,,,,,,,,,,,,,,,,always_under,mid_5to6,-0.06192231436754067,-0.07135442012179073,0.998926367401838,False,True
static,totals_1st_5_innings,soft,,98,,,,,,,,,,,,,,,,,,always_over,high_ge6p5,-0.1861236118612471,-0.18042356333832782,0.962958640078626,False,True
static,totals_1st_5_innings,soft,,98,,,,,,,,,,,,,,,,,,always_under,high_ge6p5,0.06946045293154599,0.08078915040579551,0.21192151646724966,False,False
static,totals_1st_5_innings,majors,,5319,,,,,,,,,,,,,,,,,,always_over,all,-0.06814699715382705,-0.07533288686845731,0.9999999803688895,False,True
static,totals_1st_5_innings,majors,,5319,,,,,,,,,,,,,,,,,,always_under,all,-0.05243437150176058,-0.05640066329952484,0.9999805049114807,False,True
static,totals_1st_5_innings,majors,,4597,,,,,,,,,,,,,,,,,,always_over,low_le4p5,-0.06839072651248262,-0.07647933179510816,0.9999998922177398,False,True
static,totals_1st_5_innings,majors,,4597,,,,,,,,,,,,,,,,,,always_under,low_le4p5,-0.056198533928469,-0.05599766959467995,0.9999266848532332,False,True
static,totals_1st_5_innings,majors,,1515,,,,,,,,,,,,,,,,,,always_over,mid_5to6,-0.03928263884467656,-0.042877250050163886,0.9524325144246759,False,False
static,totals_1st_5_innings,majors,,1515,,,,,,,,,,,,,,,,,,always_under,mid_5to6,-0.07175249200906696,-0.08176590422929253,0.9992701398742523,False,True
static,totals_1st_5_innings,majors,,55,,,,,,,,,,,,,,,,,,always_over,high_ge6p5,-0.42445713672962565,-0.4670479968468911,0.9997336202679439,False,True
static,totals_1st_5_innings,majors,,55,,,,,,,,,,,,,,,,,,always_under,high_ge6p5,0.2804587790179345,0.3374779417062034,0.006160698333045983,False,True
static,totals_1st_5_innings,barstool,,434,,,,,,,,,,,,,,,,,,always_over,all,-0.012636870806064458,-0.01325058061113221,0.60874322094972,False,False
static,totals_1st_5_innings,barstool,,434,,,,,,,,,,,,,,,,,,always_under,all,-0.09272160223321115,-0.09748928449265155,0.9788705633829456,False,False
static,totals_1st_5_innings,barstool,,344,,,,,,,,,,,,,,,,,,always_over,low_le4p5,-0.008940074120218444,-0.00949350435211356,0.5698837758877371,False,False
static,totals_1st_5_innings,barstool,,344,,,,,,,,,,,,,,,,,,always_under,low_le4p5,-0.09846516164424379,-0.10242782131769528,0.9712672342930186,False,False
static,totals_1st_5_innings,barstool,,81,,,,,,,,,,,,,,,,,,always_over,mid_5to6,-0.016718644826252425,-0.016644823377117115,0.5595401406910916,False,False
static,totals_1st_5_innings,barstool,,81,,,,,,,,,,,,,,,,,,always_under,mid_5to6,-0.0836209620424238,-0.0915990292425145,0.7951413612430425,False,False
static,totals_1st_5_innings,barstool,,10,,,,,,,,,,,,,,,,,,always_over,high_ge6p5,-0.2054806201550387,-0.19968088806754927,0.7361256610994076,False,False
static,totals_1st_5_innings,barstool,,10,,,,,,,,,,,,,,,,,,always_under,high_ge6p5,0.13237885114929102,0.13513767560872877,0.33456481242088576,False,False
static,totals_1st_5_innings,betmgm,,5257,,,,,,,,,,,,,,,,,,always_over,all,-0.07001494095359313,-0.07897402783519876,0.999999994859461,False,True
static,totals_1st_5_innings,betmgm,,5257,,,,,,,,,,,,,,,,,,always_under,all,-0.05334339432236852,-0.05157721476184527,0.9999078487826071,False,True
static,totals_1st_5_innings,betmgm,,3984,,,,,,,,,,,,,,,,,,always_over,low_le4p5,-0.07797779154690082,-0.08853017921747987,0.9999999885104321,False,True
static,totals_1st_5_innings,betmgm,,3984,,,,,,,,,,,,,,,,,,always_under,low_le4p5,-0.04867026168720956,-0.04519505152857341,0.9978322750777051,False,True
static,totals_1st_5_innings,betmgm,,1276,,,,,,,,,,,,,,,,,,always_over,mid_5to6,-0.0352801434327335,-0.03906862364548927,0.9185788721072649,False,False
static,totals_1st_5_innings,betmgm,,1276,,,,,,,,,,,,,,,,,,always_under,mid_5to6,-0.07742763589438165,-0.08723070438247328,0.9990833276980076,False,True
static,totals_1st_5_innings,betmgm,,26,,,,,,,,,,,,,,,,,,always_over,high_ge6p5,-0.49276865832049777,-0.5778986190600792,0.9983941616216911,False,True
static,totals_1st_5_innings,betmgm,,26,,,,,,,,,,,,,,,,,,always_under,high_ge6p5,0.3638113299130248,0.43026889959345543,0.014119519571640725,False,True
static,totals_1st_5_innings,betonlineag,,5193,,,,,,,,,,,,,,,,,,always_over,all,-0.05296698357369985,-0.05700881889671795,0.9999800619584484,False,True
static,totals_1st_5_innings,betonlineag,,5193,,,,,,,,,,,,,,,,,,always_under,all,-0.029712886455709107,-0.03188775894728973,0.9892165657598608,False,True
static,totals_1st_5_innings,betonlineag,,3817,,,,,,,,,,,,,,,,,,always_over,low_le4p5,-0.05272120170971368,-0.05643425382076662,0.999755411558424,False,True
static,totals_1st_5_innings,betonlineag,,3817,,,,,,,,,,,,,,,,,,always_under,low_le4p5,-0.031091675803424895,-0.03301772951560601,0.979319717981739,False,False
static,totals_1st_5_innings,betonlineag,,1366,,,,,,,,,,,,,,,,,,always_over,mid_5to6,-0.04702526303843001,-0.05146250862555236,0.971416080167827,False,False
static,totals_1st_5_innings,betonlineag,,1366,,,,,,,,,,,,,,,,,,always_under,mid_5to6,-0.03267446396050936,-0.036142365355389075,0.9091929160168757,False,False
static,totals_1st_5_innings,betonlineag,,28,,,,,,,,,,,,,,,,,,always_over,high_ge6p5,-0.42806758056758065,-0.4643817886033087,0.9930002740180036,False,False
static,totals_1st_5_innings,betonlineag,,28,,,,,,,,,,,,,,,,,,always_under,high_ge6p5,0.34844733880068784,0.4002453959129358,0.017091787361937477,False,False
static,totals_1st_5_innings,betrivers,,694,,,,,,,,,,,,,,,,,,always_over,all,-0.03995825236841898,-0.042048986393482216,0.8660115236972965,False,False
static,totals_1st_5_innings,betrivers,,694,,,,,,,,,,,,,,,,,,always_under,all,-0.06638955169118255,-0.06966511253019919,0.9667656237471963,False,False
static,totals_1st_5_innings,betrivers,,537,,,,,,,,,,,,,,,,,,always_over,low_le4p5,-0.036649176929938465,-0.03917152685268945,0.8179900820071169,False,False
static,totals_1st_5_innings,betrivers,,537,,,,,,,,,,,,,,,,,,always_under,low_le4p5,-0.075531669241458,-0.07841851143587737,0.9654077160184611,False,False
static,totals_1st_5_innings,betrivers,,147,,,,,,,,,,,,,,,,,,always_over,mid_5to6,-0.048884099191191105,-0.04870539415830265,0.7225794690664095,False,False
static,totals_1st_5_innings,betrivers,,147,,,,,,,,,,,,,,,,,,always_under,mid_5to6,-0.03919063607568089,-0.04251052373088447,0.6968676731965147,False,False
static,totals_1st_5_innings,betrivers,,12,,,,,,,,,,,,,,,,,,always_over,high_ge6p5,-0.1679005167958656,-0.16282865626933674,0.7136416528393269,False,False
static,totals_1st_5_innings,betrivers,,12,,,,,,,,,,,,,,,,,,always_under,high_ge6p5,0.08917143068411067,0.09227264286672043,0.3746199375487782,False,False
static,totals_1st_5_innings,betus,,4851,,,,,,,,,,,,,,,,,,always_over,all,-0.0712599105847552,-0.07850436271335617,0.9999999772120576,False,True
static,totals_1st_5_innings,betus,,4851,,,,,,,,,,,,,,,,,,always_under,all,-0.050176476274873455,-0.05519308879118267,0.9999395145243374,False,True
static,totals_1st_5_innings,betus,,3621,,,,,,,,,,,,,,,,,,always_over,low_le4p5,-0.07196177377526797,-0.07881159206141987,0.9999989443464455,False,True
static,totals_1st_5_innings,betus,,3621,,,,,,,,,,,,,,,,,,always_under,low_le4p5,-0.05131824315377311,-0.055980973748346756,0.9996223010512533,False,True
static,totals_1st_5_innings,betus,,1224,,,,,,,,,,,,,,,,,,always_over,mid_5to6,-0.06255892904293199,-0.07018445477027684,0.9929646439573738,False,False
static,totals_1st_5_innings,betus,,1224,,,,,,,,,,,,,,,,,,always_under,mid_5to6,-0.053357471848487804,-0.060180945327636313,0.9823749303681861,False,False
static,totals_1st_5_innings,betus,,24,,,,,,,,,,,,,,,,,,always_over,high_ge6p5,-0.4441237962977094,-0.5015618694864356,0.9929976206596185,False,True
static,totals_1st_5_innings,betus,,24,,,,,,,,,,,,,,,,,,always_under,high_ge6p5,0.31975799823816603,0.3693371559808466,0.035196370509086444,False,False
static,totals_1st_5_innings,bovada,,5237,,,,,,,,,,,,,,,,,,always_over,all,-0.06576299316636051,-0.0721603438148394,0.9999999115168337,False,True
static,totals_1st_5_innings,bovada,,5237,,,,,,,,,,,,,,,,,,always_under,all,-0.05402679173753346,-0.05939653112068573,0.9999913965132655,False,True
static,totals_1st_5_innings,bovada,,3774,,,,,,,,,,,,,,,,,,always_over,low_le4p5,-0.07728248371967729,-0.0846164296188822,0.9999998994034445,False,True
static,totals_1st_5_innings,bovada,,3774,,,,,,,,,,,,,,,,,,always_under,low_le4p5,-0.044965338533995376,-0.04890315805713885,0.9986688716960306,False,True
static,totals_1st_5_innings,bovada,,1455,,,,,,,,,,,,,,,,,,always_over,mid_5to6,-0.02444891778374522,-0.02703201216308699,0.8487580924616439,False,False
static,totals_1st_5_innings,bovada,,1455,,,,,,,,,,,,,,,,,,always_under,mid_5to6,-0.08879091999964553,-0.10052574850580892,0.9999370901721418,False,True
static,totals_1st_5_innings,bovada,,34,,,,,,,,,,,,,,,,,,always_over,high_ge6p5,-0.42835885342279206,-0.476177245164207,0.9972531811475313,False,True
static,totals_1st_5_innings,bovada,,34,,,,,,,,,,,,,,,,,,always_under,high_ge6p5,0.29891302218667953,0.350857147058381,0.020386493245834924,False,False
static,totals_1st_5_innings,draftkings,,615,,,,,,,,,,,,,,,,,,always_over,all,-0.06572690679442181,-0.07225677273662275,0.9634262833440439,False,False
static,totals_1st_5_innings,draftkings,,615,,,,,,,,,,,,,,,,,,always_under,all,-0.054910696310484224,-0.06013888219569219,0.9320711921082752,False,False
static,totals_1st_5_innings,draftkings,,343,,,,,,,,,,,,,,,,,,always_over,low_le4p5,-0.07641942101315914,-0.08387651696811065,0.9398379692673751,False,False
static,totals_1st_5_innings,draftkings,,343,,,,,,,,,,,,,,,,,,always_under,low_le4p5,-0.047354569347217344,-0.050929253146498696,0.8272165661410216,False,False
static,totals_1st_5_innings,draftkings,,266,,,,,,,,,,,,,,,,,,always_over,mid_5to6,-0.030750945445289994,-0.03385575806814639,0.7095842979906589,False,False
static,totals_1st_5_innings,draftkings,,266,,,,,,,,,,,,,,,,,,always_under,mid_5to6,-0.08492593817863514,-0.09515151848369065,0.9396538486257993,False,False
static,totals_1st_5_innings,draftkings,,8,,,,,,,,,,,,,,,,,,always_over,high_ge6p5,-0.7663043478260869,-1.1593262342709674,0.9994792505803525,False,False
static,totals_1st_5_innings,draftkings,,8,,,,,,,,,,,,,,,,,,always_under,high_ge6p5,0.6154555589338198,0.9402247030164612,0.0039144972234821775,False,False
static,totals_1st_5_innings,fanduel,,4987,,,,,,,,,,,,,,,,,,always_over,all,-0.07098143777818187,-0.07482204139413448,0.9999999367463562,False,True
static,totals_1st_5_innings,fanduel,,4987,,,,,,,,,,,,,,,,,,always_under,all,-0.0512697510494766,-0.05464854954107009,0.9999431227398556,False,True
static,totals_1st_5_innings,fanduel,,4249,,,,,,,,,,,,,,,,,,always_over,low_le4p5,-0.07367098229940099,-0.07839253701906967,0.9999998388923539,False,True
static,totals_1st_5_innings,fanduel,,4249,,,,,,,,,,,,,,,,,,always_under,low_le4p5,-0.04882766674019456,-0.05158373081965046,0.9996137324565633,False,True
static,totals_1st_5_innings,fanduel,,700,,,,,,,,,,,,,,,,,,always_over,mid_5to6,-0.031992854068012264,-0.03199160552767487,0.8013402897149897,False,False
static,totals_1st_5_innings,fanduel,,700,,,,,,,,,,,,,,,,,,always_under,mid_5to6,-0.08685953589486871,-0.09753357032227941,0.9950670709738834,False,True
static,totals_1st_5_innings,fanduel,,51,,,,,,,,,,,,,,,,,,always_over,high_ge6p5,-0.41527890936043094,-0.45263128991560625,0.9993862974900378,False,True
static,totals_1st_5_innings,fanduel,,51,,,,,,,,,,,,,,,,,,always_under,high_ge6p5,0.268650760782633,0.3231042411483144,0.010515546792323777,False,True
static,totals_1st_5_innings,lowvig,,2116,,,,,,,,,,,,,,,,,,always_over,all,-0.04697802396025426,-0.05056968948042698,0.9899962105597824,False,True
static,totals_1st_5_innings,lowvig,,2116,,,,,,,,,,,,,,,,,,always_under,all,-0.03663806308819565,-0.03946566080095687,0.9652703355473997,False,True
static,totals_1st_5_innings,lowvig,,1602,,,,,,,,,,,,,,,,,,always_over,low_le4p5,-0.03412317792340955,-0.03648935485001531,0.9279217434148278,False,True
static,totals_1st_5_innings,lowvig,,1602,,,,,,,,,,,,,,,,,,always_under,low_le4p5,-0.050192040391797185,-0.05343603455758204,0.9837731280453489,False,True
static,totals_1st_5_innings,lowvig,,517,,,,,,,,,,,,,,,,,,always_over,mid_5to6,-0.07701066123271143,-0.08477579981601371,0.9730476195466805,False,False
static,totals_1st_5_innings,lowvig,,517,,,,,,,,,,,,,,,,,,always_under,mid_5to6,-0.004541905780221548,-0.005083908563946218,0.5460136541000931,False,False
static,totals_1st_5_innings,lowvig,,4,,,,,,,,,,,,,,,,,,always_over,high_ge6p5,-1.0,0.0,,False,False
static,totals_1st_5_innings,lowvig,,4,,,,,,,,,,,,,,,,,,always_under,high_ge6p5,0.8893280632411067,38.97114317029975,0.0,False,False
static,totals_1st_5_innings,mybookieag,,3943,,,,,,,,,,,,,,,,,,always_over,all,-0.04245341065122491,-0.04587700078897444,0.9980164674707552,False,True
static,totals_1st_5_innings,mybookieag,,3943,,,,,,,,,,,,,,,,,,always_under,all,-0.04685792642852555,-0.05064095246512452,0.9992634039207441,False,True
static,totals_1st_5_innings,mybookieag,,2873,,,,,,,,,,,,,,,,,,always_over,low_le4p5,-0.052549154609884706,-0.05649112791306836,0.998768887698557,False,True
static,totals_1st_5_innings,mybookieag,,2873,,,,,,,,,,,,,,,,,,always_under,low_le4p5,-0.038568567964462765,-0.04119113425275142,0.9863729887991902,False,True
static,totals_1st_5_innings,mybookieag,,1067,,,,,,,,,,,,,,,,,,always_over,mid_5to6,-0.003667218201556885,-0.004025861354159998,0.5523119355488828,False,False
static,totals_1st_5_innings,mybookieag,,1067,,,,,,,,,,,,,,,,,,always_under,mid_5to6,-0.08024537661727876,-0.0896980344720319,0.998305098573865,False,True
static,totals_1st_5_innings,mybookieag,,25,,,,,,,,,,,,,,,,,,always_over,high_ge6p5,-0.6921537006460301,-0.9614092376036343,0.9999992341169411,False,True
static,totals_1st_5_innings,mybookieag,,25,,,,,,,,,,,,,,,,,,always_under,high_ge6p5,0.5785952564290863,0.8195440639065936,2.0861948731000545e-05,False,True
static,totals_1st_5_innings,pointsbetus,,1279,,,,,,,,,,,,,,,,,,always_over,all,-0.08788903736456348,-0.08514407488777291,0.9988366637146443,False,True
static,totals_1st_5_innings,pointsbetus,,1279,,,,,,,,,,,,,,,,,,always_under,all,-0.04370648231451925,-0.05130451432607498,0.966732999931649,False,False
static,totals_1st_5_innings,pointsbetus,,646,,,,,,,,,,,,,,,,,,always_over,low_le4p5,-0.09732680008770678,-0.09711228255771331,0.993211364645122,False,True
static,totals_1st_5_innings,pointsbetus,,646,,,,,,,,,,,,,,,,,,always_under,low_le4p5,-0.03524997286406278,-0.040153011724194415,0.8462662099514449,False,False
static,totals_1st_5_innings,pointsbetus,,583,,,,,,,,,,,,,,,,,,always_over,mid_5to6,-0.07991174435726603,-0.07516150158207326,0.9652229814335105,False,True
static,totals_1st_5_innings,pointsbetus,,583,,,,,,,,,,,,,,,,,,always_under,mid_5to6,-0.05279708439534035,-0.06385533611102112,0.9384403794722826,False,False
static,totals_1st_5_innings,pointsbetus,,60,,,,,,,,,,,,,,,,,,always_over,high_ge6p5,-0.09666666666666665,-0.08947904538335003,0.7558771361872341,False,True
static,totals_1st_5_innings,pointsbetus,,60,,,,,,,,,,,,,,,,,,always_under,high_ge6p5,-0.022422906291854165,-0.02683530258257515,0.5823329514480975,False,False
static,totals_1st_5_innings,superbook,,843,,,,,,,,,,,,,,,,,,always_over,all,-0.03570785769970875,-0.03848350338339332,0.8680771833594516,False,False
static,totals_1st_5_innings,superbook,,843,,,,,,,,,,,,,,,,,,always_under,all,-0.044319954510010716,-0.04785630706724617,0.917656906301057,False,False
static,totals_1st_5_innings,superbook,,677,,,,,,,,,,,,,,,,,,always_over,low_le4p5,-0.007778621904240032,-0.00835404094496922,0.5860383045546554,False,False
static,totals_1st_5_innings,superbook,,677,,,,,,,,,,,,,,,,,,always_under,low_le4p5,-0.07377582819590396,-0.07906019454828149,0.9801609692988867,False,False
static,totals_1st_5_innings,superbook,,163,,,,,,,,,,,,,,,,,,always_over,mid_5to6,-0.13396071786309183,-0.1473223701382533,0.9700062935011864,False,False
static,totals_1st_5_innings,superbook,,163,,,,,,,,,,,,,,,,,,always_under,mid_5to6,0.060958850876162166,0.06843660481275557,0.1911299093401378,False,False
static,totals_1st_5_innings,superbook,,3,,,,,,,,,,,,,,,,,,always_over,high_ge6p5,-1.0,0.0,,False,False
static,totals_1st_5_innings,superbook,,3,,,,,,,,,,,,,,,,,,always_under,high_ge6p5,0.8827404479578392,38.68246803570493,0.0,False,False
static,totals_1st_5_innings,unibet_us,,694,,,,,,,,,,,,,,,,,,always_over,all,-0.04005844494199251,-0.04215860420664429,0.8666342831004433,False,False
static,totals_1st_5_innings,unibet_us,,694,,,,,,,,,,,,,,,,,,always_under,all,-0.06661609820642593,-0.0699204399468477,0.9672606449881036,False,False
static,totals_1st_5_innings,unibet_us,,537,,,,,,,,,,,,,,,,,,always_over,low_le4p5,-0.03677866230435192,-0.039315074033796596,0.8188677113717716,False,False
static,totals_1st_5_innings,unibet_us,,537,,,,,,,,,,,,,,,,,,always_under,low_le4p5,-0.07574669733052047,-0.07866098924593375,0.9658355492837044,False,False
static,totals_1st_5_innings,unibet_us,,147,,,,,,,,,,,,,,,,,,always_over,mid_5to6,-0.049020153612959805,-0.048848650455783384,0.7231612197332913,False,False
static,totals_1st_5_innings,unibet_us,,147,,,,,,,,,,,,,,,,,,always_under,mid_5to6,-0.039474671434540594,-0.0428313223510755,0.6982249851382498,False,False
static,totals_1st_5_innings,unibet_us,,12,,,,,,,,,,,,,,,,,,always_over,high_ge6p5,-0.16623385012919892,-0.16086691022082514,0.7113248685072855,False,False
static,totals_1st_5_innings,unibet_us,,12,,,,,,,,,,,,,,,,,,always_under,high_ge6p5,0.08917143068411067,0.09227264286672043,0.3746199375487782,False,False
static,totals_1st_5_innings,williamhill_us,,3702,,,,,,,,,,,,,,,,,,always_over,all,-0.052606540367314436,-0.05761029555287657,0.9997719058933261,False,True
static,totals_1st_5_innings,williamhill_us,,3702,,,,,,,,,,,,,,,,,,always_under,all,-0.06392870182495462,-0.06996444417200204,0.9999896369246257,False,True
static,totals_1st_5_innings,williamhill_us,,2750,,,,,,,,,,,,,,,,,,always_over,low_le4p5,-0.0568789469118144,-0.06214367569394204,0.999440659941751,False,True
static,totals_1st_5_innings,williamhill_us,,2750,,,,,,,,,,,,,,,,,,always_under,low_le4p5,-0.06211180331157238,-0.06743195383744952,0.9997970067841914,False,True
static,totals_1st_5_innings,williamhill_us,,940,,,,,,,,,,,,,,,,,,always_over,mid_5to6,-0.029274364241986817,-0.03231492466385709,0.839097832957983,False,False
static,totals_1st_5_innings,williamhill_us,,940,,,,,,,,,,,,,,,,,,always_under,mid_5to6,-0.07947976034835183,-0.08907069229151098,0.9968414939446374,False,True
static,totals_1st_5_innings,williamhill_us,,22,,,,,,,,,,,,,,,,,,always_over,high_ge6p5,-0.6541501976284585,-0.870659080635359,0.9999778429403876,False,True
static,totals_1st_5_innings,williamhill_us,,22,,,,,,,,,,,,,,,,,,always_under,high_ge6p5,0.5129356151095282,0.6985331603792375,0.0005256773166699054,False,True
static,totals_1st_5_innings,wynnbet,,971,,,,,,,,,,,,,,,,,,always_over,all,-0.046940227041503454,-0.04921798858544792,0.9374452463769526,False,False
static,totals_1st_5_innings,wynnbet,,971,,,,,,,,,,,,,,,,,,always_under,all,-0.05354401002014032,-0.056076054943037225,0.9597141756199116,False,False
static,totals_1st_5_innings,wynnbet,,899,,,,,,,,,,,,,,,,,,always_over,low_le4p5,-0.028515835653708032,-0.03000145661321477,0.8158183911407794,False,False
static,totals_1st_5_innings,wynnbet,,899,,,,,,,,,,,,,,,,,,always_under,low_le4p5,-0.07177173603679488,-0.0749337597517653,0.9876724287839521,False,False
static,totals_1st_5_innings,wynnbet,,65,,,,,,,,,,,,,,,,,,always_over,mid_5to6,-0.23112652622486643,-0.23520664042127848,0.971039579492825,False,False
static,totals_1st_5_innings,wynnbet,,65,,,,,,,,,,,,,,,,,,always_under,mid_5to6,0.1273667174550244,0.14120186274203653,0.12747553414953935,False,False
static,totals_1st_5_innings,wynnbet,,8,,,,,,,,,,,,,,,,,,always_over,high_ge6p5,-0.74,-1.006267342457779,0.9977874594848348,False,False
static,totals_1st_5_innings,wynnbet,,8,,,,,,,,,,,,,,,,,,always_under,high_ge6p5,0.6476885264667027,0.964268357372806,0.003192140282764923,False,False
static,totals_1st_1_innings,all,,2576,,,,,,,,,,,,,,,,,,always_over,all,-0.044844795717570725,-0.04425616642783106,0.9876541180871969,False,False
static,totals_1st_1_innings,all,,2576,,,,,,,,,,,,,,,,,,always_under,all,-0.06752011579734053,-0.08035994619602542,0.999977347471538,False,True
static,totals_1st_1_innings,all,,2576,,,,,,,,,,,,,,,,,,always_over,low_le4p5,-0.044844795717570725,-0.04425616642783106,0.9876541180871969,False,False
static,totals_1st_1_innings,all,,2576,,,,,,,,,,,,,,,,,,always_under,low_le4p5,-0.06752011579734053,-0.08035994619602542,0.999977347471538,False,True
static,totals_1st_1_innings,pinnacle,,2571,,,,,,,,,,,,,,,,,,always_over,all,-0.020965798132028177,-0.021162209605078582,0.8583712748889345,False,False
static,totals_1st_1_innings,pinnacle,,2571,,,,,,,,,,,,,,,,,,always_under,all,-0.0545453315040926,-0.05777228456125625,0.9983016162140856,False,True
static,totals_1st_1_innings,pinnacle,,2571,,,,,,,,,,,,,,,,,,always_over,low_le4p5,-0.020965798132028177,-0.021162209605078582,0.8583712748889345,False,False
static,totals_1st_1_innings,pinnacle,,2571,,,,,,,,,,,,,,,,,,always_under,low_le4p5,-0.0545453315040926,-0.05777228456125625,0.9983016162140856,False,True
static,totals_1st_1_innings,soft,,2576,,,,,,,,,,,,,,,,,,always_over,all,-0.050789449355789974,-0.04851798275043086,0.9931013287366292,False,True
static,totals_1st_1_innings,soft,,2576,,,,,,,,,,,,,,,,,,always_under,all,-0.06938792211062003,-0.08453789238024384,0.9999910929526022,False,True
static,totals_1st_1_innings,soft,,2576,,,,,,,,,,,,,,,,,,always_over,low_le4p5,-0.050789449355789974,-0.04851798275043086,0.9931013287366292,False,True
static,totals_1st_1_innings,soft,,2576,,,,,,,,,,,,,,,,,,always_under,low_le4p5,-0.06938792211062003,-0.08453789238024384,0.9999910929526022,False,True
static,totals_1st_1_innings,majors,,2070,,,,,,,,,,,,,,,,,,always_over,all,-0.04311862191934981,-0.04432432935384237,0.9781332022050097,False,True
static,totals_1st_1_innings,majors,,2070,,,,,,,,,,,,,,,,,,always_under,all,-0.07282772073866149,-0.07906715781399394,0.999839254980924,False,False
static,totals_1st_1_innings,majors,,2070,,,,,,,,,,,,,,,,,,always_over,low_le4p5,-0.04311862191934981,-0.04432432935384237,0.9781332022050097,False,True
static,totals_1st_1_innings,majors,,2070,,,,,,,,,,,,,,,,,,always_under,low_le4p5,-0.07282772073866149,-0.07906715781399394,0.999839254980924,False,False
static,totals_1st_1_innings,barstool,,170,,,,,,,,,,,,,,,,,,always_over,all,-0.06228283828619338,-0.05778955427586914,0.774420319379767,False,False
static,totals_1st_1_innings,barstool,,170,,,,,,,,,,,,,,,,,,always_under,all,-0.07581666984312709,-0.08748449309088326,0.8729939135883633,False,False
static,totals_1st_1_innings,barstool,,170,,,,,,,,,,,,,,,,,,always_over,low_le4p5,-0.06228283828619338,-0.05778955427586914,0.774420319379767,False,False
static,totals_1st_1_innings,barstool,,170,,,,,,,,,,,,,,,,,,always_under,low_le4p5,-0.07581666984312709,-0.08748449309088326,0.8729939135883633,False,False
static,totals_1st_1_innings,betmgm,,2041,,,,,,,,,,,,,,,,,,always_over,all,-0.0439792184295908,-0.04519048785155454,0.9794038914999047,False,True
static,totals_1st_1_innings,betmgm,,2041,,,,,,,,,,,,,,,,,,always_under,all,-0.07019715793414327,-0.07612936765680688,0.999708420995445,False,False
static,totals_1st_1_innings,betmgm,,2041,,,,,,,,,,,,,,,,,,always_over,low_le4p5,-0.0439792184295908,-0.04519048785155454,0.9794038914999047,False,True
static,totals_1st_1_innings,betmgm,,2041,,,,,,,,,,,,,,,,,,always_under,low_le4p5,-0.07019715793414327,-0.07612936765680688,0.999708420995445,False,False
static,totals_1st_1_innings,betonlineag,,1530,,,,,,,,,,,,,,,,,,always_over,all,-0.04997597453347978,-0.05104059205180788,0.9770582635752237,False,True
static,totals_1st_1_innings,betonlineag,,1530,,,,,,,,,,,,,,,,,,always_under,all,-0.07712560297755375,-0.084989466944361,0.99955692514294,False,False
static,totals_1st_1_innings,betonlineag,,1530,,,,,,,,,,,,,,,,,,always_over,low_le4p5,-0.04997597453347978,-0.05104059205180788,0.9770582635752237,False,True
static,totals_1st_1_innings,betonlineag,,1530,,,,,,,,,,,,,,,,,,always_under,low_le4p5,-0.07712560297755375,-0.084989466944361,0.99955692514294,False,False
static,totals_1st_1_innings,betrivers,,981,,,,,,,,,,,,,,,,,,always_over,all,-0.12223095492725128,-0.0984427054963594,0.9989764619105497,False,True
static,totals_1st_1_innings,betrivers,,981,,,,,,,,,,,,,,,,,,always_under,all,-0.005596282582545443,-0.007344146329888042,0.5909639900298616,False,False
static,totals_1st_1_innings,betrivers,,981,,,,,,,,,,,,,,,,,,always_over,low_le4p5,-0.12223095492725128,-0.0984427054963594,0.9989764619105497,False,True
static,totals_1st_1_innings,betrivers,,981,,,,,,,,,,,,,,,,,,always_under,low_le4p5,-0.005596282582545443,-0.007344146329888042,0.5909639900298616,False,False
static,totals_1st_1_innings,bovada,,1873,,,,,,,,,,,,,,,,,,always_over,all,-0.09314565457317744,-0.06660250045661063,0.9980269231431065,False,True
static,totals_1st_1_innings,bovada,,1873,,,,,,,,,,,,,,,,,,always_under,all,-0.055343058980058,-0.08579769901933586,0.9998976593006347,False,True
static,totals_1st_1_innings,bovada,,1873,,,,,,,,,,,,,,,,,,always_over,low_le4p5,-0.09314565457317744,-0.06660250045661063,0.9980269231431065,False,True
static,totals_1st_1_innings,bovada,,1873,,,,,,,,,,,,,,,,,,always_under,low_le4p5,-0.055343058980058,-0.08579769901933586,0.9998976593006347,False,True
static,totals_1st_1_innings,fanduel,,1659,,,,,,,,,,,,,,,,,,always_over,all,-0.07103992863457773,-0.07296221958495865,0.9985197571242374,False,True
static,totals_1st_1_innings,fanduel,,1659,,,,,,,,,,,,,,,,,,always_under,all,-0.04235903542584772,-0.04575521804076486,0.9688144041851561,False,False
static,totals_1st_1_innings,fanduel,,1659,,,,,,,,,,,,,,,,,,always_over,low_le4p5,-0.07103992863457773,-0.07296221958495865,0.9985197571242374,False,True
static,totals_1st_1_innings,fanduel,,1659,,,,,,,,,,,,,,,,,,always_under,low_le4p5,-0.04235903542584772,-0.04575521804076486,0.9688144041851561,False,False
static,totals_1st_1_innings,superbook,,223,,,,,,,,,,,,,,,,,,always_over,all,-0.1027973766519292,-0.10553357823519022,0.9424816129210761,False,False
static,totals_1st_1_innings,superbook,,223,,,,,,,,,,,,,,,,,,always_under,all,-0.019999907685559044,-0.021904542977891562,0.6282056068936295,False,False
static,totals_1st_1_innings,superbook,,223,,,,,,,,,,,,,,,,,,always_over,low_le4p5,-0.1027973766519292,-0.10553357823519022,0.9424816129210761,False,False
static,totals_1st_1_innings,superbook,,223,,,,,,,,,,,,,,,,,,always_under,low_le4p5,-0.019999907685559044,-0.021904542977891562,0.6282056068936295,False,False
static,totals_1st_1_innings,unibet_us,,397,,,,,,,,,,,,,,,,,,always_over,all,-0.04882106914652459,-0.038527342674565826,0.778652979628055,False,True
static,totals_1st_1_innings,unibet_us,,397,,,,,,,,,,,,,,,,,,always_under,all,-0.05435938458327512,-0.07071392600290877,0.9205772402816076,False,True
static,totals_1st_1_innings,unibet_us,,397,,,,,,,,,,,,,,,,,,always_over,low_le4p5,-0.04882106914652459,-0.038527342674565826,0.778652979628055,False,True
static,totals_1st_1_innings,unibet_us,,397,,,,,,,,,,,,,,,,,,always_under,low_le4p5,-0.05435938458327512,-0.07071392600290877,0.9205772402816076,False,True
static,totals_1st_1_innings,williamhill_us,,1945,,,,,,,,,,,,,,,,,,always_over,all,-0.044254954337298626,-0.04547887841174517,0.9775567484300511,False,True
static,totals_1st_1_innings,williamhill_us,,1945,,,,,,,,,,,,,,,,,,always_under,all,-0.07712054988869968,-0.08422414419993342,0.9998981834540336,False,False
static,totals_1st_1_innings,williamhill_us,,1945,,,,,,,,,,,,,,,,,,always_over,low_le4p5,-0.044254954337298626,-0.04547887841174517,0.9775567484300511,False,True
static,totals_1st_1_innings,williamhill_us,,1945,,,,,,,,,,,,,,,,,,always_under,low_le4p5,-0.07712054988869968,-0.08422414419993342,0.9998981834540336,False,False
static,h2h_1st_5_innings,all,,5321,,,,,,,,,,,,,,,,,,always_home,all,-0.0400490547249223,-0.047132606547431656,0.9997070907708238,False,True
static,h2h_1st_5_innings,all,,5321,,,,,,,,,,,,,,,,,,always_away,all,-0.05304623495425172,-0.055858095047839354,0.9999769511754777,False,True
static,h2h_1st_5_innings,all,,5321,,,,,,,,,,,,,,,,,,always_favorite,all,-0.054548711255406016,-0.0751970107874449,0.9999999793568967,False,True
static,h2h_1st_5_innings,all,,5321,,,,,,,,,,,,,,,,,,always_dog,all,-0.038546578423768005,-0.039462245032903985,0.9980026550750524,False,False
static,h2h_1st_5_innings,soft,,5321,,,,,,,,,,,,,,,,,,always_home,all,-0.0400490547249223,-0.047132606547431656,0.9997070907708238,False,True
static,h2h_1st_5_innings,soft,,5321,,,,,,,,,,,,,,,,,,always_away,all,-0.05304623495425172,-0.055858095047839354,0.9999769511754777,False,True
static,h2h_1st_5_innings,soft,,5321,,,,,,,,,,,,,,,,,,always_favorite,all,-0.054548711255406016,-0.0751970107874449,0.9999999793568967,False,True
static,h2h_1st_5_innings,soft,,5321,,,,,,,,,,,,,,,,,,always_dog,all,-0.038546578423768005,-0.039462245032903985,0.9980026550750524,False,False
static,h2h_1st_5_innings,majors,,5320,,,,,,,,,,,,,,,,,,always_home,all,-0.042662216505131106,-0.05039204588108117,0.9998813134089214,False,True
static,h2h_1st_5_innings,majors,,5320,,,,,,,,,,,,,,,,,,always_away,all,-0.05654714980276199,-0.05979551708924651,0.9999935379188469,False,True
static,h2h_1st_5_innings,majors,,5320,,,,,,,,,,,,,,,,,,always_favorite,all,-0.05668162932653319,-0.07764963359900699,0.9999999925900094,False,True
static,h2h_1st_5_innings,majors,,5320,,,,,,,,,,,,,,,,,,always_dog,all,-0.0425277369813599,-0.0434981316064637,0.9992448083192832,False,False
static,h2h_1st_5_innings,barstool,,804,,,,,,,,,,,,,,,,,,always_home,all,-0.05670333466040164,-0.06630601915406319,0.969952783516317,False,False
static,h2h_1st_5_innings,barstool,,804,,,,,,,,,,,,,,,,,,always_away,all,-0.028767155575331868,-0.029637231141158227,0.7996468666679027,False,False
static,h2h_1st_5_innings,barstool,,804,,,,,,,,,,,,,,,,,,always_favorite,all,-0.04476644241967497,-0.05806190555693257,0.9501530246659933,False,False
static,h2h_1st_5_innings,barstool,,804,,,,,,,,,,,,,,,,,,always_dog,all,-0.04070404781605855,-0.03917844907246652,0.8666944660568483,False,False
static,h2h_1st_5_innings,betmgm,,5265,,,,,,,,,,,,,,,,,,always_home,all,-0.04343201983613523,-0.05135634229414979,0.9999028955201659,False,True
static,h2h_1st_5_innings,betmgm,,5265,,,,,,,,,,,,,,,,,,always_away,all,-0.055944367448636685,-0.05922149556180892,0.9999913488388998,False,True
static,h2h_1st_5_innings,betmgm,,5265,,,,,,,,,,,,,,,,,,always_favorite,all,-0.05551022311624911,-0.07203966774023013,0.9999999139617634,False,True
static,h2h_1st_5_innings,betmgm,,5265,,,,,,,,,,,,,,,,,,always_dog,all,-0.04386616416852279,-0.043565344258282956,0.9992141686613731,False,False
static,h2h_1st_5_innings,betonlineag,,5193,,,,,,,,,,,,,,,,,,always_home,all,-0.02827648997577218,-0.032757409402400205,0.9908768070418722,False,True
static,h2h_1st_5_innings,betonlineag,,5193,,,,,,,,,,,,,,,,,,always_away,all,-0.039660578378437915,-0.0410370988561686,0.9984479419053366,False,True
static,h2h_1st_5_innings,betonlineag,,5193,,,,,,,,,,,,,,,,,,always_favorite,all,-0.04842145982428485,-0.06205024654773262,0.9999961162518374,False,True
static,h2h_1st_5_innings,betonlineag,,5193,,,,,,,,,,,,,,,,,,always_dog,all,-0.019515608529925246,-0.01886772701354373,0.9130304482258912,False,False
static,h2h_1st_5_innings,betrivers,,5278,,,,,,,,,,,,,,,,,,always_home,all,-0.04577925360526438,-0.05424953423242166,0.9999594659296316,False,True
static,h2h_1st_5_innings,betrivers,,5278,,,,,,,,,,,,,,,,,,always_away,all,-0.05696644266012582,-0.06027712557330813,0.9999940421295923,False,True
static,h2h_1st_5_innings,betrivers,,5278,,,,,,,,,,,,,,,,,,always_favorite,all,-0.05757178144288701,-0.07503668015204877,0.9999999750130384,False,True
static,h2h_1st_5_innings,betrivers,,5278,,,,,,,,,,,,,,,,,,always_dog,all,-0.045173914822503186,-0.0448037827069869,0.9994330139663137,False,False
static,h2h_1st_5_innings,betus,,4851,,,,,,,,,,,,,,,,,,always_home,all,-0.030442808790679864,-0.0353013534104498,0.9930281054146173,False,True
static,h2h_1st_5_innings,betus,,4851,,,,,,,,,,,,,,,,,,always_away,all,-0.03807084715670068,-0.03942765191850988,0.996984592895527,False,False
static,h2h_1st_5_innings,betus,,4851,,,,,,,,,,,,,,,,,,always_favorite,all,-0.04696447291883483,-0.06010418843603394,0.9999858170703868,False,True
static,h2h_1st_5_innings,betus,,4851,,,,,,,,,,,,,,,,,,always_dog,all,-0.021549183028545704,-0.020879415138168465,0.9270591271677895,False,False
static,h2h_1st_5_innings,bovada,,5231,,,,,,,,,,,,,,,,,,always_home,all,-0.05048995854929802,-0.060015101874064905,0.9999928963060581,False,True
static,h2h_1st_5_innings,bovada,,5231,,,,,,,,,,,,,,,,,,always_away,all,-0.06183686440088657,-0.06600373618513357,0.9999990959255042,False,True
static,h2h_1st_5_innings,bovada,,5231,,,,,,,,,,,,,,,,,,always_favorite,all,-0.06553060458713636,-0.08569564391186156,0.9999999997140623,False,True
static,h2h_1st_5_innings,bovada,,5231,,,,,,,,,,,,,,,,,,always_dog,all,-0.04679621836304822,-0.04678156424900278,0.9996421682879473,False,False
static,h2h_1st_5_innings,draftkings,,5247,,,,,,,,,,,,,,,,,,always_home,all,-0.04426424447241601,-0.052476465763520365,0.9999279999420008,False,True
static,h2h_1st_5_innings,draftkings,,5247,,,,,,,,,,,,,,,,,,always_away,all,-0.061874562151904636,-0.06569473299522927,0.9999990256625445,False,True
static,h2h_1st_5_innings,draftkings,,5247,,,,,,,,,,,,,,,,,,always_favorite,all,-0.0611228805904216,-0.07971548748352536,0.9999999961359802,False,True
static,h2h_1st_5_innings,draftkings,,5247,,,,,,,,,,,,,,,,,,always_dog,all,-0.045015926033899034,-0.04477735844323239,0.9994096474856148,False,False
static,h2h_1st_5_innings,fanatics,,1482,,,,,,,,,,,,,,,,,,always_home,all,-0.026056943565590313,-0.031135906479479912,0.8846643299156027,False,False
static,h2h_1st_5_innings,fanatics,,1482,,,,,,,,,,,,,,,,,,always_away,all,-0.09118846467528188,-0.09925878917886698,0.9999335821897367,False,False
static,h2h_1st_5_innings,fanatics,,1482,,,,,,,,,,,,,,,,,,always_favorite,all,-0.03968822095828443,-0.05240307128358317,0.9781704001992768,False,False
static,h2h_1st_5_innings,fanatics,,1482,,,,,,,,,,,,,,,,,,always_dog,all,-0.07755718728258774,-0.07865957170133518,0.9987696719992281,False,False
static,h2h_1st_5_innings,fanduel,,4988,,,,,,,,,,,,,,,,,,always_home,all,-0.04339356157568225,-0.051127572720548374,0.9998474462096135,False,True
static,h2h_1st_5_innings,fanduel,,4988,,,,,,,,,,,,,,,,,,always_away,all,-0.050905299248983654,-0.05375700183211157,0.9999266617347377,False,True
static,h2h_1st_5_innings,fanduel,,4988,,,,,,,,,,,,,,,,,,always_favorite,all,-0.05573188251294395,-0.07222446731494597,0.9999998309869033,False,True
static,h2h_1st_5_innings,fanduel,,4988,,,,,,,,,,,,,,,,,,always_dog,all,-0.03856697831172196,-0.03815890575685265,0.9964805923898549,False,False
static,h2h_1st_5_innings,lowvig,,2116,,,,,,,,,,,,,,,,,,always_home,all,-0.04464824082079374,-0.05147362017382032,0.9910525711654512,False,True
static,h2h_1st_5_innings,lowvig,,2116,,,,,,,,,,,,,,,,,,always_away,all,-0.024105823294717287,-0.02468329352592732,0.8719027166228532,False,False
static,h2h_1st_5_innings,lowvig,,2116,,,,,,,,,,,,,,,,,,always_favorite,all,-0.03909717250059457,-0.050076501671125824,0.9893751724642442,False,True
static,h2h_1st_5_innings,lowvig,,2116,,,,,,,,,,,,,,,,,,always_dog,all,-0.029656891614916463,-0.028318754356350576,0.9036550292550983,False,False
static,h2h_1st_5_innings,mybookieag,,3936,,,,,,,,,,,,,,,,,,always_home,all,-0.04508336792466991,-0.052993415805894624,0.9995573948762039,False,True
static,h2h_1st_5_innings,mybookieag,,3936,,,,,,,,,,,,,,,,,,always_away,all,-0.04508331072747833,-0.04737330123039542,0.998521075057181,False,True
static,h2h_1st_5_innings,mybookieag,,3936,,,,,,,,,,,,,,,,,,always_favorite,all,-0.05616113486193545,-0.07212743362130167,0.9999969816289808,False,True
static,h2h_1st_5_innings,mybookieag,,3936,,,,,,,,,,,,,,,,,,always_dog,all,-0.03400554379021279,-0.03362296305306614,0.9825459258744024,False,False
static,h2h_1st_5_innings,pointsbetus,,1279,,,,,,,,,,,,,,,,,,always_home,all,-0.062316013333435866,-0.07365346244144444,0.9957816803809043,False,True
static,h2h_1st_5_innings,pointsbetus,,1279,,,,,,,,,,,,,,,,,,always_away,all,-0.042632078744215485,-0.04492107684706888,0.9459198613558737,False,True
static,h2h_1st_5_innings,pointsbetus,,1279,,,,,,,,,,,,,,,,,,always_favorite,all,-0.06045879818495126,-0.0788090545656154,0.9975872451502681,False,True
static,h2h_1st_5_innings,pointsbetus,,1279,,,,,,,,,,,,,,,,,,always_dog,all,-0.04448929389270009,-0.043877980298314447,0.9417008435184202,False,True
static,h2h_1st_5_innings,superbook,,843,,,,,,,,,,,,,,,,,,always_home,all,0.013210050796276537,0.0153160539145832,0.3282706735157853,False,False
static,h2h_1st_5_innings,superbook,,843,,,,,,,,,,,,,,,,,,always_away,all,-0.09153872267343477,-0.09577149617832469,0.9972876900757396,False,False
static,h2h_1st_5_innings,superbook,,843,,,,,,,,,,,,,,,,,,always_favorite,all,-0.03214766289339915,-0.04118224808822379,0.8840940387651964,False,False
static,h2h_1st_5_innings,superbook,,843,,,,,,,,,,,,,,,,,,always_dog,all,-0.04618100898375909,-0.044993366114161486,0.9042846117022926,False,False
static,h2h_1st_5_innings,unibet_us,,1528,,,,,,,,,,,,,,,,,,always_home,all,-0.05347521137617643,-0.0624364944619104,0.9926689656747394,False,True
static,h2h_1st_5_innings,unibet_us,,1528,,,,,,,,,,,,,,,,,,always_away,all,-0.03289278862185867,-0.03417371461295379,0.9091989214062043,False,True
static,h2h_1st_5_innings,unibet_us,,1528,,,,,,,,,,,,,,,,,,always_favorite,all,-0.06258503952008093,-0.08113335196544469,0.9992416616477628,False,True
static,h2h_1st_5_innings,unibet_us,,1528,,,,,,,,,,,,,,,,,,always_dog,all,-0.023782960477954165,-0.023052144436306606,0.8162324342766774,False,True
static,h2h_1st_5_innings,williamhill_us,,3702,,,,,,,,,,,,,,,,,,always_home,all,-0.0393486083813942,-0.04630069530184455,0.9975771973961363,False,False
static,h2h_1st_5_innings,williamhill_us,,3702,,,,,,,,,,,,,,,,,,always_away,all,-0.05530788111498906,-0.05786814125065625,0.9997849842337324,False,True
static,h2h_1st_5_innings,williamhill_us,,3702,,,,,,,,,,,,,,,,,,always_favorite,all,-0.052247368826393026,-0.06797055693338357,0.9999822989535255,False,True
static,h2h_1st_5_innings,williamhill_us,,3702,,,,,,,,,,,,,,,,,,always_dog,all,-0.04240912066999024,-0.04148733704902909,0.9942028623453899,False,False
static,h2h_1st_5_innings,wynnbet,,969,,,,,,,,,,,,,,,,,,always_home,all,-0.034584830966682856,-0.040397465283698655,0.8957178776160054,False,False
static,h2h_1st_5_innings,wynnbet,,969,,,,,,,,,,,,,,,,,,always_away,all,-0.054110306234906286,-0.05663956566297043,0.9610598500133223,False,False
static,h2h_1st_5_innings,wynnbet,,969,,,,,,,,,,,,,,,,,,always_favorite,all,-0.05578463285804356,-0.07160350017125197,0.9870906693548754,False,False
static,h2h_1st_5_innings,wynnbet,,969,,,,,,,,,,,,,,,,,,always_dog,all,-0.032910504343545574,-0.032293419535445414,0.8426127836774742,False,False
