source_file,study,tier,window,metric,verdict,n_folds,n_arms,fold_win_rate,fold_wins,pct_lift_vs_foil,pbo,dsr,observed_sr,sr0,var_trials_sr,p_one_sided,bh_cutoff,bound_by,null_state,reason,retest_trigger,folds_needed,extra_seasons,max_field_size,legacy_clause_passes,calibrated_clause_passes,extraction
quant_sports_intel_models/baseball/edge_program/ablation_results/e7_12_artifacts/e7_12_slice1_pitchers_summary.json,e7_12_slice1 (pitcher),MiLB→MLB translation (pitcher),2016–2026 debut cohorts,k_pct,DROP,11.0,14.0,0.7272727272727273,8.0,1.057383103360559,0.4142857142857143,,,,,0.11307773896041491,,PBO,POWER_LIMITED,`k_pct`: insufficient recorded statistics to certify the null as powered. Absent a detectability figure the honest default is POWER-LIMITED — a null is trustworthy only when something was computed to make it so.,,,,,True,True,rich
quant_sports_intel_models/baseball/edge_program/ablation_results/e7_12_artifacts/e7_12_slice1_pitchers_summary.json,e7_12_slice1 (pitcher),MiLB→MLB translation (pitcher),2016–2026 debut cohorts,bb_pct,ADD,11.0,14.0,0.7272727272727273,8.0,3.1164540118690307,0.32857142857142857,,,,,0.05267463448260456,,nothing — this arm SHIPPED under its own study's gate,SHIPPED (not a null),`bb_pct`: this arm ADDed under its own study's pre-registered gate. It is in the inventory for completeness — a null classifier has nothing to say about a result that shipped.,,,,,True,True,rich
quant_sports_intel_models/baseball/edge_program/ablation_results/e7_12_artifacts/e7_12_slice1_pitchers_summary.json,e7_12_slice1 (pitcher),MiLB→MLB translation (pitcher),2016–2026 debut cohorts,hr_rate,ADD,11.0,14.0,0.7272727272727273,8.0,1.2762718661660026,0.17142857142857143,,,,,0.010091212323109272,,nothing — this arm SHIPPED under its own study's gate,SHIPPED (not a null),`hr_rate`: this arm ADDed under its own study's pre-registered gate. It is in the inventory for completeness — a null classifier has nothing to say about a result that shipped.,,,,,True,True,rich
quant_sports_intel_models/baseball/edge_program/ablation_results/e7_12_artifacts/e7_12_slice1_pitchers_summary.json,e7_12_slice1 (pitcher),MiLB→MLB translation (pitcher),2016–2026 debut cohorts,gb_pct,DROP,11.0,14.0,0.5454545454545454,6.0,0.3074097540357665,0.0,,,,,0.13346332111219086,,fold-consistency clause,POWER_LIMITED,`gb_pct`: insufficient recorded statistics to certify the null as powered. Absent a detectability figure the honest default is POWER-LIMITED — a null is trustworthy only when something was computed to make it so.,,,,,False,False,rich
quant_sports_intel_models/baseball/edge_program/ablation_results/e7_12_artifacts/e7_12_slice1_pitchers_summary.json,e7_12_slice1 (pitcher),MiLB→MLB translation (pitcher),2016–2026 debut cohorts,xwoba_against,DROP,4.0,14.0,0.5,2.0,1.339869130432299,0.5,,,,,0.21427559265638224,,fold-consistency clause,POWER_LIMITED,`xwoba_against`: insufficient recorded statistics to certify the null as powered. Absent a detectability figure the honest default is POWER-LIMITED — a null is trustworthy only when something was computed to make it so.,,,,,False,False,rich
quant_sports_intel_models/baseball/edge_program/ablation_results/e7_12_artifacts/e7_12_slice1_summary.json,e7_12_slice1 (batter),MiLB→MLB translation (batter),2016–2026 debut cohorts,woba,ADD,11.0,11.0,0.7272727272727273,8.0,0.931908310935137,0.2714285714285714,,,,,0.06026896246805901,,nothing — this arm SHIPPED under its own study's gate,SHIPPED (not a null),`woba`: this arm ADDed under its own study's pre-registered gate. It is in the inventory for completeness — a null classifier has nothing to say about a result that shipped.,,,,,True,True,rich
quant_sports_intel_models/baseball/edge_program/ablation_results/e7_12_artifacts/e7_12_slice1_summary.json,e7_12_slice1 (batter),MiLB→MLB translation (batter),2016–2026 debut cohorts,k_pct,ADD,11.0,11.0,0.7272727272727273,8.0,3.5004698925184203,0.3,,,,,0.021107673477703696,,nothing — this arm SHIPPED under its own study's gate,SHIPPED (not a null),`k_pct`: this arm ADDed under its own study's pre-registered gate. It is in the inventory for completeness — a null classifier has nothing to say about a result that shipped.,,,,,True,True,rich
quant_sports_intel_models/baseball/edge_program/ablation_results/e7_12_artifacts/e7_12_slice1_summary.json,e7_12_slice1 (batter),MiLB→MLB translation (batter),2016–2026 debut cohorts,bb_pct,ADD,11.0,11.0,0.8181818181818182,9.0,3.3367755075539,0.014285714285714285,,,,,0.015841138549684036,,nothing — this arm SHIPPED under its own study's gate,SHIPPED (not a null),`bb_pct`: this arm ADDed under its own study's pre-registered gate. It is in the inventory for completeness — a null classifier has nothing to say about a result that shipped.,,,,,True,True,rich
quant_sports_intel_models/baseball/edge_program/ablation_results/e7_12_artifacts/e7_12_slice1_summary.json,e7_12_slice1 (batter),MiLB→MLB translation (batter),2016–2026 debut cohorts,iso,ADD,11.0,11.0,0.9090909090909091,10.0,5.0600718820539905,0.0,,,,,0.0018847958510437707,,nothing — this arm SHIPPED under its own study's gate,SHIPPED (not a null),`iso`: this arm ADDed under its own study's pre-registered gate. It is in the inventory for completeness — a null classifier has nothing to say about a result that shipped.,,,,,True,True,rich
quant_sports_intel_models/baseball/edge_program/ablation_results/e7_15_artifacts/e7_15_h1_pitchers_summary.json,e7_15_h1 (pitcher),MiLB→MLB translation (pitcher),2016–2026 debut cohorts,k_pct,DROP,11.0,5.0,0.6363636363636364,7.0,0.11634490933187684,0.6714285714285714,0.8569800343170187,,0.28843818114606945,,0.06430371546185935,0.025,PBO,POWER_LIMITED,`k_pct`: insufficient recorded statistics to certify the null as powered. Absent a detectability figure the honest default is POWER-LIMITED — a null is trustworthy only when something was computed to make it so.,,,,,True,False,rich
quant_sports_intel_models/baseball/edge_program/ablation_results/e7_15_artifacts/e7_15_h1_pitchers_summary.json,e7_15_h1 (pitcher),MiLB→MLB translation (pitcher),2016–2026 debut cohorts,bb_pct,DROP,11.0,5.0,0.5454545454545454,6.0,0.2980759133773396,0.8142857142857143,0.489409680498217,,0.3412227505506842,,0.14543638454801294,0.025,fold-consistency clause,POWER_LIMITED,`bb_pct`: insufficient recorded statistics to certify the null as powered. Absent a detectability figure the honest default is POWER-LIMITED — a null is trustworthy only when something was computed to make it so.,,,,,False,False,rich
quant_sports_intel_models/baseball/edge_program/ablation_results/e7_15_artifacts/e7_15_h1_pitchers_summary.json,e7_15_h1 (pitcher),MiLB→MLB translation (pitcher),2016–2026 debut cohorts,hr_rate,DROP,11.0,5.0,0.7272727272727273,8.0,0.10401517542636668,0.14285714285714285,0.6021126972644208,,0.4142969128221078,,0.08128001935085387,0.025,DSR,POWER_LIMITED,`hr_rate`: insufficient recorded statistics to certify the null as powered. Absent a detectability figure the honest default is POWER-LIMITED — a null is trustworthy only when something was computed to make it so.,,,,,True,True,rich
quant_sports_intel_models/baseball/edge_program/ablation_results/e7_15_artifacts/e7_15_h1_pitchers_summary.json,e7_15_h1 (pitcher),MiLB→MLB translation (pitcher),2016–2026 debut cohorts,gb_pct,DROP,11.0,5.0,0.5454545454545454,6.0,0.2482014121704303,0.6428571428571429,0.37165402019110017,,0.3572670884887588,,0.1747219905699286,0.025,fold-consistency clause,POWER_LIMITED,`gb_pct`: insufficient recorded statistics to certify the null as powered. Absent a detectability figure the honest default is POWER-LIMITED — a null is trustworthy only when something was computed to make it so.,,,,,False,False,rich
quant_sports_intel_models/baseball/edge_program/ablation_results/e7_15_artifacts/e7_15_h1_pitchers_summary.json,e7_15_h1 (pitcher),MiLB→MLB translation (pitcher),2016–2026 debut cohorts,xwoba_against,DROP,4.0,5.0,,,,0.16666666666666666,,,,,,0.025,n/a — the mechanism cannot act on this population,INACTIVE,"`xwoba_against` (pitcher): no ACTIVE arm — the mechanism has no rows it can move on this population, so the run measured nothing about the effect. E7.15's `xwoba_against` is the canonical case (a Triple-A-only Statcast feature ⇒ ZERO within-player level transitions). Neither a power problem nor a defect.",a population on which the mechanism can act at all,,,,,,rich
quant_sports_intel_models/baseball/edge_program/ablation_results/e7_15_artifacts/e7_15_h1_summary.json,e7_15_h1 (batter),MiLB→MLB translation (batter),2016–2026 debut cohorts,woba,DROP,11.0,5.0,0.45454545454545453,5.0,-0.03851849385533302,0.44285714285714284,0.024282308667881346,,0.08485406056520042,,0.898641188424927,0.025,point estimate (best arm loses on average),GENUINE_ABSENCE,`woba`: the best arm does not beat the foil ON AVERAGE. No sample size rescues a negative point estimate and no field size changes its sign — do NOT re-test.,,,,,False,False,rich
quant_sports_intel_models/baseball/edge_program/ablation_results/e7_15_artifacts/e7_15_h1_summary.json,e7_15_h1 (batter),MiLB→MLB translation (batter),2016–2026 debut cohorts,k_pct,DROP,11.0,5.0,0.36363636363636365,4.0,-0.03665934600395657,0.6285714285714286,0.16094185910429348,,0.05413936545106112,,0.8050743419974336,0.025,point estimate (best arm loses on average),GENUINE_ABSENCE,`k_pct`: the best arm does not beat the foil ON AVERAGE. No sample size rescues a negative point estimate and no field size changes its sign — do NOT re-test.,,,,,False,False,rich
quant_sports_intel_models/baseball/edge_program/ablation_results/e7_15_artifacts/e7_15_h1_summary.json,e7_15_h1 (batter),MiLB→MLB translation (batter),2016–2026 debut cohorts,bb_pct,DROP,11.0,5.0,0.7272727272727273,8.0,0.517300588800965,0.5142857142857142,0.8439847627571027,,0.1286127790055237,,0.16234805854847023,0.025,PBO,POWER_LIMITED,`bb_pct`: insufficient recorded statistics to certify the null as powered. Absent a detectability figure the honest default is POWER-LIMITED — a null is trustworthy only when something was computed to make it so.,,,,,True,True,rich
quant_sports_intel_models/baseball/edge_program/ablation_results/e7_15_artifacts/e7_15_h1_summary.json,e7_15_h1 (batter),MiLB→MLB translation (batter),2016–2026 debut cohorts,iso,DROP,11.0,5.0,0.7272727272727273,8.0,0.0516303309545652,0.7,0.7044825433259194,,0.2682975596685497,,0.10425695526727966,0.025,PBO,POWER_LIMITED,`iso`: insufficient recorded statistics to certify the null as powered. Absent a detectability figure the honest default is POWER-LIMITED — a null is trustworthy only when something was computed to make it so.,,,,,True,True,rich
quant_sports_intel_models/baseball/edge_program/ablation_results/e7_15_artifacts/e7_15_h2_pitchers_summary.json,e7_15_h2 (pitcher),MiLB→MLB translation (pitcher),2016–2026 debut cohorts,k_pct,DROP,11.0,4.0,0.5454545454545454,6.0,0.07752042514674723,0.9857142857142858,0.38483354906946476,,0.2362168961343171,,0.3183079028706186,0.025,fold-consistency clause,POWER_LIMITED,`k_pct`: insufficient recorded statistics to certify the null as powered. Absent a detectability figure the honest default is POWER-LIMITED — a null is trustworthy only when something was computed to make it so.,,,,,False,False,rich
quant_sports_intel_models/baseball/edge_program/ablation_results/e7_15_artifacts/e7_15_h2_pitchers_summary.json,e7_15_h2 (pitcher),MiLB→MLB translation (pitcher),2016–2026 debut cohorts,bb_pct,DROP,11.0,4.0,0.2727272727272727,3.0,-0.10641664600556136,0.5857142857142857,0.18975639929748594,,0.06721304819131994,,0.753494077900753,0.025,point estimate (best arm loses on average),GENUINE_ABSENCE,`bb_pct`: the best arm does not beat the foil ON AVERAGE. No sample size rescues a negative point estimate and no field size changes its sign — do NOT re-test.,,,,,False,False,rich
quant_sports_intel_models/baseball/edge_program/ablation_results/e7_15_artifacts/e7_15_h2_pitchers_summary.json,e7_15_h2 (pitcher),MiLB→MLB translation (pitcher),2016–2026 debut cohorts,hr_rate,DROP,11.0,4.0,0.7272727272727273,8.0,0.14704630226586793,0.6285714285714286,0.8000743709905515,,0.14588104864915147,,0.08825732454890997,0.025,PBO,POWER_LIMITED,`hr_rate`: insufficient recorded statistics to certify the null as powered. Absent a detectability figure the honest default is POWER-LIMITED — a null is trustworthy only when something was computed to make it so.,,,,,True,True,rich
quant_sports_intel_models/baseball/edge_program/ablation_results/e7_15_artifacts/e7_15_h2_pitchers_summary.json,e7_15_h2 (pitcher),MiLB→MLB translation (pitcher),2016–2026 debut cohorts,gb_pct,DROP,11.0,4.0,0.45454545454545453,5.0,0.04901957802492111,0.4142857142857143,0.33498944274814685,,0.24311026335869323,,0.35889218074868096,0.025,fold-consistency clause,POWER_LIMITED,`gb_pct`: insufficient recorded statistics to certify the null as powered. Absent a detectability figure the honest default is POWER-LIMITED — a null is trustworthy only when something was computed to make it so.,,,,,False,False,rich
quant_sports_intel_models/baseball/edge_program/ablation_results/e7_15_artifacts/e7_15_h2_summary.json,e7_15_h2 (batter),MiLB→MLB translation (batter),2016–2026 debut cohorts,woba,DROP,11.0,4.0,0.6363636363636364,7.0,0.039316724586968374,0.4857142857142857,0.2527384109963111,,0.2928340707614436,,0.4048524596323047,0.025,PBO,POWER_LIMITED,`woba`: insufficient recorded statistics to certify the null as powered. Absent a detectability figure the honest default is POWER-LIMITED — a null is trustworthy only when something was computed to make it so.,,,,,True,False,rich
quant_sports_intel_models/baseball/edge_program/ablation_results/e7_15_artifacts/e7_15_h2_summary.json,e7_15_h2 (batter),MiLB→MLB translation (batter),2016–2026 debut cohorts,k_pct,DROP,11.0,4.0,0.5454545454545454,6.0,0.06518613449517506,0.4857142857142857,0.2265436986176793,,0.5275600922040746,,0.14318280507404665,0.025,fold-consistency clause,POWER_LIMITED,`k_pct`: insufficient recorded statistics to certify the null as powered. Absent a detectability figure the honest default is POWER-LIMITED — a null is trustworthy only when something was computed to make it so.,,,,,False,False,rich
quant_sports_intel_models/baseball/edge_program/ablation_results/e7_15_artifacts/e7_15_h2_summary.json,e7_15_h2 (batter),MiLB→MLB translation (batter),2016–2026 debut cohorts,bb_pct,DROP,11.0,4.0,0.6363636363636364,7.0,0.2552986990454867,0.7714285714285715,0.6310296279230753,,0.15830335160121842,,0.20544491562423237,0.025,PBO,POWER_LIMITED,`bb_pct`: insufficient recorded statistics to certify the null as powered. Absent a detectability figure the honest default is POWER-LIMITED — a null is trustworthy only when something was computed to make it so.,,,,,True,False,rich
quant_sports_intel_models/baseball/edge_program/ablation_results/e7_15_artifacts/e7_15_h2_summary.json,e7_15_h2 (batter),MiLB→MLB translation (batter),2016–2026 debut cohorts,iso,DROP,11.0,4.0,0.7272727272727273,8.0,0.03591185954737997,0.6,0.34856890330823664,,0.25490737586015455,,0.33763823102201374,0.025,PBO,POWER_LIMITED,`iso`: insufficient recorded statistics to certify the null as powered. Absent a detectability figure the honest default is POWER-LIMITED — a null is trustworthy only when something was computed to make it so.,,,,,True,True,rich
quant_sports_intel_models/baseball/edge_program/ablation_results/e7_15_artifacts/e7_15_h3_pitchers_summary.json,e7_15_h3 (pitcher),MiLB→MLB translation (pitcher),2016–2026 debut cohorts,k_pct,DROP,11.0,7.0,0.8181818181818182,9.0,1.7129883886792847,0.05714285714285714,0.5176161797097801,,0.5420341661329147,,0.04673049778310781,0.02,DSR,POWER_LIMITED,`k_pct`: insufficient recorded statistics to certify the null as powered. Absent a detectability figure the honest default is POWER-LIMITED — a null is trustworthy only when something was computed to make it so.,,,,,True,True,rich
quant_sports_intel_models/baseball/edge_program/ablation_results/e7_15_artifacts/e7_15_h3_pitchers_summary.json,e7_15_h3 (pitcher),MiLB→MLB translation (pitcher),2016–2026 debut cohorts,bb_pct,DROP,11.0,7.0,0.5454545454545454,6.0,0.43812625488565665,0.9142857142857143,0.15865095917033117,,0.4498590627854261,,0.3279342961293033,0.02,fold-consistency clause,POWER_LIMITED,`bb_pct`: insufficient recorded statistics to certify the null as powered. Absent a detectability figure the honest default is POWER-LIMITED — a null is trustworthy only when something was computed to make it so.,,,,,False,False,rich
quant_sports_intel_models/baseball/edge_program/ablation_results/e7_15_artifacts/e7_15_h3_pitchers_summary.json,e7_15_h3 (pitcher),MiLB→MLB translation (pitcher),2016–2026 debut cohorts,hr_rate,DROP,11.0,7.0,0.5454545454545454,6.0,0.10652144830308163,0.7714285714285715,0.07881918287165096,,0.5718199711952243,,0.36102931354490847,0.02,fold-consistency clause,POWER_LIMITED,`hr_rate`: insufficient recorded statistics to certify the null as powered. Absent a detectability figure the honest default is POWER-LIMITED — a null is trustworthy only when something was computed to make it so.,,,,,False,False,rich
quant_sports_intel_models/baseball/edge_program/ablation_results/e7_15_artifacts/e7_15_h3_pitchers_summary.json,e7_15_h3 (pitcher),MiLB→MLB translation (pitcher),2016–2026 debut cohorts,gb_pct,DROP,11.0,7.0,0.8181818181818182,9.0,1.2088312809209545,0.0,0.07835309086051126,,0.9114960680044126,,0.09610930551762861,0.02,DSR,POWER_LIMITED,`gb_pct`: insufficient recorded statistics to certify the null as powered. Absent a detectability figure the honest default is POWER-LIMITED — a null is trustworthy only when something was computed to make it so.,,,,,True,True,rich
quant_sports_intel_models/baseball/edge_program/ablation_results/e7_15_artifacts/e7_15_h3_pitchers_summary.json,e7_15_h3 (pitcher),MiLB→MLB translation (pitcher),2016–2026 debut cohorts,xwoba_against,BLOCKED,4.0,7.0,0.75,3.0,0.7732123756395881,0.8333333333333334,0.4136991189878391,,0.49666692797211665,,0.24279575675010845,0.02,anchor/plumbing (BLOCKED — no verdict was reached),UNDEFINED,"`xwoba_against`: the run was BLOCKED by an anchor, so **no verdict was reached at all** and there is no null to classify. A blocked run is a statement about the harness or the population, never about the effect — classifying it as underpowered would invent a finding.","fix or re-scope the blocking anchor, then re-run",,,,True,False,rich
quant_sports_intel_models/baseball/edge_program/ablation_results/e7_15_artifacts/e7_15_h3_summary.json,e7_15_h3 (batter),MiLB→MLB translation (batter),2016–2026 debut cohorts,woba,DROP,11.0,7.0,0.6363636363636364,7.0,0.8406603758364455,0.4857142857142857,0.49883468205280407,,0.3661756525112301,,0.12680840062859897,0.025,PBO,POWER_LIMITED,`woba`: insufficient recorded statistics to certify the null as powered. Absent a detectability figure the honest default is POWER-LIMITED — a null is trustworthy only when something was computed to make it so.,,,,,True,False,rich
quant_sports_intel_models/baseball/edge_program/ablation_results/e7_15_artifacts/e7_15_h3_summary.json,e7_15_h3 (batter),MiLB→MLB translation (batter),2016–2026 debut cohorts,k_pct,DROP,11.0,7.0,0.8181818181818182,9.0,1.182784359798465,0.17142857142857143,0.3603598024187842,,0.5674191634801413,,0.09519293150759507,0.025,DSR,POWER_LIMITED,`k_pct`: insufficient recorded statistics to certify the null as powered. Absent a detectability figure the honest default is POWER-LIMITED — a null is trustworthy only when something was computed to make it so.,,,,,True,True,rich
quant_sports_intel_models/baseball/edge_program/ablation_results/e7_15_artifacts/e7_15_h3_summary.json,e7_15_h3 (batter),MiLB→MLB translation (batter),2016–2026 debut cohorts,bb_pct,DROP,11.0,7.0,0.8181818181818182,9.0,1.4038364375490355,0.014285714285714285,0.6065184527649969,,0.9147246967707657,,0.0037652829767470695,0.025,DSR,POWER_LIMITED,`bb_pct`: insufficient recorded statistics to certify the null as powered. Absent a detectability figure the honest default is POWER-LIMITED — a null is trustworthy only when something was computed to make it so.,,,,,True,True,rich
quant_sports_intel_models/baseball/edge_program/ablation_results/e7_15_artifacts/e7_15_h3_summary.json,e7_15_h3 (batter),MiLB→MLB translation (batter),2016–2026 debut cohorts,iso,DROP,11.0,7.0,0.8181818181818182,9.0,1.4183224828597722,0.08571428571428572,0.65729588383812,,0.740776171293102,,0.0064765753162672034,0.025,DSR,POWER_LIMITED,`iso`: insufficient recorded statistics to certify the null as powered. Absent a detectability figure the honest default is POWER-LIMITED — a null is trustworthy only when something was computed to make it so.,,,,,True,True,rich
quant_sports_intel_models/baseball/edge_program/ablation_results/e7_15_artifacts/e7_15_h4_pitchers_summary.json,e7_15_h4 (pitcher),MiLB→MLB translation (pitcher),2016–2026 debut cohorts,k_pct,DROP,11.0,3.0,0.9090909090909091,10.0,1.4760085852106646,0.2,0.9267097278263496,0.7683499893843966,0.09437917017411007,0.012247666333806136,0.014473400671043505,0.02,PBO,POWER_LIMITED,"`k_pct`: the effect is positive and every gate is REACHABLE, but this design cannot resolve it — DSR alone needs 14 folds against 11 (the BH-FDR requirement is separate and may be larger).",+3 folds for the DSR gate — field size alone cannot rescue it at this dispersion,14.0,3.0,0.0,True,True,rich
quant_sports_intel_models/baseball/edge_program/ablation_results/e7_15_artifacts/e7_15_h4_pitchers_summary.json,e7_15_h4 (pitcher),MiLB→MLB translation (pitcher),2016–2026 debut cohorts,bb_pct,DROP,11.0,3.0,0.36363636363636365,4.0,0.1274077014575554,0.7857142857142857,0.4419084343173997,0.04415561105853665,0.0895334192265174,0.011022278439181925,0.44323913691417616,0.02,fold-consistency clause,DSR_UNREACHABLE,"`bb_pct`: the winner's per-fold Sharpe 0.044 sits at or BELOW the 3-arm field's deflated benchmark SR0 0.090, so DSR is unreachable at ANY fold count — `n` scales a positive gap, it cannot create one. The remedy is a SMALLER, pre-registered field, not more seasons.","NOT rescuable by field size either — even a 2-arm field does not clear at this fold count and dispersion, so the only lever left is a lower-variance design (more rows per fold / a sharper metric)",,,0.0,False,False,rich
quant_sports_intel_models/baseball/edge_program/ablation_results/e7_15_artifacts/e7_15_h4_pitchers_summary.json,e7_15_h4 (pitcher),MiLB→MLB translation (pitcher),2016–2026 debut cohorts,hr_rate,DROP,11.0,3.0,0.09090909090909091,1.0,-1.33411024755058,0.0,0.00022086502458505664,-0.5587767643453567,0.008249384838031766,9.357162367782345e-05,0.9532275812878543,0.02,point estimate (best arm loses on average),GENUINE_ABSENCE,`hr_rate`: the best arm does not beat the foil ON AVERAGE. No sample size rescues a negative point estimate and no field size changes its sign — do NOT re-test.,,,,,False,False,rich
quant_sports_intel_models/baseball/edge_program/ablation_results/e7_15_artifacts/e7_15_h4_pitchers_summary.json,e7_15_h4 (pitcher),MiLB→MLB translation (pitcher),2016–2026 debut cohorts,gb_pct,DROP,11.0,3.0,0.2727272727272727,3.0,-0.5030788385198317,0.04285714285714286,0.035743316750399955,-0.3596138963689109,0.2004321203779345,0.0552377117077658,0.8697416047953315,0.02,point estimate (best arm loses on average),GENUINE_ABSENCE,`gb_pct`: the best arm does not beat the foil ON AVERAGE. No sample size rescues a negative point estimate and no field size changes its sign — do NOT re-test.,,,,,False,False,rich
quant_sports_intel_models/baseball/edge_program/ablation_results/e7_15_artifacts/e7_15_h4_pitchers_summary.json,e7_15_h4 (pitcher),MiLB→MLB translation (pitcher),2016–2026 debut cohorts,xwoba_against,DROP,4.0,3.0,0.5,2.0,1.0972363723691256,0.6666666666666666,0.6934005344925682,0.29381503691998506,0.04307357642041452,0.0025510730989372777,0.29904109693690056,0.02,fold-consistency clause,POWER_LIMITED,"`xwoba_against`: the effect is positive and every gate is REACHABLE, but this design cannot resolve it — DSR alone needs 33 folds against 4 (the BH-FDR requirement is separate and may be larger).",+29 folds for the DSR gate — field size alone cannot rescue it at this dispersion,33.0,29.0,0.0,False,False,rich
quant_sports_intel_models/baseball/edge_program/ablation_results/e7_15_artifacts/e7_15_h4_summary.json,e7_15_h4 (batter),MiLB→MLB translation (batter),2016–2026 debut cohorts,woba,DROP,11.0,3.0,0.45454545454545453,5.0,-0.30701285168430364,0.45714285714285713,0.2984004686403551,-0.10963916557513241,0.05802020937548632,0.004628706254939916,0.6381486157154375,0.025,point estimate (best arm loses on average),GENUINE_ABSENCE,`woba`: the best arm does not beat the foil ON AVERAGE. No sample size rescues a negative point estimate and no field size changes its sign — do NOT re-test.,,,,,False,False,rich
quant_sports_intel_models/baseball/edge_program/ablation_results/e7_15_artifacts/e7_15_h4_summary.json,e7_15_h4 (batter),MiLB→MLB translation (batter),2016–2026 debut cohorts,k_pct,DROP,11.0,3.0,0.45454545454545453,5.0,-0.07955161668215924,0.22857142857142856,0.2095082340669417,-0.04848485298738211,0.20335183140688565,0.05685873763715556,0.562275844213463,0.025,point estimate (best arm loses on average),GENUINE_ABSENCE,`k_pct`: the best arm does not beat the foil ON AVERAGE. No sample size rescues a negative point estimate and no field size changes its sign — do NOT re-test.,,,,,False,False,rich
quant_sports_intel_models/baseball/edge_program/ablation_results/e7_15_artifacts/e7_15_h4_summary.json,e7_15_h4 (batter),MiLB→MLB translation (batter),2016–2026 debut cohorts,bb_pct,DROP,11.0,3.0,0.18181818181818182,2.0,-0.8962622413743475,0.17142857142857143,0.17815651144309125,-0.266681834666697,0.09340962463877578,0.011997321333280277,0.8013985476145965,0.025,point estimate (best arm loses on average),GENUINE_ABSENCE,`bb_pct`: the best arm does not beat the foil ON AVERAGE. No sample size rescues a negative point estimate and no field size changes its sign — do NOT re-test.,,,,,False,False,rich
quant_sports_intel_models/baseball/edge_program/ablation_results/e7_15_artifacts/e7_15_h4_summary.json,e7_15_h4 (batter),MiLB→MLB translation (batter),2016–2026 debut cohorts,iso,DROP,11.0,3.0,0.45454545454545453,5.0,-0.42915418046797393,0.12857142857142856,0.21796198997560762,-0.1360396986280648,0.11476725318471166,0.0181107740420485,0.6692614359944825,0.025,point estimate (best arm loses on average),GENUINE_ABSENCE,`iso`: the best arm does not beat the foil ON AVERAGE. No sample size rescues a negative point estimate and no field size changes its sign — do NOT re-test.,,,,,False,False,rich
quant_sports_intel_models/baseball/edge_program/ablation_results/e7_3_artifacts/milb_mle_summary.json,milb_mle (batter),MiLB→MLB translation (batter),2016–2026 debut cohorts,woba,?,,,,,,0.24285714285714285,0.03245533260998225,,,,,,unknown — the artifact records no fold structure,UNKNOWN,"`woba`: the artifact records no fold count, so NOTHING can be said about what this design could detect. Not underpowered, not dead — unread. The remedy is a harness that records its fold structure, not more data.","record the fold structure in the artifact, then re-classify",,,,,,rich
quant_sports_intel_models/baseball/edge_program/ablation_results/e7_3_artifacts/milb_mle_summary.json,milb_mle (batter),MiLB→MLB translation (batter),2016–2026 debut cohorts,k_pct,?,,,,,,0.0,0.9997331107002004,,,,,,unknown — the artifact records no fold structure,UNKNOWN,"`k_pct`: the artifact records no fold count, so NOTHING can be said about what this design could detect. Not underpowered, not dead — unread. The remedy is a harness that records its fold structure, not more data.","record the fold structure in the artifact, then re-classify",,,,,,rich
quant_sports_intel_models/baseball/edge_program/ablation_results/e7_3_artifacts/milb_mle_summary.json,milb_mle (batter),MiLB→MLB translation (batter),2016–2026 debut cohorts,bb_pct,?,,,,,,0.0,0.989473884051297,,,,,,unknown — the artifact records no fold structure,UNKNOWN,"`bb_pct`: the artifact records no fold count, so NOTHING can be said about what this design could detect. Not underpowered, not dead — unread. The remedy is a harness that records its fold structure, not more data.","record the fold structure in the artifact, then re-classify",,,,,,rich
quant_sports_intel_models/baseball/edge_program/ablation_results/e7_3_artifacts/milb_mle_summary.json,milb_mle (batter),MiLB→MLB translation (batter),2016–2026 debut cohorts,iso,?,,,,,,0.04285714285714286,0.6793444031156766,,,,,,unknown — the artifact records no fold structure,UNKNOWN,"`iso`: the artifact records no fold count, so NOTHING can be said about what this design could detect. Not underpowered, not dead — unread. The remedy is a harness that records its fold structure, not more data.","record the fold structure in the artifact, then re-classify",,,,,,rich
quant_sports_intel_models/baseball/edge_program/ablation_results/e7_3p_artifacts/milb_mle_pitchers_summary.json,milb_mle (pitcher),MiLB→MLB translation (pitcher),2016–2026 debut cohorts,k_pct,?,,,,,,0.014285714285714285,0.7855191187514134,,,,,,unknown — the artifact records no fold structure,UNKNOWN,"`k_pct`: the artifact records no fold count, so NOTHING can be said about what this design could detect. Not underpowered, not dead — unread. The remedy is a harness that records its fold structure, not more data.","record the fold structure in the artifact, then re-classify",,,,,,rich
quant_sports_intel_models/baseball/edge_program/ablation_results/e7_3p_artifacts/milb_mle_pitchers_summary.json,milb_mle (pitcher),MiLB→MLB translation (pitcher),2016–2026 debut cohorts,bb_pct,?,,,,,,0.0,0.9468974505838751,,,,,,unknown — the artifact records no fold structure,UNKNOWN,"`bb_pct`: the artifact records no fold count, so NOTHING can be said about what this design could detect. Not underpowered, not dead — unread. The remedy is a harness that records its fold structure, not more data.","record the fold structure in the artifact, then re-classify",,,,,,rich
quant_sports_intel_models/baseball/edge_program/ablation_results/e7_3p_artifacts/milb_mle_pitchers_summary.json,milb_mle (pitcher),MiLB→MLB translation (pitcher),2016–2026 debut cohorts,hr_rate,?,,,,,,0.9,0.13020395691456377,,,,,,unknown — the artifact records no fold structure,UNKNOWN,"`hr_rate`: the artifact records no fold count, so NOTHING can be said about what this design could detect. Not underpowered, not dead — unread. The remedy is a harness that records its fold structure, not more data.","record the fold structure in the artifact, then re-classify",,,,,,rich
quant_sports_intel_models/baseball/edge_program/ablation_results/e7_3p_artifacts/milb_mle_pitchers_summary.json,milb_mle (pitcher),MiLB→MLB translation (pitcher),2016–2026 debut cohorts,gb_pct,?,,,,,,0.0,0.9999615445869595,,,,,,unknown — the artifact records no fold structure,UNKNOWN,"`gb_pct`: the artifact records no fold count, so NOTHING can be said about what this design could detect. Not underpowered, not dead — unread. The remedy is a harness that records its fold structure, not more data.","record the fold structure in the artifact, then re-classify",,,,,,rich
quant_sports_intel_models/baseball/edge_program/ablation_results/e7_3p_artifacts/milb_mle_pitchers_summary.json,milb_mle (pitcher),MiLB→MLB translation (pitcher),2016–2026 debut cohorts,xwoba_against,?,,,,,,1.0,0.029940046918491347,,,,,,unknown — the artifact records no fold structure,UNKNOWN,"`xwoba_against`: the artifact records no fold count, so NOTHING can be said about what this design could detect. Not underpowered, not dead — unread. The remedy is a harness that records its fold structure, not more data.","record the fold structure in the artifact, then re-classify",,,,,,rich
quant_sports_intel_models/baseball/edge_program/ablation_results/e13_10_zone_overlap_lift.md,e13_10_zone_overlap_lift,(from report header),(see report),(report-level),?,,,,,,0.2,0.95,,,,,,unknown — the artifact records no fold structure,not-classifiable-from-header,,,,,,,,header
quant_sports_intel_models/baseball/edge_program/ablation_results/e13_13_derivative_efficiency.md,e13_13_derivative_efficiency,(from report header),(see report),(report-level),?,,,,,,0.2,,,,,,,unknown — the artifact records no fold structure,not-classifiable-from-header,,,,,,,,header
quant_sports_intel_models/baseball/edge_program/ablation_results/e13_13_derivative_efficiency_smoke.md,e13_13_derivative_efficiency_smoke,(from report header),(see report),(report-level),?,,,,,,0.2,,,,,,,unknown — the artifact records no fold structure,not-classifiable-from-header,,,,,,,,header
quant_sports_intel_models/baseball/edge_program/ablation_results/e13_13_preregistration.md,e13_13_preregistration,(from report header),(see report),(report-level),?,,,,,,0.2,,,,,,,unknown — the artifact records no fold structure,not-classifiable-from-header,,,,,,,,header
quant_sports_intel_models/baseball/edge_program/ablation_results/e13_14_cross_market_coherence.md,e13_14_cross_market_coherence,"per-relation control-break slices over the seasons in `meta.seasons` (see gates.dsr_n_obs — an observation count for the DSR calc, not a walk-forward fold count)",(see report),team_total_to_game_total,RAN (4672 games),,,,,,,,,,,,,unknown — the artifact records no fold structure,not-classifiable-from-header,,,,,,,,design_block:recovered
quant_sports_intel_models/baseball/edge_program/ablation_results/e13_14_cross_market_coherence.md,e13_14_cross_market_coherence,"per-relation control-break slices over the seasons in `meta.seasons` (see gates.dsr_n_obs — an observation count for the DSR calc, not a walk-forward fold count)",(see report),f5_to_full_control,RAN (5289 games),,,,,,,,,,,,,unknown — the artifact records no fold structure,not-classifiable-from-header,,,,,,,,design_block:recovered
quant_sports_intel_models/baseball/edge_program/ablation_results/e13_14_cross_market_coherence.md,e13_14_cross_market_coherence,"per-relation control-break slices over the seasons in `meta.seasons` (see gates.dsr_n_obs — an observation count for the DSR calc, not a walk-forward fold count)",(see report),props_to_team_total,RAN (4472 games),,,,,,,,,,,,,unknown — the artifact records no fold structure,not-classifiable-from-header,,,,,,,,design_block:recovered
quant_sports_intel_models/baseball/edge_program/ablation_results/e13_14_cross_market_coherence.md,e13_14_cross_market_coherence,"per-relation control-break slices over the seasons in `meta.seasons` (see gates.dsr_n_obs — an observation count for the DSR calc, not a walk-forward fold count)",(see report),kprop_to_opp_team_total,DEFERRED (pre-registered; engine-ready; assembly is a follow-up),,,,,,,,,,,,,unknown — the artifact records no fold structure,not-classifiable-from-header,,,,,,,,design_block:recovered
quant_sports_intel_models/baseball/edge_program/ablation_results/e13_14_cross_market_coherence.md,e13_14_cross_market_coherence,"per-relation control-break slices over the seasons in `meta.seasons` (see gates.dsr_n_obs — an observation count for the DSR calc, not a walk-forward fold count)",(see report),sides_to_totals,DEFERRED (pre-registered; engine-ready; assembly is a follow-up),,,,,,,,,,,,,unknown — the artifact records no fold structure,not-classifiable-from-header,,,,,,,,design_block:recovered
quant_sports_intel_models/baseball/edge_program/ablation_results/e13_14_cross_market_coherence_smoke.md,e13_14_cross_market_coherence_smoke,"per-relation control-break slices over the seasons in `meta.seasons` (see gates.dsr_n_obs — an observation count for the DSR calc, not a walk-forward fold count)",(see report),(report-level),CROSS-MARKET CANDIDATE(S) — 5 robust + 0 fragile,,36.0,,,,0.0,0.13462517593276885,,,,,,unknown — the artifact records no fold structure,POWER_LIMITED,,,,,,,,design_block:recovered
quant_sports_intel_models/baseball/edge_program/ablation_results/e13_14_preregistration.md,e13_14_preregistration,(from report header),(see report),(report-level),?,,,,,,0.5,,,,,,,unknown — the artifact records no fold structure,not-classifiable-from-header,,,,,,,,header
quant_sports_intel_models/baseball/edge_program/ablation_results/e13_16_line_microstructure.md,e13_16_line_microstructure,(from report header),(see report),(report-level),?,,,,,,0.2,0.95,,,,,,unknown — the artifact records no fold structure,not-classifiable-from-header,,,,,,,,header
quant_sports_intel_models/baseball/edge_program/ablation_results/e13_16_line_microstructure_smoke.md,e13_16_line_microstructure_smoke,(from report header),(see report),(report-level),?,,,,,,0.2,0.95,,,,,,unknown — the artifact records no fold structure,not-classifiable-from-header,,,,,,,,header
quant_sports_intel_models/baseball/edge_program/ablation_results/e13_16_preregistration.md,e13_16_preregistration,(from report header),(see report),(report-level),?,,,,,,0.5,,,,,,,unknown — the artifact records no fold structure,not-classifiable-from-header,,,,,,,,header
quant_sports_intel_models/baseball/edge_program/ablation_results/e13_2_pa_outcome_v1_cv.md,e13_2_pa_outcome_v1_cv,expanding-window by season (train < eval_year),(see report),(report-level),ADD,8.0,1.0,,,,,,,,,,,nothing — this arm SHIPPED under its own study's gate,not-classifiable-from-header,,,,,,,,design_block:recovered
quant_sports_intel_models/baseball/edge_program/ablation_results/e13_2_pa_outcome_v2_cv.md,e13_2_pa_outcome_v2_cv,expanding-window by season (train < eval_year),(see report),(report-level),"POWER_LIMITED (beats both foils every fold, but below the pre-registered NLL noise floor)",8.0,1.0,,,,,,,,,,,unattributed (the recorded stats do not identify a binding clause),not-classifiable-from-header,,,,,,,,design_block:recovered
quant_sports_intel_models/baseball/edge_program/ablation_results/e13_2b_feature_augmented_retest.md,e13_2b_feature_augmented_retest,CSCV combinatorial slices (not a walk-forward fold count — see gates.n_slices per metric; n_folds intentionally left null rather than conflated with it),(see report),home_win/nll (miss_distance),NULL,,2.0,,,,1.0,,,,,,,unknown — the artifact records no fold structure,not-classifiable-from-header,,,,,,,,design_block:recovered
quant_sports_intel_models/baseball/edge_program/ablation_results/e13_2b_feature_augmented_retest.md,e13_2b_feature_augmented_retest,CSCV combinatorial slices (not a walk-forward fold count — see gates.n_slices per metric; n_folds intentionally left null rather than conflated with it),(see report),perside_runs/crps (miss_distance),NULL,,2.0,,,,1.0,,,,,,,unknown — the artifact records no fold structure,not-classifiable-from-header,,,,,,,,design_block:recovered
quant_sports_intel_models/baseball/edge_program/ablation_results/e13_2b_feature_augmented_retest.md,e13_2b_feature_augmented_retest,CSCV combinatorial slices (not a walk-forward fold count — see gates.n_slices per metric; n_folds intentionally left null rather than conflated with it),(see report),home_win/nll (zone_profile),NULL,,2.0,,,,0.142,0.07261055280056992,,,,,,unknown — the artifact records no fold structure,POWER_LIMITED,,,,,,,,design_block:recovered
quant_sports_intel_models/baseball/edge_program/ablation_results/e13_2b_feature_augmented_retest.md,e13_2b_feature_augmented_retest,CSCV combinatorial slices (not a walk-forward fold count — see gates.n_slices per metric; n_folds intentionally left null rather than conflated with it),(see report),perside_runs/crps (zone_profile),NULL,,2.0,,,,0.427,0.8370585015281413,,,,,,unknown — the artifact records no fold structure,POWER_LIMITED,,,,,,,,design_block:recovered
quant_sports_intel_models/baseball/edge_program/ablation_results/e2_1r_bakeoff.md,e2_1r_bakeoff,(from report header),(see report),(report-level),?,,,,,,0.233,1.0,,,,,,unknown — the artifact records no fold structure,not-classifiable-from-header,,,,,,,,header
quant_sports_intel_models/baseball/edge_program/ablation_results/e2_4_f5_bakeoff.md,e2_4_f5_bakeoff,(from report header),(see report),(report-level),?,,,,,,0.202,0.396,,,,,,unknown — the artifact records no fold structure,POWER_LIMITED,,,,,,,,header
quant_sports_intel_models/baseball/edge_program/ablation_results/e2_4_f5_calibration.md,e2_4_f5_calibration,(from report header),(see report),(report-level),?,,,,,,,0.396,,,,,,unknown — the artifact records no fold structure,POWER_LIMITED,,,,,,,,header
quant_sports_intel_models/baseball/edge_program/ablation_results/e2_6_derivative_gates.md,e2_6_derivative_gates,(from report header),(see report),(report-level),?,,,,,,0.2,0.95,,,,,,unknown — the artifact records no fold structure,not-classifiable-from-header,,,,,,,,header
quant_sports_intel_models/baseball/edge_program/ablation_results/e2_6_derivative_gates_smoke.md,e2_6_derivative_gates_smoke,(from report header),(see report),(report-level),?,,,,,,0.2,0.95,,,,,,unknown — the artifact records no fold structure,not-classifiable-from-header,,,,,,,,header
quant_sports_intel_models/baseball/edge_program/ablation_results/e2_6_derivative_gates_smoke_mispriced.md,e2_6_derivative_gates_smoke_mispriced,(from report header),(see report),(report-level),?,,,,,,0.2,0.95,,,,,,unknown — the artifact records no fold structure,not-classifiable-from-header,,,,,,,,header
quant_sports_intel_models/baseball/edge_program/ablation_results/e5_2_prop_pricing_calibration.md,e5_2_prop_pricing_calibration,(from report header),(see report),(report-level),?,,,,,,0.2,,,,,,,unknown — the artifact records no fold structure,not-classifiable-from-header,,,,,,,,header
quant_sports_intel_models/baseball/edge_program/ablation_results/e5_2_strikeout_bakeoff.md,e5_2_strikeout_bakeoff,(from report header),(see report),(report-level),?,,,,,,0.2,,,,,,,unknown — the artifact records no fold structure,not-classifiable-from-header,,,,,,,,header
quant_sports_intel_models/baseball/edge_program/ablation_results/e5_3_prop_edge_summary.md,e5_3_prop_edge_summary,(from report header),(see report),(report-level),?,,,,,,0.2,,,,,,,unknown — the artifact records no fold structure,not-classifiable-from-header,,,,,,,,header
quant_sports_intel_models/baseball/edge_program/ablation_results/e5_4_prop_gate.md,e5_4_prop_gate,(from report header),(see report),(report-level),?,,,,,,0.2,0.95,,,,,,unknown — the artifact records no fold structure,not-classifiable-from-header,,,,,,,,header
quant_sports_intel_models/baseball/edge_program/ablation_results/e7_12_slice1_park_level_context.md,e7_12_slice1_park_level_context,leave-one-MLB-debut-cohort-out (n_cohorts),(see report),woba,ADD,11.0,11.0,0.7272727272727273,,,0.2714285714285714,,,,,,,nothing — this arm SHIPPED under its own study's gate,not-classifiable-from-header,,,,,,,,design_block:recovered
quant_sports_intel_models/baseball/edge_program/ablation_results/e7_12_slice1_park_level_context.md,e7_12_slice1_park_level_context,leave-one-MLB-debut-cohort-out (n_cohorts),(see report),k_pct,ADD,11.0,11.0,0.7272727272727273,,,0.3,,,,,,,nothing — this arm SHIPPED under its own study's gate,not-classifiable-from-header,,,,,,,,design_block:recovered
quant_sports_intel_models/baseball/edge_program/ablation_results/e7_12_slice1_park_level_context.md,e7_12_slice1_park_level_context,leave-one-MLB-debut-cohort-out (n_cohorts),(see report),bb_pct,ADD,11.0,11.0,0.8181818181818182,,,0.014285714285714285,,,,,,,nothing — this arm SHIPPED under its own study's gate,not-classifiable-from-header,,,,,,,,design_block:recovered
quant_sports_intel_models/baseball/edge_program/ablation_results/e7_12_slice1_park_level_context.md,e7_12_slice1_park_level_context,leave-one-MLB-debut-cohort-out (n_cohorts),(see report),iso,ADD,11.0,11.0,0.9090909090909091,,,0.0,,,,,,,nothing — this arm SHIPPED under its own study's gate,not-classifiable-from-header,,,,,,,,design_block:recovered
quant_sports_intel_models/baseball/edge_program/ablation_results/e7_12_slice1p_park_level_context_pitchers.md,e7_12_slice1p_park_level_context_pitchers,leave-one-MLB-debut-cohort-out (n_cohorts),(see report),k_pct,DROP,11.0,14.0,0.7272727272727273,,,0.4142857142857143,,,,,,,PBO,not-classifiable-from-header,,,,,,,,design_block:recovered
quant_sports_intel_models/baseball/edge_program/ablation_results/e7_12_slice1p_park_level_context_pitchers.md,e7_12_slice1p_park_level_context_pitchers,leave-one-MLB-debut-cohort-out (n_cohorts),(see report),bb_pct,ADD,11.0,14.0,0.7272727272727273,,,0.32857142857142857,,,,,,,nothing — this arm SHIPPED under its own study's gate,not-classifiable-from-header,,,,,,,,design_block:recovered
quant_sports_intel_models/baseball/edge_program/ablation_results/e7_12_slice1p_park_level_context_pitchers.md,e7_12_slice1p_park_level_context_pitchers,leave-one-MLB-debut-cohort-out (n_cohorts),(see report),hr_rate,ADD,11.0,14.0,0.7272727272727273,,,0.17142857142857143,,,,,,,nothing — this arm SHIPPED under its own study's gate,not-classifiable-from-header,,,,,,,,design_block:recovered
quant_sports_intel_models/baseball/edge_program/ablation_results/e7_12_slice1p_park_level_context_pitchers.md,e7_12_slice1p_park_level_context_pitchers,leave-one-MLB-debut-cohort-out (n_cohorts),(see report),gb_pct,DROP,11.0,14.0,0.5454545454545454,,,0.0,,,,,,,fold-consistency clause,not-classifiable-from-header,,,,,,,,design_block:recovered
quant_sports_intel_models/baseball/edge_program/ablation_results/e7_12_slice1p_park_level_context_pitchers.md,e7_12_slice1p_park_level_context_pitchers,leave-one-MLB-debut-cohort-out (n_cohorts),(see report),xwoba_against,DROP,4.0,14.0,0.5,,,0.5,,,,,,,fold-consistency clause,not-classifiable-from-header,,,,,,,,design_block:recovered
quant_sports_intel_models/baseball/edge_program/ablation_results/e7_13_artifacts/e7_13_comp_validation.md,e7_13_comp_validation,"forward, relaxed maturity",(see report),batter,BLEND_ELIGIBLE_NOT_WIRED,4.0,,,,,,,,,,,,unattributed (the recorded stats do not identify a binding clause),not-classifiable-from-header,,,,,,,,design_block:recovered
quant_sports_intel_models/baseball/edge_program/ablation_results/e7_13_artifacts/e7_13_comp_validation.md,e7_13_comp_validation,"forward, relaxed maturity",(see report),pitcher,DISPLAY_ONLY,4.0,,,,,,,,,,,,unattributed (the recorded stats do not identify a binding clause),not-classifiable-from-header,,,,,,,,design_block:recovered
quant_sports_intel_models/baseball/edge_program/ablation_results/e7_13_prospect_comps.md,e7_13_prospect_comps,"forward, relaxed maturity",(see report),batter,BLEND_ELIGIBLE_NOT_WIRED,4.0,,,,,,,,,,,,unattributed (the recorded stats do not identify a binding clause),not-classifiable-from-header,,,,,,,,design_block:recovered
quant_sports_intel_models/baseball/edge_program/ablation_results/e7_13_prospect_comps.md,e7_13_prospect_comps,"forward, relaxed maturity",(see report),pitcher,DISPLAY_ONLY,4.0,,,,,,,,,,,,unattributed (the recorded stats do not identify a binding clause),not-classifiable-from-header,,,,,,,,design_block:recovered
quant_sports_intel_models/baseball/edge_program/ablation_results/e7_15_h1_level_ladder.md,e7_15_h1_level_ladder,leave-one-MLB-debut-cohort-out (n_cohorts),(see report),woba,DROP,11.0,5.0,0.45454545454545453,,,0.44285714285714284,0.024282308667881346,,,,,,fold-consistency clause,POWER_LIMITED,,,,,,,,design_block:recovered
quant_sports_intel_models/baseball/edge_program/ablation_results/e7_15_h1_level_ladder.md,e7_15_h1_level_ladder,leave-one-MLB-debut-cohort-out (n_cohorts),(see report),k_pct,DROP,11.0,5.0,0.36363636363636365,,,0.6285714285714286,0.16094185910429348,,,,,,fold-consistency clause,POWER_LIMITED,,,,,,,,design_block:recovered
quant_sports_intel_models/baseball/edge_program/ablation_results/e7_15_h1_level_ladder.md,e7_15_h1_level_ladder,leave-one-MLB-debut-cohort-out (n_cohorts),(see report),bb_pct,DROP,11.0,5.0,0.7272727272727273,,,0.5142857142857142,0.8439847627571027,,,,,,PBO,POWER_LIMITED,,,,,,,,design_block:recovered
quant_sports_intel_models/baseball/edge_program/ablation_results/e7_15_h1_level_ladder.md,e7_15_h1_level_ladder,leave-one-MLB-debut-cohort-out (n_cohorts),(see report),iso,DROP,11.0,5.0,0.7272727272727273,,,0.7,0.7044825433259194,,,,,,PBO,POWER_LIMITED,,,,,,,,design_block:recovered
quant_sports_intel_models/baseball/edge_program/ablation_results/e7_15_h1_level_ladder_pitchers.md,e7_15_h1_level_ladder_pitchers,leave-one-MLB-debut-cohort-out (n_cohorts),(see report),k_pct,DROP,11.0,5.0,0.6363636363636364,,,0.6714285714285714,0.8569800343170187,,,,,,PBO,POWER_LIMITED,,,,,,,,design_block:recovered
quant_sports_intel_models/baseball/edge_program/ablation_results/e7_15_h1_level_ladder_pitchers.md,e7_15_h1_level_ladder_pitchers,leave-one-MLB-debut-cohort-out (n_cohorts),(see report),bb_pct,DROP,11.0,5.0,0.5454545454545454,,,0.8142857142857143,0.489409680498217,,,,,,fold-consistency clause,POWER_LIMITED,,,,,,,,design_block:recovered
quant_sports_intel_models/baseball/edge_program/ablation_results/e7_15_h1_level_ladder_pitchers.md,e7_15_h1_level_ladder_pitchers,leave-one-MLB-debut-cohort-out (n_cohorts),(see report),hr_rate,DROP,11.0,5.0,0.7272727272727273,,,0.14285714285714285,0.6021126972644208,,,,,,DSR,POWER_LIMITED,,,,,,,,design_block:recovered
quant_sports_intel_models/baseball/edge_program/ablation_results/e7_15_h1_level_ladder_pitchers.md,e7_15_h1_level_ladder_pitchers,leave-one-MLB-debut-cohort-out (n_cohorts),(see report),gb_pct,DROP,11.0,5.0,0.5454545454545454,,,0.6428571428571429,0.37165402019110017,,,,,,fold-consistency clause,POWER_LIMITED,,,,,,,,design_block:recovered
quant_sports_intel_models/baseball/edge_program/ablation_results/e7_15_h1_level_ladder_pitchers.md,e7_15_h1_level_ladder_pitchers,leave-one-MLB-debut-cohort-out (n_cohorts),(see report),xwoba_against,DROP,4.0,5.0,,,,0.16666666666666666,,,,,,,unattributed (the recorded stats do not identify a binding clause),not-classifiable-from-header,,,,,,,,design_block:recovered
quant_sports_intel_models/baseball/edge_program/ablation_results/e7_15_h2_opponent_quality.md,e7_15_h2_opponent_quality,leave-one-MLB-debut-cohort-out (n_cohorts),(see report),woba,DROP,11.0,4.0,0.6363636363636364,,,0.4857142857142857,0.2527384109963111,,,,,,PBO,POWER_LIMITED,,,,,,,,design_block:recovered
quant_sports_intel_models/baseball/edge_program/ablation_results/e7_15_h2_opponent_quality.md,e7_15_h2_opponent_quality,leave-one-MLB-debut-cohort-out (n_cohorts),(see report),k_pct,DROP,11.0,4.0,0.5454545454545454,,,0.4857142857142857,0.2265436986176793,,,,,,fold-consistency clause,POWER_LIMITED,,,,,,,,design_block:recovered
quant_sports_intel_models/baseball/edge_program/ablation_results/e7_15_h2_opponent_quality.md,e7_15_h2_opponent_quality,leave-one-MLB-debut-cohort-out (n_cohorts),(see report),bb_pct,DROP,11.0,4.0,0.6363636363636364,,,0.7714285714285715,0.6310296279230753,,,,,,PBO,POWER_LIMITED,,,,,,,,design_block:recovered
quant_sports_intel_models/baseball/edge_program/ablation_results/e7_15_h2_opponent_quality.md,e7_15_h2_opponent_quality,leave-one-MLB-debut-cohort-out (n_cohorts),(see report),iso,DROP,11.0,4.0,0.7272727272727273,,,0.6,0.34856890330823664,,,,,,PBO,POWER_LIMITED,,,,,,,,design_block:recovered
quant_sports_intel_models/baseball/edge_program/ablation_results/e7_15_h2_opponent_quality_pitchers.md,e7_15_h2_opponent_quality_pitchers,leave-one-MLB-debut-cohort-out (n_cohorts),(see report),k_pct,DROP,11.0,4.0,0.5454545454545454,,,0.9857142857142858,0.38483354906946476,,,,,,fold-consistency clause,POWER_LIMITED,,,,,,,,design_block:recovered
quant_sports_intel_models/baseball/edge_program/ablation_results/e7_15_h2_opponent_quality_pitchers.md,e7_15_h2_opponent_quality_pitchers,leave-one-MLB-debut-cohort-out (n_cohorts),(see report),bb_pct,DROP,11.0,4.0,0.2727272727272727,,,0.5857142857142857,0.18975639929748594,,,,,,fold-consistency clause,POWER_LIMITED,,,,,,,,design_block:recovered
quant_sports_intel_models/baseball/edge_program/ablation_results/e7_15_h2_opponent_quality_pitchers.md,e7_15_h2_opponent_quality_pitchers,leave-one-MLB-debut-cohort-out (n_cohorts),(see report),hr_rate,DROP,11.0,4.0,0.7272727272727273,,,0.6285714285714286,0.8000743709905515,,,,,,PBO,POWER_LIMITED,,,,,,,,design_block:recovered
quant_sports_intel_models/baseball/edge_program/ablation_results/e7_15_h2_opponent_quality_pitchers.md,e7_15_h2_opponent_quality_pitchers,leave-one-MLB-debut-cohort-out (n_cohorts),(see report),gb_pct,DROP,11.0,4.0,0.45454545454545453,,,0.4142857142857143,0.33498944274814685,,,,,,fold-consistency clause,POWER_LIMITED,,,,,,,,design_block:recovered
quant_sports_intel_models/baseball/edge_program/ablation_results/e7_15_h3_player_structure.md,e7_15_h3_player_structure,(from report header),(see report),(report-level),?,11.0,,,,,,,,,,,,unattributed (the recorded stats do not identify a binding clause),not-classifiable-from-header,,,,,,,,header
quant_sports_intel_models/baseball/edge_program/ablation_results/e7_15_h3_player_structure_pitchers.md,e7_15_h3_player_structure_pitchers,leave-one-MLB-debut-cohort-out (n_cohorts),(see report),k_pct,DROP,11.0,7.0,0.8181818181818182,,,0.05714285714285714,0.5176161797097801,,,,,,DSR,POWER_LIMITED,,,,,,,,design_block:recovered
quant_sports_intel_models/baseball/edge_program/ablation_results/e7_15_h3_player_structure_pitchers.md,e7_15_h3_player_structure_pitchers,leave-one-MLB-debut-cohort-out (n_cohorts),(see report),bb_pct,DROP,11.0,7.0,0.5454545454545454,,,0.9142857142857143,0.15865095917033117,,,,,,fold-consistency clause,POWER_LIMITED,,,,,,,,design_block:recovered
quant_sports_intel_models/baseball/edge_program/ablation_results/e7_15_h3_player_structure_pitchers.md,e7_15_h3_player_structure_pitchers,leave-one-MLB-debut-cohort-out (n_cohorts),(see report),hr_rate,DROP,11.0,7.0,0.5454545454545454,,,0.7714285714285715,0.07881918287165096,,,,,,fold-consistency clause,POWER_LIMITED,,,,,,,,design_block:recovered
quant_sports_intel_models/baseball/edge_program/ablation_results/e7_15_h3_player_structure_pitchers.md,e7_15_h3_player_structure_pitchers,leave-one-MLB-debut-cohort-out (n_cohorts),(see report),gb_pct,DROP,11.0,7.0,0.8181818181818182,,,0.0,0.07835309086051126,,,,,,DSR,POWER_LIMITED,,,,,,,,design_block:recovered
quant_sports_intel_models/baseball/edge_program/ablation_results/e7_15_h3_player_structure_pitchers.md,e7_15_h3_player_structure_pitchers,leave-one-MLB-debut-cohort-out (n_cohorts),(see report),xwoba_against,BLOCKED,4.0,7.0,0.75,,,0.8333333333333334,0.4136991189878391,,,,,,anchor/plumbing (BLOCKED — no verdict was reached),POWER_LIMITED,,,,,,,,design_block:recovered
quant_sports_intel_models/baseball/edge_program/ablation_results/e7_15_h4_target_regression.md,e7_15_h4_target_regression,(from report header),(see report),(report-level),?,11.0,,,,,,,,,,,,unattributed (the recorded stats do not identify a binding clause),not-classifiable-from-header,,,,,,,,header
quant_sports_intel_models/baseball/edge_program/ablation_results/e7_15_h4_target_regression_pitchers.md,e7_15_h4_target_regression_pitchers,(from report header),(see report),(report-level),?,11.0,,,,,,,,,,,,unattributed (the recorded stats do not identify a binding clause),not-classifiable-from-header,,,,,,,,header
quant_sports_intel_models/baseball/edge_program/ablation_results/e7_16_artifacts/e7_14_source_accuracy.md,e7_14_source_accuracy,per board season on matched support,(see report),(report-level),NULL,5.0,9.0,,,,,,,,,,,unattributed (the recorded stats do not identify a binding clause),not-classifiable-from-header,,,,,,,,design_block:recovered
quant_sports_intel_models/baseball/edge_program/ablation_results/e7_16_artifacts/e7_16_comp_validation.md,e7_16_comp_validation,"forward, 3-season outcome horizon matured",(see report),batter,BLEND_WIRE,4.0,,,,,,,,,,,,nothing — this arm SHIPPED under its own study's gate,not-classifiable-from-header,,,,,,,,design_block:recovered
quant_sports_intel_models/baseball/edge_program/ablation_results/e7_16_artifacts/e7_16_comp_validation.md,e7_16_comp_validation,"forward, 3-season outcome horizon matured",(see report),pitcher,DISPLAY_ONLY,4.0,,,,,,,,,,,,unattributed (the recorded stats do not identify a binding clause),not-classifiable-from-header,,,,,,,,design_block:recovered
quant_sports_intel_models/baseball/edge_program/ablation_results/e7_16_pipeline_comp_pool.md,e7_16_pipeline_comp_pool,"forward, 3-season outcome horizon matured",(see report),batter,BLEND_WIRE,4.0,,,,,,,,,,,,nothing — this arm SHIPPED under its own study's gate,not-classifiable-from-header,,,,,,,,design_block:recovered
quant_sports_intel_models/baseball/edge_program/ablation_results/e7_16_pipeline_comp_pool.md,e7_16_pipeline_comp_pool,"forward, 3-season outcome horizon matured",(see report),pitcher,DISPLAY_ONLY,4.0,,,,,,,,,,,,unattributed (the recorded stats do not identify a binding clause),not-classifiable-from-header,,,,,,,,design_block:recovered
quant_sports_intel_models/baseball/edge_program/ablation_results/e7_3_milb_mle.md,e7_3_milb_mle,(from report header),(see report),(report-level),?,,,,,,0.0,0.95,,,,,,unknown — the artifact records no fold structure,not-classifiable-from-header,,,,,,,,header
quant_sports_intel_models/baseball/edge_program/ablation_results/e7_3p_milb_mle_pitchers.md,e7_3p_milb_mle_pitchers,(from report header),(see report),(report-level),?,,,,,,0.9,0.95,,,,,,unknown — the artifact records no fold structure,not-classifiable-from-header,,,,,,,,header
quant_sports_intel_models/baseball/edge_program/ablation_results/e7_5_milb_prior_ablation.md,e7_5_milb_prior_ablation,leave-one-MLB-debut-cohort-out (n_cohorts),(see report),k_pct,ADD,10.0,2.0,,,,,,,,,,,nothing — this arm SHIPPED under its own study's gate,not-classifiable-from-header,,,,,,,,design_block:recovered
quant_sports_intel_models/baseball/edge_program/ablation_results/e7_5_milb_prior_ablation.md,e7_5_milb_prior_ablation,leave-one-MLB-debut-cohort-out (n_cohorts),(see report),bb_pct,ADD,10.0,2.0,,,,,,,,,,,nothing — this arm SHIPPED under its own study's gate,not-classifiable-from-header,,,,,,,,design_block:recovered
quant_sports_intel_models/baseball/edge_program/ablation_results/e7_5_milb_prior_ablation.md,e7_5_milb_prior_ablation,leave-one-MLB-debut-cohort-out (n_cohorts),(see report),iso,ADD,10.0,2.0,,,,,,,,,,,nothing — this arm SHIPPED under its own study's gate,not-classifiable-from-header,,,,,,,,design_block:recovered
quant_sports_intel_models/baseball/edge_program/ablation_results/e7_5b_mle_prior_head_to_head.md,e7_5b_mle_prior_head_to_head,BH-FDR over the ablation's per-metric p-values (alpha=0.10),(see report),k_pct,DROP,,2.0,,,,,,,,,,,unknown — the artifact records no fold structure,not-classifiable-from-header,,,,,,,,design_block:recovered
quant_sports_intel_models/baseball/edge_program/ablation_results/e7_5b_mle_prior_head_to_head.md,e7_5b_mle_prior_head_to_head,BH-FDR over the ablation's per-metric p-values (alpha=0.10),(see report),bb_pct,ADD,,2.0,,,,,,,,,,,nothing — this arm SHIPPED under its own study's gate,not-classifiable-from-header,,,,,,,,design_block:recovered
quant_sports_intel_models/baseball/edge_program/ablation_results/e7_5b_mle_prior_head_to_head.md,e7_5b_mle_prior_head_to_head,BH-FDR over the ablation's per-metric p-values (alpha=0.10),(see report),iso,ADD,,2.0,,,,,,,,,,,nothing — this arm SHIPPED under its own study's gate,not-classifiable-from-header,,,,,,,,design_block:recovered
quant_sports_intel_models/baseball/edge_program/ablation_results/e7_5p_pitcher_prior_ablation.md,e7_5p_pitcher_prior_ablation,(from report header),(see report),(report-level),?,,,,,,,1.0,,,,,,unknown — the artifact records no fold structure,not-classifiable-from-header,,,,,,,,header
quant_sports_intel_models/baseball/edge_program/ablation_results/e7_8_fv_translation.md,e7_8_fv_translation,leave-one-MLB-debut-cohort-out over `fold_cohorts`,(see report),batter/debut,DROP,4.0,36.0,,,,0.0,0.882744496438857,,,,,,DSR,POWER_LIMITED,,,,,,,,design_block:recovered
quant_sports_intel_models/baseball/edge_program/ablation_results/e7_8_fv_translation.md,e7_8_fv_translation,leave-one-MLB-debut-cohort-out over `fold_cohorts`,(see report),batter/conditional,DROP,4.0,36.0,,,,0.5,0.11165734282290174,,,,,,PBO,POWER_LIMITED,,,,,,,,design_block:recovered
quant_sports_intel_models/baseball/edge_program/ablation_results/e7_8_fv_translation.md,e7_8_fv_translation,leave-one-MLB-debut-cohort-out over `fold_cohorts`,(see report),batter/unconditional,DROP,4.0,36.0,,,,0.6666666666666666,0.7989440670821045,,,,,,PBO,POWER_LIMITED,,,,,,,,design_block:recovered
quant_sports_intel_models/baseball/edge_program/ablation_results/e7_8_fv_translation.md,e7_8_fv_translation,leave-one-MLB-debut-cohort-out over `fold_cohorts`,(see report),pitcher/debut,ADD,4.0,36.0,,,,0.0,0.9983693571330434,,,,,,nothing — this arm SHIPPED under its own study's gate,not-classifiable-from-header,,,,,,,,design_block:recovered
quant_sports_intel_models/baseball/edge_program/ablation_results/e7_8_fv_translation.md,e7_8_fv_translation,leave-one-MLB-debut-cohort-out over `fold_cohorts`,(see report),pitcher/conditional,DROP,4.0,36.0,,,,0.16666666666666666,0.8249767289411034,,,,,,DSR,POWER_LIMITED,,,,,,,,design_block:recovered
quant_sports_intel_models/baseball/edge_program/ablation_results/e7_8_fv_translation.md,e7_8_fv_translation,leave-one-MLB-debut-cohort-out over `fold_cohorts`,(see report),pitcher/unconditional,ADD,4.0,36.0,,,,0.0,0.997985702077806,,,,,,nothing — this arm SHIPPED under its own study's gate,not-classifiable-from-header,,,,,,,,design_block:recovered
quant_sports_intel_models/baseball/edge_program/ablation_results/e7_9_retrain_run_diff_post_lineup.md,e7_9_retrain_run_diff_post_lineup,(from report header),(see report),(report-level),INCUMBENT_STANDS,3.0,24.0,,,,0.0,0.724,,,,,,PBO UNDEFINED (<4 folds),UNDEFINED,,,,,,,,header
quant_sports_intel_models/baseball/edge_program/ablation_results/e7_9_retrain_run_diff_pre_lineup.md,e7_9_retrain_run_diff_pre_lineup,(from report header),(see report),(report-level),INCUMBENT_STANDS,3.0,24.0,,,,0.0,0.218,,,,,,PBO UNDEFINED (<4 folds),UNDEFINED,,,,,,,,header
quant_sports_intel_models/baseball/edge_program/ablation_results/e7_9_retrain_total_runs_post_lineup.md,e7_9_retrain_total_runs_post_lineup,(from report header),(see report),(report-level),INCUMBENT_STANDS,3.0,28.0,,,,0.0,0.842,,,,,,PBO UNDEFINED (<4 folds),UNDEFINED,,,,,,,,header
quant_sports_intel_models/baseball/edge_program/ablation_results/e7_9_retrain_verdict_summary.md,e7_9_retrain_verdict_summary,(from report header),(see report),(report-level),?,,,,,,0.95,0.95,,,,,,unknown — the artifact records no fold structure,not-classifiable-from-header,,,,,,,,header
quant_sports_intel_models/baseball/edge_program/ablation_results/mh2_cv_power_characterization.md,mh2_cv_power_characterization,(from report header),(see report),(report-level),?,,,,,,,0.6065,,,,,,unknown — the artifact records no fold structure,POWER_LIMITED,,,,,,,,header
