source_name,qa_reason,season,week,team,player,position,offense_pct,canonical_player_id,match_method,match_confidence,match_score
nflverse.snap_counts@2022,unmatched,2022,1,NYJ,Connor McGovern,C,1.0,,manual_review,0.0,
nflverse.snap_counts@2022,unmatched,2022,1,LA,Jonah Williams,DE,0.0,,manual_review,0.0,
nflverse.snap_counts@2022,unmatched,2022,1,BUF,Spencer Brown,T,1.0,,manual_review,0.0,
nflverse.snap_counts@2022,unmatched,2022,1,SEA,Kyle Fuller,G,0.0,,manual_review,0.0,
nflverse.snap_counts@2022,unmatched,2022,1,MIN,Oli Udoh,T,0.0,,manual_review,0.0,
nflverse.snap_counts@2022,unmatched,2022,1,GB,Yosh Nijman,T,1.0,,manual_review,0.0,
nflverse.snap_counts@2022,unmatched,2022,1,HOU,Jon Weeks,LS,0.0,,manual_review,0.0,
nflverse.snap_counts@2022,unmatched,2022,1,WAS,Jonathan Bostic,LB,0.0,,manual_review,0.0,
nflverse.snap_counts@2022,unmatched,2022,1,ARI,Josh Jones,G,0.12,,manual_review,0.0,
nflverse.snap_counts@2022,unmatched,2022,1,LV,Dylan Parham,G,0.6,,manual_review,0.0,
nflverse.snap_counts@2022,unmatched,2022,1,MIA,Samuel Eguavoen,LB,0.0,,manual_review,0.0,
nflverse.snap_counts@2022,unmatched,2022,1,NE,Trent Brown,T,1.0,,manual_review,0.0,
nflverse.snap_counts@2022,unmatched,2022,1,TEN,Aaron Brewer,C,1.0,,manual_review,0.0,
nflverse.snap_counts@2022,unmatched,2022,1,PHI,Sua Opeta,G,0.0,,manual_review,0.0,
nflverse.snap_counts@2022,unmatched,2022,1,CIN,Michael Thomas,SS,0.0,,manual_review,0.0,
nflverse.snap_counts@2022,unmatched,2022,1,CIN,Jeff Gunter,DE,0.0,,manual_review,0.0,
nflverse.snap_counts@2022,unmatched,2022,1,SF,Jaylon Moore,T,0.0,,manual_review,0.0,
nflverse.snap_counts@2022,unmatched,2022,1,DAL,Connor McGovern,G,0.1,,manual_review,0.0,
nflverse.snap_counts@2022,unmatched,2022,1,TB,Shaq Mason,G,1.0,,manual_review,0.0,
nflverse.snap_counts@2022,unmatched,2022,2,LV,Dylan Parham,G,1.0,,manual_review,0.0,
nflverse.snap_counts@2022,unmatched,2022,2,ARI,Josh Jones,G,0.01,,manual_review,0.0,
nflverse.snap_counts@2022,unmatched,2022,2,LA,Jonah Williams,DE,0.0,,manual_review,0.0,
nflverse.snap_counts@2022,unmatched,2022,2,GB,Yosh Nijman,T,1.0,,manual_review,0.0,
nflverse.snap_counts@2022,unmatched,2022,2,CIN,Michael Thomas,SS,0.0,,manual_review,0.0,
nflverse.snap_counts@2022,unmatched,2022,2,CIN,Jeff Gunter,DE,0.0,,manual_review,0.0,
nflverse.snap_counts@2022,unmatched,2022,2,HOU,Jon Weeks,LS,0.0,,manual_review,0.0,
nflverse.snap_counts@2022,unmatched,2022,2,MIA,Samuel Eguavoen,LB,0.0,,manual_review,0.0,
nflverse.snap_counts@2022,unmatched,2022,2,PHI,Sua Opeta,G,0.0,,manual_review,0.0,
nflverse.snap_counts@2022,unmatched,2022,2,MIN,Oli Udoh,T,0.0,,manual_review,0.0,
nflverse.snap_counts@2022,unmatched,2022,2,NE,Trent Brown,T,1.0,,manual_review,0.0,
nflverse.snap_counts@2022,unmatched,2022,2,NYJ,Connor McGovern,C,1.0,,manual_review,0.0,
nflverse.snap_counts@2022,unmatched,2022,2,SF,Jaylon Moore,T,0.0,,manual_review,0.0,
nflverse.snap_counts@2022,unmatched,2022,2,SEA,Kyle Fuller,G,0.0,,manual_review,0.0,
nflverse.snap_counts@2022,unmatched,2022,2,TB,Shaq Mason,G,1.0,,manual_review,0.0,
nflverse.snap_counts@2022,unmatched,2022,2,BUF,Spencer Brown,T,0.76,,manual_review,0.0,
nflverse.snap_counts@2022,unmatched,2022,2,TEN,Aaron Brewer,C,1.0,,manual_review,0.0,
nflverse.snap_counts@2022,unmatched,2022,2,WAS,Jonathan Bostic,LB,0.0,,manual_review,0.0,
nflverse.snap_counts@2022,unmatched,2022,3,SEA,Kyle Fuller,G,0.0,,manual_review,0.0,
nflverse.snap_counts@2022,unmatched,2022,3,NE,Trent Brown,T,1.0,,manual_review,0.0,
nflverse.snap_counts@2022,unmatched,2022,3,MIA,Samuel Eguavoen,LB,0.0,,manual_review,0.0,
nflverse.snap_counts@2022,unmatched,2022,3,BUF,Spencer Brown,T,0.37,,manual_review,0.0,
nflverse.snap_counts@2022,unmatched,2022,3,NYJ,Connor McGovern,C,1.0,,manual_review,0.0,
nflverse.snap_counts@2022,unmatched,2022,3,CIN,Jeff Gunter,DE,0.0,,manual_review,0.0,
nflverse.snap_counts@2022,unmatched,2022,3,CIN,Michael Thomas,SS,0.0,,manual_review,0.0,
nflverse.snap_counts@2022,unmatched,2022,3,MIN,Oli Udoh,T,0.0,,manual_review,0.0,
nflverse.snap_counts@2022,unmatched,2022,3,TB,Shaq Mason,G,1.0,,manual_review,0.0,
nflverse.snap_counts@2022,unmatched,2022,3,GB,Yosh Nijman,T,0.44,,manual_review,0.0,
nflverse.snap_counts@2022,unmatched,2022,3,HOU,Jon Weeks,LS,0.0,,manual_review,0.0,
nflverse.snap_counts@2022,unmatched,2022,3,ARI,Josh Jones,G,0.0,,manual_review,0.0,
nflverse.snap_counts@2022,unmatched,2022,3,LA,Jonah Williams,DE,0.0,,manual_review,0.0,
nflverse.snap_counts@2022,unmatched,2022,3,TEN,Aaron Brewer,C,1.0,,manual_review,0.0,
nflverse.snap_counts@2022,unmatched,2022,3,LV,Dylan Parham,G,1.0,,manual_review,0.0,
nflverse.snap_counts@2022,unmatched,2022,3,WAS,Jonathan Bostic,LB,0.0,,manual_review,0.0,
nflverse.snap_counts@2022,unmatched,2022,3,PHI,Sua Opeta,G,0.16,,manual_review,0.0,
nflverse.snap_counts@2022,unmatched,2022,3,SF,Jaylon Moore,T,0.13,,manual_review,0.0,
nflverse.snap_counts@2022,unmatched,2022,4,ARI,Josh Jones,G,0.0,,manual_review,0.0,
nflverse.snap_counts@2022,unmatched,2022,4,BUF,Spencer Brown,T,1.0,,manual_review,0.0,
nflverse.snap_counts@2022,unmatched,2022,4,LV,Dylan Parham,G,1.0,,manual_review,0.0,
nflverse.snap_counts@2022,unmatched,2022,4,PHI,Sua Opeta,G,0.24,,manual_review,0.0,
nflverse.snap_counts@2022,unmatched,2022,4,TB,Shaq Mason,G,1.0,,manual_review,0.0,
nflverse.snap_counts@2022,unmatched,2022,4,HOU,Jon Weeks,LS,0.0,,manual_review,0.0,
nflverse.snap_counts@2022,unmatched,2022,4,SF,Jaylon Moore,T,0.36,,manual_review,0.0,
nflverse.snap_counts@2022,unmatched,2022,4,LA,Jonah Williams,DE,0.0,,manual_review,0.0,
nflverse.snap_counts@2022,unmatched,2022,4,CIN,Michael Thomas,SS,0.0,,manual_review,0.0,
nflverse.snap_counts@2022,unmatched,2022,4,CIN,Jeff Gunter,DE,0.0,,manual_review,0.0,
nflverse.snap_counts@2022,unmatched,2022,4,MIA,Samuel Eguavoen,LB,0.0,,manual_review,0.0,
nflverse.snap_counts@2022,unmatched,2022,4,MIN,Oli Udoh,T,0.0,,manual_review,0.0,
nflverse.snap_counts@2022,unmatched,2022,4,GB,Yosh Nijman,T,0.04,,manual_review,0.0,
nflverse.snap_counts@2022,unmatched,2022,4,NE,Trent Brown,T,1.0,,manual_review,0.0,
nflverse.snap_counts@2022,unmatched,2022,4,NYJ,Connor McGovern,C,1.0,,manual_review,0.0,
nflverse.snap_counts@2022,unmatched,2022,4,SEA,Kyle Fuller,G,0.0,,manual_review,0.0,
nflverse.snap_counts@2022,unmatched,2022,4,TEN,Aaron Brewer,C,1.0,,manual_review,0.0,
nflverse.snap_counts@2022,unmatched,2022,4,DAL,Connor McGovern,G,0.66,,manual_review,0.0,
nflverse.snap_counts@2022,unmatched,2022,4,WAS,Jonathan Bostic,LB,0.0,,manual_review,0.0,
nflverse.snap_counts@2022,unmatched,2022,5,TB,Shaq Mason,G,1.0,,manual_review,0.0,
nflverse.snap_counts@2022,unmatched,2022,5,MIN,Oli Udoh,G,0.01,,manual_review,0.0,
nflverse.snap_counts@2022,unmatched,2022,5,BAL,Trystan Colon-Castillo,C,0.03,,manual_review,0.0,
nflverse.snap_counts@2022,unmatched,2022,5,CIN,Michael Thomas,SS,0.0,,manual_review,0.0,
nflverse.snap_counts@2022,unmatched,2022,5,CIN,Jeff Gunter,DE,0.0,,manual_review,0.0,
nflverse.snap_counts@2022,unmatched,2022,5,LA,Jonah Williams,DT,0.0,,manual_review,0.0,
nflverse.snap_counts@2022,unmatched,2022,5,DAL,Connor McGovern,G,1.0,,manual_review,0.0,
nflverse.snap_counts@2022,unmatched,2022,5,NE,Trent Brown,T,1.0,,manual_review,0.0,
nflverse.snap_counts@2022,unmatched,2022,5,HOU,Jon Weeks,LS,0.0,,manual_review,0.0,
nflverse.snap_counts@2022,unmatched,2022,5,LV,Dylan Parham,G,1.0,,manual_review,0.0,
nflverse.snap_counts@2022,unmatched,2022,5,NYJ,Connor McGovern,C,1.0,,manual_review,0.0,
nflverse.snap_counts@2022,unmatched,2022,5,MIA,Samuel Eguavoen,LB,0.0,,manual_review,0.0,
nflverse.snap_counts@2022,unmatched,2022,5,GB,Yosh Nijman,T,0.6,,manual_review,0.0,
nflverse.snap_counts@2022,unmatched,2022,5,ARI,Josh Jones,G,0.0,,manual_review,0.0,
nflverse.snap_counts@2022,unmatched,2022,5,PHI,Sua Opeta,G,0.64,,manual_review,0.0,
nflverse.snap_counts@2022,unmatched,2022,5,BUF,Spencer Brown,T,1.0,,manual_review,0.0,
nflverse.snap_counts@2022,unmatched,2022,5,SEA,Kyle Fuller,G,0.0,,manual_review,0.0,
nflverse.snap_counts@2022,unmatched,2022,5,SF,Jaylon Moore,T,1.0,,manual_review,0.0,
nflverse.snap_counts@2022,unmatched,2022,5,WAS,Jonathan Bostic,LB,0.0,,manual_review,0.0,
nflverse.snap_counts@2022,unmatched,2022,5,TEN,Aaron Brewer,G,1.0,,manual_review,0.0,
nflverse.snap_counts@2022,unmatched,2022,6,SEA,Kyle Fuller,G,0.0,,manual_review,0.0,
nflverse.snap_counts@2022,unmatched,2022,6,ARI,Josh Jones,G,0.0,,manual_review,0.0,
nflverse.snap_counts@2022,unmatched,2022,6,BUF,Spencer Brown,T,0.42,,manual_review,0.0,
nflverse.snap_counts@2022,unmatched,2022,6,LA,Jonah Williams,DT,0.0,,manual_review,0.0,
nflverse.snap_counts@2022,unmatched,2022,6,CIN,Michael Thomas,SS,0.0,,manual_review,0.0,
nflverse.snap_counts@2022,unmatched,2022,6,PHI,Sua Opeta,G,0.04,,manual_review,0.0,
nflverse.snap_counts@2022,unmatched,2022,6,DAL,Connor McGovern,G,0.94,,manual_review,0.0,
nflverse.snap_counts@2022,unmatched,2022,6,MIA,Samuel Eguavoen,LB,0.0,,manual_review,0.0,
nflverse.snap_counts@2022,unmatched,2022,6,MIN,Oli Udoh,G,0.04,,manual_review,0.0,
nflverse.snap_counts@2022,unmatched,2022,6,NE,Trent Brown,T,1.0,,manual_review,0.0,
nflverse.snap_counts@2022,unmatched,2022,6,GB,Yosh Nijman,T,0.05,,manual_review,0.0,
nflverse.snap_counts@2022,unmatched,2022,6,NYJ,Connor McGovern,C,1.0,,manual_review,0.0,
nflverse.snap_counts@2022,unmatched,2022,6,SF,Jaylon Moore,T,1.0,,manual_review,0.0,
nflverse.snap_counts@2022,unmatched,2022,6,TB,Shaq Mason,G,1.0,,manual_review,0.0,
nflverse.snap_counts@2022,unmatched,2022,6,WAS,Jonathan Bostic,LB,0.0,,manual_review,0.0,
nflverse.snap_counts@2022,unmatched,2022,7,CIN,Michael Thomas,SS,0.0,,manual_review,0.0,
nflverse.snap_counts@2022,unmatched,2022,7,NE,Trent Brown,T,1.0,,manual_review,0.0,
nflverse.snap_counts@2022,unmatched,2022,7,DAL,Connor McGovern,G,0.94,,manual_review,0.0,
nflverse.snap_counts@2022,unmatched,2022,7,WAS,Jonathan Bostic,LB,0.0,,manual_review,0.0,
nflverse.snap_counts@2022,unmatched,2022,7,GB,Yosh Nijman,T,1.0,,manual_review,0.0,
nflverse.snap_counts@2022,unmatched,2022,7,LV,Dylan Parham,G,1.0,,manual_review,0.0,
nflverse.snap_counts@2022,unmatched,2022,7,HOU,Jon Weeks,LS,0.0,,manual_review,0.0,
nflverse.snap_counts@2022,unmatched,2022,7,TEN,Aaron Brewer,G,1.0,,manual_review,0.0,
nflverse.snap_counts@2022,unmatched,2022,7,SF,Jaylon Moore,T,0.0,,manual_review,0.0,
nflverse.snap_counts@2022,unmatched,2022,7,ARI,Josh Jones,G,0.08,,manual_review,0.0,
nflverse.snap_counts@2022,unmatched,2022,7,NYJ,Connor McGovern,C,1.0,,manual_review,0.0,
nflverse.snap_counts@2022,unmatched,2022,7,MIA,Samuel Eguavoen,LB,0.0,,manual_review,0.0,
nflverse.snap_counts@2022,unmatched,2022,7,SEA,Kyle Fuller,G,0.0,,manual_review,0.0,
nflverse.snap_counts@2022,unmatched,2022,7,TB,Shaq Mason,G,0.99,,manual_review,0.0,
nflverse.snap_counts@2022,unmatched,2022,8,MIN,Oli Udoh,G,0.0,,manual_review,0.0,
nflverse.snap_counts@2022,unmatched,2022,8,ARI,Josh Jones,G,1.0,,manual_review,0.0,
nflverse.snap_counts@2022,unmatched,2022,8,TB,Shaq Mason,G,1.0,,manual_review,0.0,
nflverse.snap_counts@2022,unmatched,2022,8,DAL,Connor McGovern,G,0.79,,manual_review,0.0,
nflverse.snap_counts@2022,unmatched,2022,8,CIN,Michael Thomas,SS,0.0,,manual_review,0.0,
nflverse.snap_counts@2022,unmatched,2022,8,CIN,Jeff Gunter,DE,0.0,,manual_review,0.0,
nflverse.snap_counts@2022,unmatched,2022,8,GB,Yosh Nijman,T,1.0,,manual_review,0.0,
nflverse.snap_counts@2022,unmatched,2022,8,LV,Dylan Parham,G,1.0,,manual_review,0.0,
nflverse.snap_counts@2022,unmatched,2022,8,LV,Nickell Robey-Coleman,CB,0.0,,manual_review,0.0,
nflverse.snap_counts@2022,unmatched,2022,8,MIA,Samuel Eguavoen,LB,0.0,,manual_review,0.0,
nflverse.snap_counts@2022,unmatched,2022,8,NYJ,Connor McGovern,C,1.0,,manual_review,0.0,
nflverse.snap_counts@2022,unmatched,2022,8,NE,Trent Brown,T,1.0,,manual_review,0.0,
nflverse.snap_counts@2022,unmatched,2022,8,SEA,Kyle Fuller,G,0.77,,manual_review,0.0,
nflverse.snap_counts@2022,unmatched,2022,8,PHI,Sua Opeta,G,0.19,,manual_review,0.0,
nflverse.snap_counts@2022,unmatched,2022,8,LA,Jonah Williams,DT,0.0,,manual_review,0.0,
nflverse.snap_counts@2022,unmatched,2022,8,SF,Jaylon Moore,T,0.0,,manual_review,0.0,
nflverse.snap_counts@2022,unmatched,2022,8,HOU,Jon Weeks,LS,0.0,,manual_review,0.0,
nflverse.snap_counts@2022,unmatched,2022,8,TEN,Aaron Brewer,G,1.0,,manual_review,0.0,
nflverse.snap_counts@2022,unmatched,2022,8,WAS,Jonathan Bostic,LB,0.0,,manual_review,0.0,
nflverse.snap_counts@2022,unmatched,2022,9,NYJ,Connor McGovern,C,1.0,,manual_review,0.0,
nflverse.snap_counts@2022,unmatched,2022,9,CIN,Michael Thomas,SS,0.0,,manual_review,0.0,
nflverse.snap_counts@2022,unmatched,2022,9,CIN,Jeff Gunter,DE,0.0,,manual_review,0.0,
nflverse.snap_counts@2022,unmatched,2022,9,GB,Yosh Nijman,T,1.0,,manual_review,0.0,
nflverse.snap_counts@2022,unmatched,2022,9,NE,Trent Brown,T,1.0,,manual_review,0.0,
nflverse.snap_counts@2022,unmatched,2022,9,TB,Shaq Mason,G,1.0,,manual_review,0.0,
nflverse.snap_counts@2022,unmatched,2022,9,LA,Jonah Williams,DT,0.0,,manual_review,0.0,
nflverse.snap_counts@2022,unmatched,2022,9,LV,Dylan Parham,G,1.0,,manual_review,0.0,
nflverse.snap_counts@2022,unmatched,2022,9,LV,Nickell Robey-Coleman,CB,0.0,,manual_review,0.0,
nflverse.snap_counts@2022,unmatched,2022,9,MIA,Samuel Eguavoen,LB,0.0,,manual_review,0.0,
nflverse.snap_counts@2022,unmatched,2022,9,WAS,Jonathan Bostic,LB,0.0,,manual_review,0.0,
nflverse.snap_counts@2022,unmatched,2022,9,MIN,Oli Udoh,G,0.0,,manual_review,0.0,
nflverse.snap_counts@2022,unmatched,2022,9,HOU,Jon Weeks,LS,0.0,,manual_review,0.0,
nflverse.snap_counts@2022,unmatched,2022,9,ARI,Josh Jones,G,0.02,,manual_review,0.0,
nflverse.snap_counts@2022,unmatched,2022,9,SEA,Kyle Fuller,G,0.03,,manual_review,0.0,
nflverse.snap_counts@2022,unmatched,2022,9,SEA,Josh Onujiogu,DE,0.0,,manual_review,0.0,
nflverse.snap_counts@2022,unmatched,2022,9,TEN,Aaron Brewer,G,1.0,,manual_review,0.0,
nflverse.snap_counts@2022,unmatched,2022,10,LA,Jonah Williams,DT,0.0,,manual_review,0.0,
nflverse.snap_counts@2022,unmatched,2022,10,ARI,Josh Jones,G,1.0,,manual_review,0.0,
nflverse.snap_counts@2022,unmatched,2022,10,MIA,Samuel Eguavoen,LB,0.0,,manual_review,0.0,
nflverse.snap_counts@2022,unmatched,2022,10,GB,Yosh Nijman,T,1.0,,manual_review,0.0,
nflverse.snap_counts@2022,unmatched,2022,10,DAL,Connor McGovern,G,1.0,,manual_review,0.0,
nflverse.snap_counts@2022,unmatched,2022,10,TEN,Aaron Brewer,G,1.0,,manual_review,0.0,
nflverse.snap_counts@2022,unmatched,2022,10,HOU,Jon Weeks,LS,0.0,,manual_review,0.0,
nflverse.snap_counts@2022,unmatched,2022,10,LV,Dylan Parham,G,1.0,,manual_review,0.0,
nflverse.snap_counts@2022,unmatched,2022,10,SF,Jaylon Moore,T,0.01,,manual_review,0.0,
nflverse.snap_counts@2022,unmatched,2022,10,BUF,Spencer Brown,T,1.0,,manual_review,0.0,
nflverse.snap_counts@2022,unmatched,2022,10,MIN,Oli Udoh,G,0.0,,manual_review,0.0,
nflverse.snap_counts@2022,unmatched,2022,10,TB,Shaq Mason,G,1.0,,manual_review,0.0,
nflverse.snap_counts@2022,unmatched,2022,10,SEA,Kyle Fuller,G,0.0,,manual_review,0.0,
nflverse.snap_counts@2022,unmatched,2022,10,WAS,Jonathan Bostic,LB,0.0,,manual_review,0.0,
nflverse.snap_counts@2022,unmatched,2022,11,CIN,Michael Thomas,SS,0.0,,manual_review,0.0,
nflverse.snap_counts@2022,unmatched,2022,11,BUF,Spencer Brown,T,1.0,,manual_review,0.0,
nflverse.snap_counts@2022,unmatched,2022,11,CLE,Chris Hubbard,T,0.11,,manual_review,0.0,
nflverse.snap_counts@2022,unmatched,2022,11,MIN,Oli Udoh,G,0.0,,manual_review,0.0,
nflverse.snap_counts@2022,unmatched,2022,11,DAL,Connor McGovern,G,0.83,,manual_review,0.0,
nflverse.snap_counts@2022,unmatched,2022,11,LV,Dylan Parham,G,1.0,,manual_review,0.0,
nflverse.snap_counts@2022,unmatched,2022,11,NE,Trent Brown,T,0.68,,manual_review,0.0,
nflverse.snap_counts@2022,unmatched,2022,11,NYJ,Connor McGovern,C,1.0,,manual_review,0.0,
nflverse.snap_counts@2022,unmatched,2022,11,ARI,Josh Jones,G,1.0,,manual_review,0.0,
nflverse.snap_counts@2022,unmatched,2022,11,SF,Jaylon Moore,T,0.12,,manual_review,0.0,
nflverse.snap_counts@2022,unmatched,2022,11,GB,Yosh Nijman,T,1.0,,manual_review,0.0,
nflverse.snap_counts@2022,unmatched,2022,11,TEN,Aaron Brewer,G,1.0,,manual_review,0.0,
nflverse.snap_counts@2022,unmatched,2022,11,HOU,Jon Weeks,LS,0.0,,manual_review,0.0,
nflverse.snap_counts@2022,unmatched,2022,11,WAS,Jonathan Bostic,LB,0.0,,manual_review,0.0,
nflverse.snap_counts@2022,unmatched,2022,12,WAS,Jonathan Bostic,LB,0.0,,manual_review,0.0,
nflverse.snap_counts@2022,unmatched,2022,12,BAL,Trystan Colon-Castillo,C,0.0,,manual_review,0.0,
nflverse.snap_counts@2022,unmatched,2022,12,BUF,Spencer Brown,T,1.0,,manual_review,0.0,
nflverse.snap_counts@2022,unmatched,2022,12,NYJ,Connor McGovern,C,1.0,,manual_review,0.0,
nflverse.snap_counts@2022,unmatched,2022,12,TEN,Aaron Brewer,G,1.0,,manual_review,0.0,
nflverse.snap_counts@2022,unmatched,2022,12,CIN,Michael Thomas,SS,0.0,,manual_review,0.0,
nflverse.snap_counts@2022,unmatched,2022,12,GB,Yosh Nijman,T,1.0,,manual_review,0.0,
nflverse.snap_counts@2022,unmatched,2022,12,MIA,Samuel Eguavoen,LB,0.0,,manual_review,0.0,
nflverse.snap_counts@2022,unmatched,2022,12,HOU,Jon Weeks,LS,0.0,,manual_review,0.0,
nflverse.snap_counts@2022,unmatched,2022,12,ARI,Josh Jones,G,1.0,,manual_review,0.0,
nflverse.snap_counts@2022,unmatched,2022,12,LA,Jonah Williams,DT,0.0,,manual_review,0.0,
nflverse.snap_counts@2022,unmatched,2022,12,SEA,Kyle Fuller,G,0.0,,manual_review,0.0,
nflverse.snap_counts@2022,unmatched,2022,12,LV,Dylan Parham,G,1.0,,manual_review,0.0,
nflverse.snap_counts@2022,unmatched,2022,12,MIN,Oli Udoh,G,0.03,,manual_review,0.0,
nflverse.snap_counts@2022,unmatched,2022,12,NE,Trent Brown,T,1.0,,manual_review,0.0,
nflverse.snap_counts@2022,unmatched,2022,12,SF,Jaylon Moore,T,0.0,,manual_review,0.0,
nflverse.snap_counts@2022,unmatched,2022,12,DAL,Connor McGovern,G,1.0,,manual_review,0.0,
nflverse.snap_counts@2022,unmatched,2022,12,CLE,Chris Hubbard,T,0.08,,manual_review,0.0,
nflverse.snap_counts@2022,unmatched,2022,12,TB,Shaq Mason,G,1.0,,manual_review,0.0,
nflverse.snap_counts@2022,unmatched,2022,13,NE,Trent Brown,T,1.0,,manual_review,0.0,
nflverse.snap_counts@2022,unmatched,2022,13,BUF,Spencer Brown,T,1.0,,manual_review,0.0,
nflverse.snap_counts@2022,unmatched,2022,13,HOU,Jon Weeks,LS,0.0,,manual_review,0.0,
nflverse.snap_counts@2022,unmatched,2022,13,CLE,Chris Hubbard,T,0.3,,manual_review,0.0,
nflverse.snap_counts@2022,unmatched,2022,13,GB,Yosh Nijman,T,1.0,,manual_review,0.0,
nflverse.snap_counts@2022,unmatched,2022,13,DAL,Connor McGovern,G,0.91,,manual_review,0.0,
nflverse.snap_counts@2022,unmatched,2022,13,CIN,Michael Thomas,SS,0.0,,manual_review,0.0,
nflverse.snap_counts@2022,unmatched,2022,13,LV,Dylan Parham,G,1.0,,manual_review,0.0,
nflverse.snap_counts@2022,unmatched,2022,13,SF,Jaylon Moore,T,0.04,,manual_review,0.0,
nflverse.snap_counts@2022,unmatched,2022,13,MIA,Samuel Eguavoen,LB,0.0,,manual_review,0.0,
nflverse.snap_counts@2022,unmatched,2022,13,TB,Shaq Mason,G,1.0,,manual_review,0.0,
nflverse.snap_counts@2022,unmatched,2022,13,MIN,Oli Udoh,G,0.01,,manual_review,0.0,
nflverse.snap_counts@2022,unmatched,2022,13,NYJ,Connor McGovern,C,1.0,,manual_review,0.0,
nflverse.snap_counts@2022,unmatched,2022,13,LA,Jonah Williams,DT,0.0,,manual_review,0.0,
nflverse.snap_counts@2022,unmatched,2022,13,LA,T.J. Carter,DE,0.0,,manual_review,0.0,
nflverse.snap_counts@2022,unmatched,2022,13,SEA,Kyle Fuller,G,0.0,,manual_review,0.0,
nflverse.snap_counts@2022,unmatched,2022,13,TEN,Aaron Brewer,G,1.0,,manual_review,0.0,
nflverse.snap_counts@2022,unmatched,2022,13,WAS,Jonathan Bostic,LB,0.0,,manual_review,0.0,
nflverse.snap_counts@2022,unmatched,2022,14,BAL,Trystan Colon-Castillo,C,0.77,,manual_review,0.0,
nflverse.snap_counts@2022,unmatched,2022,14,SEA,Kyle Fuller,G,0.0,,manual_review,0.0,
nflverse.snap_counts@2022,unmatched,2022,14,CIN,Michael Thomas,SS,0.0,,manual_review,0.0,
nflverse.snap_counts@2022,unmatched,2022,14,DAL,Connor McGovern,G,0.9,,manual_review,0.0,
nflverse.snap_counts@2022,unmatched,2022,14,HOU,Jon Weeks,LS,0.0,,manual_review,0.0,
nflverse.snap_counts@2022,unmatched,2022,14,TEN,Aaron Brewer,G,1.0,,manual_review,0.0,
nflverse.snap_counts@2022,unmatched,2022,14,LA,Jonah Williams,DT,0.0,,manual_review,0.0,
nflverse.snap_counts@2022,unmatched,2022,14,LV,Dylan Parham,G,0.98,,manual_review,0.0,
nflverse.snap_counts@2022,unmatched,2022,14,MIA,Samuel Eguavoen,LB,0.0,,manual_review,0.0,
nflverse.snap_counts@2022,unmatched,2022,14,MIN,Oli Udoh,G,0.12,,manual_review,0.0,
nflverse.snap_counts@2022,unmatched,2022,14,ARI,Josh Jones,G,1.0,,manual_review,0.0,
nflverse.snap_counts@2022,unmatched,2022,14,NE,Trent Brown,T,1.0,,manual_review,0.0,
nflverse.snap_counts@2022,unmatched,2022,14,BUF,Spencer Brown,T,1.0,,manual_review,0.0,
nflverse.snap_counts@2022,unmatched,2022,14,NYJ,Connor McGovern,C,1.0,,manual_review,0.0,
nflverse.snap_counts@2022,unmatched,2022,14,SF,Jaylon Moore,T,0.08,,manual_review,0.0,
nflverse.snap_counts@2022,unmatched,2022,14,TB,Shaq Mason,G,1.0,,manual_review,0.0,
nflverse.snap_counts@2022,unmatched,2022,15,ARI,Josh Jones,G,1.0,,manual_review,0.0,
nflverse.snap_counts@2022,unmatched,2022,15,BAL,Trystan Colon-Castillo,C,0.0,,manual_review,0.0,
nflverse.snap_counts@2022,unmatched,2022,15,TB,Shaq Mason,G,1.0,,manual_review,0.0,
nflverse.snap_counts@2022,unmatched,2022,15,CIN,Michael Thomas,SS,0.0,,manual_review,0.0,
nflverse.snap_counts@2022,unmatched,2022,15,DAL,Connor McGovern,G,1.0,,manual_review,0.0,
nflverse.snap_counts@2022,unmatched,2022,15,NYJ,Connor McGovern,C,1.0,,manual_review,0.0,
nflverse.snap_counts@2022,unmatched,2022,15,MIN,Oli Udoh,G,0.01,,manual_review,0.0,
nflverse.snap_counts@2022,unmatched,2022,15,HOU,Jon Weeks,LS,0.0,,manual_review,0.0,
nflverse.snap_counts@2022,unmatched,2022,15,GB,Yosh Nijman,T,1.0,,manual_review,0.0,
nflverse.snap_counts@2022,unmatched,2022,15,LA,Jonah Williams,DT,0.0,,manual_review,0.0,
nflverse.snap_counts@2022,unmatched,2022,15,LA,T.J. Carter,DE,0.0,,manual_review,0.0,
nflverse.snap_counts@2022,unmatched,2022,15,BUF,Spencer Brown,T,1.0,,manual_review,0.0,
nflverse.snap_counts@2022,unmatched,2022,15,MIA,Samuel Eguavoen,LB,0.0,,manual_review,0.0,
nflverse.snap_counts@2022,unmatched,2022,15,LV,Dylan Parham,G,0.4,,manual_review,0.0,
nflverse.snap_counts@2022,unmatched,2022,15,NE,Trent Brown,T,1.0,,manual_review,0.0,
nflverse.snap_counts@2022,unmatched,2022,15,WAS,Jonathan Bostic,LB,0.0,,manual_review,0.0,
nflverse.snap_counts@2022,unmatched,2022,15,SEA,Kyle Fuller,G,0.0,,manual_review,0.0,
nflverse.snap_counts@2022,unmatched,2022,15,SF,Jaylon Moore,T,0.0,,manual_review,0.0,
nflverse.snap_counts@2022,unmatched,2022,15,TEN,Aaron Brewer,G,1.0,,manual_review,0.0,
nflverse.snap_counts@2022,unmatched,2022,16,BAL,Trystan Colon-Castillo,C,0.0,,manual_review,0.0,
nflverse.snap_counts@2022,unmatched,2022,16,BUF,Spencer Brown,T,1.0,,manual_review,0.0,
nflverse.snap_counts@2022,unmatched,2022,16,NE,Trent Brown,T,1.0,,manual_review,0.0,
nflverse.snap_counts@2022,unmatched,2022,16,CIN,Michael Thomas,SS,0.0,,manual_review,0.0,
nflverse.snap_counts@2022,unmatched,2022,16,LA,Jonah Williams,DT,0.0,,manual_review,0.0,
nflverse.snap_counts@2022,unmatched,2022,16,LA,T.J. Carter,DB,0.0,,manual_review,0.0,
nflverse.snap_counts@2022,unmatched,2022,16,MIA,Samuel Eguavoen,LB,0.0,,manual_review,0.0,
nflverse.snap_counts@2022,unmatched,2022,16,GB,Yosh Nijman,T,0.27,,manual_review,0.0,
nflverse.snap_counts@2022,unmatched,2022,16,TEN,Aaron Brewer,G,1.0,,manual_review,0.0,
nflverse.snap_counts@2022,unmatched,2022,16,HOU,Jon Weeks,LS,0.0,,manual_review,0.0,
nflverse.snap_counts@2022,unmatched,2022,16,NYJ,Connor McGovern,C,1.0,,manual_review,0.0,
nflverse.snap_counts@2022,unmatched,2022,16,LV,Dylan Parham,G,1.0,,manual_review,0.0,
nflverse.snap_counts@2022,unmatched,2022,16,MIN,Oli Udoh,G,0.0,,manual_review,0.0,
nflverse.snap_counts@2022,unmatched,2022,16,DAL,Connor McGovern,G,1.0,,manual_review,0.0,
nflverse.snap_counts@2022,unmatched,2022,16,SEA,Kyle Fuller,G,0.0,,manual_review,0.0,
nflverse.snap_counts@2022,unmatched,2022,16,ARI,Josh Jones,G,1.0,,manual_review,0.0,
nflverse.snap_counts@2022,unmatched,2022,16,TB,Shaq Mason,G,1.0,,manual_review,0.0,
nflverse.snap_counts@2022,unmatched,2022,16,SF,Jaylon Moore,T,0.0,,manual_review,0.0,
nflverse.snap_counts@2022,unmatched,2022,16,WAS,Jonathan Bostic,LB,0.0,,manual_review,0.0,
nflverse.snap_counts@2022,unmatched,2022,17,ARI,Josh Jones,G,1.0,,manual_review,0.0,
nflverse.snap_counts@2022,unmatched,2022,17,TB,Shaq Mason,G,1.0,,manual_review,0.0,
nflverse.snap_counts@2022,unmatched,2022,17,TEN,Aaron Brewer,G,0.94,,manual_review,0.0,
nflverse.snap_counts@2022,unmatched,2022,17,DAL,Connor McGovern,G,1.0,,manual_review,0.0,
nflverse.snap_counts@2022,unmatched,2022,17,HOU,Jon Weeks,LS,0.0,,manual_review,0.0,
nflverse.snap_counts@2022,unmatched,2022,17,LA,Jonah Williams,DT,0.0,,manual_review,0.0,
nflverse.snap_counts@2022,unmatched,2022,17,NE,Trent Brown,T,1.0,,manual_review,0.0,
nflverse.snap_counts@2022,unmatched,2022,17,MIA,Samuel Eguavoen,LB,0.0,,manual_review,0.0,
nflverse.snap_counts@2022,unmatched,2022,17,GB,Yosh Nijman,T,0.13,,manual_review,0.0,
nflverse.snap_counts@2022,unmatched,2022,17,MIN,Oli Udoh,G,0.78,,manual_review,0.0,
nflverse.snap_counts@2022,unmatched,2022,17,SEA,Kyle Fuller,G,0.0,,manual_review,0.0,
nflverse.snap_counts@2022,unmatched,2022,17,NYJ,Connor McGovern,C,1.0,,manual_review,0.0,
nflverse.snap_counts@2022,unmatched,2022,17,LV,Dylan Parham,G,1.0,,manual_review,0.0,
nflverse.snap_counts@2022,unmatched,2022,17,SF,Jaylon Moore,T,0.0,,manual_review,0.0,
nflverse.snap_counts@2022,unmatched,2022,18,SF,Jaylon Moore,T,0.27,,manual_review,0.0,
nflverse.snap_counts@2022,unmatched,2022,18,ARI,Josh Jones,G,0.69,,manual_review,0.0,
nflverse.snap_counts@2022,unmatched,2022,18,CIN,Michael Thomas,SS,0.0,,manual_review,0.0,
nflverse.snap_counts@2022,unmatched,2022,18,BAL,Trystan Colon-Castillo,C,0.0,,manual_review,0.0,
nflverse.snap_counts@2022,unmatched,2022,18,CLE,Chris Hubbard,T,0.09,,manual_review,0.0,
nflverse.snap_counts@2022,unmatched,2022,18,DAL,Connor McGovern,G,1.0,,manual_review,0.0,
nflverse.snap_counts@2022,unmatched,2022,18,DAL,Alex Taylor-Prioleau,T,0.0,,manual_review,0.0,
nflverse.snap_counts@2022,unmatched,2022,18,GB,Yosh Nijman,T,0.4,,manual_review,0.0,
nflverse.snap_counts@2022,unmatched,2022,18,HOU,Jon Weeks,LS,0.0,,manual_review,0.0,
nflverse.snap_counts@2022,unmatched,2022,18,LV,Dylan Parham,G,1.0,,manual_review,0.0,
nflverse.snap_counts@2022,unmatched,2022,18,SEA,Alexander Johnson,LB,0.0,,manual_review,0.0,
nflverse.snap_counts@2022,unmatched,2022,18,SEA,Kyle Fuller,G,0.0,,manual_review,0.0,
nflverse.snap_counts@2022,unmatched,2022,18,LA,Jonah Williams,DT,0.0,,manual_review,0.0,
nflverse.snap_counts@2022,unmatched,2022,18,LA,T.J. Carter,DB,0.0,,manual_review,0.0,
nflverse.snap_counts@2022,unmatched,2022,18,MIN,Oli Udoh,G,1.0,,manual_review,0.0,
nflverse.snap_counts@2022,unmatched,2022,18,BUF,Spencer Brown,T,1.0,,manual_review,0.0,
nflverse.snap_counts@2022,unmatched,2022,18,NE,Trent Brown,T,1.0,,manual_review,0.0,
nflverse.snap_counts@2022,unmatched,2022,18,MIA,Samuel Eguavoen,LB,0.0,,manual_review,0.0,
nflverse.snap_counts@2022,unmatched,2022,18,NYJ,Connor McGovern,C,1.0,,manual_review,0.0,
nflverse.snap_counts@2022,unmatched,2022,18,TB,Shaq Mason,G,0.71,,manual_review,0.0,
nflverse.snap_counts@2022,unmatched,2022,18,TEN,Aaron Brewer,G,1.0,,manual_review,0.0,
nflverse.snap_counts@2022,unmatched,2022,19,CIN,Michael Thomas,SS,0.0,,manual_review,0.0,
nflverse.snap_counts@2022,unmatched,2022,19,TB,Shaq Mason,G,1.0,,manual_review,0.0,
nflverse.snap_counts@2022,unmatched,2022,19,DAL,Connor McGovern,G,0.59,,manual_review,0.0,
nflverse.snap_counts@2022,unmatched,2022,19,BUF,Spencer Brown,T,1.0,,manual_review,0.0,
nflverse.snap_counts@2022,unmatched,2022,19,MIA,Samuel Eguavoen,LB,0.0,,manual_review,0.0,
nflverse.snap_counts@2022,unmatched,2022,19,MIN,Oli Udoh,G,1.0,,manual_review,0.0,
nflverse.snap_counts@2022,unmatched,2022,19,SF,Jaylon Moore,T,0.05,,manual_review,0.0,
nflverse.snap_counts@2022,unmatched,2022,19,SEA,Kyle Fuller,G,0.04,,manual_review,0.0,
nflverse.snap_counts@2022,unmatched,2022,19,SEA,Alexander Johnson,LB,0.0,,manual_review,0.0,
nflverse.snap_counts@2022,unmatched,2022,20,BUF,Spencer Brown,T,1.0,,manual_review,0.0,
nflverse.snap_counts@2022,unmatched,2022,20,CIN,Michael Thomas,SS,0.0,,manual_review,0.0,
nflverse.snap_counts@2022,unmatched,2022,20,SF,Jaylon Moore,T,0.0,,manual_review,0.0,
nflverse.snap_counts@2022,unmatched,2022,20,DAL,Connor McGovern,G,1.0,,manual_review,0.0,
nflverse.snap_counts@2022,unmatched,2022,21,CIN,Michael Thomas,SS,0.0,,manual_review,0.0,
nflverse.snap_counts@2022,unmatched,2022,21,SF,Jaylon Moore,T,0.02,,manual_review,0.0,
nflverse.snap_counts@2022,low_confidence,2022,1,CAR,Matthew Ioannidis,DT,0.0,00-0032781,constrained_fuzzy,0.6852941176470584,0.9647058823529411
nflverse.snap_counts@2022,low_confidence,2022,2,CAR,Matthew Ioannidis,DT,0.0,00-0032781,constrained_fuzzy,0.6852941176470584,0.9647058823529411
nflverse.snap_counts@2022,low_confidence,2022,3,CAR,Matthew Ioannidis,DT,0.0,00-0032781,constrained_fuzzy,0.6852941176470584,0.9647058823529411
nflverse.snap_counts@2022,low_confidence,2022,4,CAR,Matthew Ioannidis,DT,0.0,00-0032781,constrained_fuzzy,0.6852941176470584,0.9647058823529411
nflverse.snap_counts@2022,low_confidence,2022,5,CAR,Matthew Ioannidis,DT,0.0,00-0032781,constrained_fuzzy,0.6852941176470584,0.9647058823529411
nflverse.snap_counts@2022,low_confidence,2022,6,CAR,Matthew Ioannidis,DT,0.0,00-0032781,constrained_fuzzy,0.6852941176470584,0.9647058823529411
nflverse.snap_counts@2022,low_confidence,2022,8,CAR,Matthew Ioannidis,DT,0.0,00-0032781,constrained_fuzzy,0.6852941176470584,0.9647058823529411
nflverse.snap_counts@2022,low_confidence,2022,9,CAR,Matthew Ioannidis,DT,0.0,00-0032781,constrained_fuzzy,0.6852941176470584,0.9647058823529411
nflverse.snap_counts@2022,low_confidence,2022,10,CAR,Matthew Ioannidis,DT,0.0,00-0032781,constrained_fuzzy,0.6852941176470584,0.9647058823529411
nflverse.snap_counts@2022,low_confidence,2022,14,CAR,Matthew Ioannidis,DT,0.0,00-0032781,constrained_fuzzy,0.6852941176470584,0.9647058823529411
nflverse.snap_counts@2022,low_confidence,2022,15,CAR,Matthew Ioannidis,DT,0.0,00-0032781,constrained_fuzzy,0.6852941176470584,0.9647058823529411
nflverse.snap_counts@2022,low_confidence,2022,16,CAR,Matthew Ioannidis,DT,0.0,00-0032781,constrained_fuzzy,0.6852941176470584,0.9647058823529411
nflverse.snap_counts@2022,low_confidence,2022,17,CAR,Matthew Ioannidis,DT,0.0,00-0032781,constrained_fuzzy,0.6852941176470584,0.9647058823529411
nflverse.snap_counts@2023,unmatched,2023,1,ARI,Trystan Colon-Castillo,C,0.0,,manual_review,0.0,
nflverse.snap_counts@2023,unmatched,2023,1,NYJ,Connor McGovern,C,1.0,,manual_review,0.0,
nflverse.snap_counts@2023,unmatched,2023,1,NYJ,Samuel Eguavoen,LB,0.0,,manual_review,0.0,
nflverse.snap_counts@2023,unmatched,2023,1,BUF,Connor McGovern,G,1.0,,manual_review,0.0,
nflverse.snap_counts@2023,unmatched,2023,1,BUF,Spencer Brown,T,1.0,,manual_review,0.0,
nflverse.snap_counts@2023,unmatched,2023,1,GB,Yosh Nijman,T,0.08,,manual_review,0.0,
nflverse.snap_counts@2023,unmatched,2023,1,HOU,Shaq Mason,G,1.0,,manual_review,0.0,
nflverse.snap_counts@2023,unmatched,2023,1,HOU,Jon Weeks,LS,0.0,,manual_review,0.0,
nflverse.snap_counts@2023,unmatched,2023,1,LA,Byron Young,LB,0.0,,manual_review,0.0,
nflverse.snap_counts@2023,unmatched,2023,1,LA,Jonah Williams,DE,0.0,,manual_review,0.0,
nflverse.snap_counts@2023,unmatched,2023,1,NE,Trent Brown,T,1.0,,manual_review,0.0,
nflverse.snap_counts@2023,unmatched,2023,1,PHI,Sua Opeta,G,0.0,,manual_review,0.0,
nflverse.snap_counts@2023,unmatched,2023,1,SF,Jaylon Moore,T,0.04,,manual_review,0.0,
nflverse.snap_counts@2023,unmatched,2023,1,MIN,Oli Udoh,G,0.09,,manual_review,0.0,
nflverse.snap_counts@2023,unmatched,2023,1,TEN,Chris Hubbard,T,1.0,,manual_review,0.0,
nflverse.snap_counts@2023,unmatched,2023,1,TEN,Aaron Brewer,G,1.0,,manual_review,0.0,
nflverse.snap_counts@2023,unmatched,2023,2,GB,Yosh Nijman,T,0.24,,manual_review,0.0,
nflverse.snap_counts@2023,unmatched,2023,2,HOU,Shaq Mason,G,1.0,,manual_review,0.0,
nflverse.snap_counts@2023,unmatched,2023,2,HOU,Jon Weeks,LS,0.0,,manual_review,0.0,
nflverse.snap_counts@2023,unmatched,2023,2,TEN,Chris Hubbard,T,1.0,,manual_review,0.0,
nflverse.snap_counts@2023,unmatched,2023,2,TEN,Aaron Brewer,G,1.0,,manual_review,0.0,
nflverse.snap_counts@2023,unmatched,2023,2,BUF,Spencer Brown,T,1.0,,manual_review,0.0,
nflverse.snap_counts@2023,unmatched,2023,2,BUF,Connor McGovern,G,0.95,,manual_review,0.0,
nflverse.snap_counts@2023,unmatched,2023,2,PHI,Sua Opeta,G,0.0,,manual_review,0.0,
nflverse.snap_counts@2023,unmatched,2023,2,MIN,Oli Udoh,G,0.67,,manual_review,0.0,
nflverse.snap_counts@2023,unmatched,2023,2,ARI,Trystan Colon-Castillo,C,0.0,,manual_review,0.0,
nflverse.snap_counts@2023,unmatched,2023,2,NYJ,Connor McGovern,C,1.0,,manual_review,0.0,
nflverse.snap_counts@2023,unmatched,2023,2,NYJ,Samuel Eguavoen,LB,0.0,,manual_review,0.0,
nflverse.snap_counts@2023,unmatched,2023,2,LA,Byron Young,LB,0.0,,manual_review,0.0,
nflverse.snap_counts@2023,unmatched,2023,2,LA,Jonah Williams,DE,0.0,,manual_review,0.0,
nflverse.snap_counts@2023,unmatched,2023,2,SF,Jaylon Moore,T,0.0,,manual_review,0.0,
nflverse.snap_counts@2023,unmatched,2023,3,BUF,Spencer Brown,T,1.0,,manual_review,0.0,
nflverse.snap_counts@2023,unmatched,2023,3,BUF,Connor McGovern,G,0.93,,manual_review,0.0,
nflverse.snap_counts@2023,unmatched,2023,3,ARI,Trystan Colon-Castillo,C,0.23,,manual_review,0.0,
nflverse.snap_counts@2023,unmatched,2023,3,HOU,Shaq Mason,G,1.0,,manual_review,0.0,
nflverse.snap_counts@2023,unmatched,2023,3,HOU,Jon Weeks,LS,0.0,,manual_review,0.0,
nflverse.snap_counts@2023,unmatched,2023,3,LA,Byron Young,LB,0.0,,manual_review,0.0,
nflverse.snap_counts@2023,unmatched,2023,3,LA,Jonah Williams,DE,0.0,,manual_review,0.0,
nflverse.snap_counts@2023,unmatched,2023,3,NYJ,Connor McGovern,C,1.0,,manual_review,0.0,
nflverse.snap_counts@2023,unmatched,2023,3,NYJ,Samuel Eguavoen,LB,0.0,,manual_review,0.0,
nflverse.snap_counts@2023,unmatched,2023,3,NE,Trent Brown,T,1.0,,manual_review,0.0,
nflverse.snap_counts@2023,unmatched,2023,3,GB,Yosh Nijman,T,0.04,,manual_review,0.0,
nflverse.snap_counts@2023,unmatched,2023,3,SF,Jaylon Moore,T,0.05,,manual_review,0.0,
nflverse.snap_counts@2023,unmatched,2023,3,PHI,Sua Opeta,G,0.31,,manual_review,0.0,
nflverse.snap_counts@2023,unmatched,2023,3,TEN,Chris Hubbard,T,1.0,,manual_review,0.0,
nflverse.snap_counts@2023,unmatched,2023,3,TEN,Aaron Brewer,G,1.0,,manual_review,0.0,
nflverse.snap_counts@2023,unmatched,2023,4,SF,Jaylon Moore,T,0.02,,manual_review,0.0,
nflverse.snap_counts@2023,unmatched,2023,4,ARI,Trystan Colon-Castillo,C,0.45,,manual_review,0.0,
nflverse.snap_counts@2023,unmatched,2023,4,TEN,Chris Hubbard,T,1.0,,manual_review,0.0,
nflverse.snap_counts@2023,unmatched,2023,4,TEN,Aaron Brewer,G,1.0,,manual_review,0.0,
nflverse.snap_counts@2023,unmatched,2023,4,GB,Yosh Nijman,T,0.0,,manual_review,0.0,
nflverse.snap_counts@2023,unmatched,2023,4,NYJ,Connor McGovern,C,1.0,,manual_review,0.0,
nflverse.snap_counts@2023,unmatched,2023,4,NYJ,Samuel Eguavoen,LB,0.0,,manual_review,0.0,
nflverse.snap_counts@2023,unmatched,2023,4,LA,Byron Young,LB,0.0,,manual_review,0.0,
nflverse.snap_counts@2023,unmatched,2023,4,LA,Jonah Williams,DE,0.0,,manual_review,0.0,
nflverse.snap_counts@2023,unmatched,2023,4,BUF,Spencer Brown,T,1.0,,manual_review,0.0,
nflverse.snap_counts@2023,unmatched,2023,4,BUF,Connor McGovern,G,0.86,,manual_review,0.0,
nflverse.snap_counts@2023,unmatched,2023,4,NE,Trent Brown,T,1.0,,manual_review,0.0,
nflverse.snap_counts@2023,unmatched,2023,4,HOU,Shaq Mason,G,1.0,,manual_review,0.0,
nflverse.snap_counts@2023,unmatched,2023,4,HOU,Jon Weeks,LS,0.0,,manual_review,0.0,
nflverse.snap_counts@2023,unmatched,2023,4,PHI,Sua Opeta,G,0.61,,manual_review,0.0,
nflverse.snap_counts@2023,unmatched,2023,5,ARI,Trystan Colon-Castillo,C,0.25,,manual_review,0.0,
nflverse.snap_counts@2023,unmatched,2023,5,SF,Jaylon Moore,T,0.15,,manual_review,0.0,
nflverse.snap_counts@2023,unmatched,2023,5,GB,Yosh Nijman,T,0.0,,manual_review,0.0,
nflverse.snap_counts@2023,unmatched,2023,5,HOU,Shaq Mason,G,1.0,,manual_review,0.0,
nflverse.snap_counts@2023,unmatched,2023,5,HOU,Jon Weeks,LS,0.0,,manual_review,0.0,
nflverse.snap_counts@2023,unmatched,2023,5,BUF,Connor McGovern,G,1.0,,manual_review,0.0,
nflverse.snap_counts@2023,unmatched,2023,5,BUF,Spencer Brown,T,1.0,,manual_review,0.0,
nflverse.snap_counts@2023,unmatched,2023,5,NE,Trent Brown,T,1.0,,manual_review,0.0,
nflverse.snap_counts@2023,unmatched,2023,5,NYJ,Connor McGovern,C,1.0,,manual_review,0.0,
nflverse.snap_counts@2023,unmatched,2023,5,NYJ,Samuel Eguavoen,LB,0.0,,manual_review,0.0,
nflverse.snap_counts@2023,unmatched,2023,5,LA,Jonah Williams,DE,0.0,,manual_review,0.0,
nflverse.snap_counts@2023,unmatched,2023,5,LA,Byron Young,LB,0.0,,manual_review,0.0,
nflverse.snap_counts@2023,unmatched,2023,5,PHI,Sua Opeta,G,1.0,,manual_review,0.0,
nflverse.snap_counts@2023,unmatched,2023,5,TEN,Chris Hubbard,T,1.0,,manual_review,0.0,
nflverse.snap_counts@2023,unmatched,2023,5,TEN,Aaron Brewer,G,1.0,,manual_review,0.0,
nflverse.snap_counts@2023,unmatched,2023,6,LA,Byron Young,LB,0.0,,manual_review,0.0,
nflverse.snap_counts@2023,unmatched,2023,6,LA,Jonah Williams,DE,0.0,,manual_review,0.0,
nflverse.snap_counts@2023,unmatched,2023,6,ARI,Trystan Colon-Castillo,C,0.0,,manual_review,0.0,
nflverse.snap_counts@2023,unmatched,2023,6,TEN,Chris Hubbard,T,1.0,,manual_review,0.0,
nflverse.snap_counts@2023,unmatched,2023,6,TEN,Aaron Brewer,G,1.0,,manual_review,0.0,
nflverse.snap_counts@2023,unmatched,2023,6,NE,Trent Brown,T,1.0,,manual_review,0.0,
nflverse.snap_counts@2023,unmatched,2023,6,HOU,Shaq Mason,G,1.0,,manual_review,0.0,
nflverse.snap_counts@2023,unmatched,2023,6,HOU,Jon Weeks,LS,0.0,,manual_review,0.0,
nflverse.snap_counts@2023,unmatched,2023,6,BUF,Connor McGovern,G,1.0,,manual_review,0.0,
nflverse.snap_counts@2023,unmatched,2023,6,BUF,Spencer Brown,T,0.95,,manual_review,0.0,
nflverse.snap_counts@2023,unmatched,2023,6,NYJ,Connor McGovern,C,1.0,,manual_review,0.0,
nflverse.snap_counts@2023,unmatched,2023,6,NYJ,Samuel Eguavoen,LB,0.0,,manual_review,0.0,
nflverse.snap_counts@2023,unmatched,2023,6,PHI,Sua Opeta,G,1.0,,manual_review,0.0,
nflverse.snap_counts@2023,unmatched,2023,6,SF,Jaylon Moore,T,0.03,,manual_review,0.0,
nflverse.snap_counts@2023,unmatched,2023,7,ARI,Trystan Colon-Castillo,C,1.0,,manual_review,0.0,
nflverse.snap_counts@2023,unmatched,2023,7,NE,Trent Brown,T,0.95,,manual_review,0.0,
nflverse.snap_counts@2023,unmatched,2023,7,BUF,Connor McGovern,G,1.0,,manual_review,0.0,
nflverse.snap_counts@2023,unmatched,2023,7,BUF,Spencer Brown,T,1.0,,manual_review,0.0,
nflverse.snap_counts@2023,unmatched,2023,7,GB,Yosh Nijman,T,0.06,,manual_review,0.0,
nflverse.snap_counts@2023,unmatched,2023,7,PHI,Sua Opeta,G,1.0,,manual_review,0.0,
nflverse.snap_counts@2023,unmatched,2023,7,LA,Byron Young,LB,0.0,,manual_review,0.0,
nflverse.snap_counts@2023,unmatched,2023,7,LA,Jonah Williams,DE,0.0,,manual_review,0.0,
nflverse.snap_counts@2023,unmatched,2023,7,SF,Jaylon Moore,T,1.0,,manual_review,0.0,
nflverse.snap_counts@2023,unmatched,2023,8,TEN,Aaron Brewer,G,1.0,,manual_review,0.0,
nflverse.snap_counts@2023,unmatched,2023,8,TEN,Chris Hubbard,T,0.46,,manual_review,0.0,
nflverse.snap_counts@2023,unmatched,2023,8,ARI,Trystan Colon-Castillo,C,0.03,,manual_review,0.0,
nflverse.snap_counts@2023,unmatched,2023,8,SF,Jaylon Moore,T,1.0,,manual_review,0.0,
nflverse.snap_counts@2023,unmatched,2023,8,HOU,Shaq Mason,G,1.0,,manual_review,0.0,
nflverse.snap_counts@2023,unmatched,2023,8,HOU,Jon Weeks,LS,0.0,,manual_review,0.0,
nflverse.snap_counts@2023,unmatched,2023,8,LA,Byron Young,LB,0.0,,manual_review,0.0,
nflverse.snap_counts@2023,unmatched,2023,8,LA,Jonah Williams,DE,0.0,,manual_review,0.0,
nflverse.snap_counts@2023,unmatched,2023,8,GB,Yosh Nijman,T,0.74,,manual_review,0.0,
nflverse.snap_counts@2023,unmatched,2023,8,NE,Trent Brown,T,1.0,,manual_review,0.0,
nflverse.snap_counts@2023,unmatched,2023,8,NYJ,Connor McGovern,C,0.28,,manual_review,0.0,
nflverse.snap_counts@2023,unmatched,2023,8,NYJ,Samuel Eguavoen,LB,0.0,,manual_review,0.0,
nflverse.snap_counts@2023,unmatched,2023,8,PHI,Sua Opeta,G,0.9,,manual_review,0.0,
nflverse.snap_counts@2023,unmatched,2023,8,BUF,Connor McGovern,G,1.0,,manual_review,0.0,
nflverse.snap_counts@2023,unmatched,2023,8,BUF,Spencer Brown,T,1.0,,manual_review,0.0,
nflverse.snap_counts@2023,unmatched,2023,9,BUF,Connor McGovern,G,1.0,,manual_review,0.0,
nflverse.snap_counts@2023,unmatched,2023,9,BUF,Spencer Brown,T,1.0,,manual_review,0.0,
nflverse.snap_counts@2023,unmatched,2023,9,PHI,Sua Opeta,G,0.0,,manual_review,0.0,
nflverse.snap_counts@2023,unmatched,2023,9,NYJ,Samuel Eguavoen,LB,0.0,,manual_review,0.0,
nflverse.snap_counts@2023,unmatched,2023,9,GB,Yosh Nijman,T,0.49,,manual_review,0.0,
nflverse.snap_counts@2023,unmatched,2023,9,LA,Byron Young,LB,0.0,,manual_review,0.0,
nflverse.snap_counts@2023,unmatched,2023,9,LA,Jonah Williams,DE,0.0,,manual_review,0.0,
nflverse.snap_counts@2023,unmatched,2023,9,HOU,Shaq Mason,G,1.0,,manual_review,0.0,
nflverse.snap_counts@2023,unmatched,2023,9,HOU,Jon Weeks,LS,0.0,,manual_review,0.0,
nflverse.snap_counts@2023,unmatched,2023,9,TEN,Aaron Brewer,G,1.0,,manual_review,0.0,
nflverse.snap_counts@2023,unmatched,2023,10,BUF,Spencer Brown,T,1.0,,manual_review,0.0,
nflverse.snap_counts@2023,unmatched,2023,10,BUF,Connor McGovern,G,1.0,,manual_review,0.0,
nflverse.snap_counts@2023,unmatched,2023,10,GB,Yosh Nijman,T,0.0,,manual_review,0.0,
nflverse.snap_counts@2023,unmatched,2023,10,HOU,Shaq Mason,G,1.0,,manual_review,0.0,
nflverse.snap_counts@2023,unmatched,2023,10,HOU,Jon Weeks,LS,0.0,,manual_review,0.0,
nflverse.snap_counts@2023,unmatched,2023,10,NYJ,Samuel Eguavoen,LB,0.0,,manual_review,0.0,
nflverse.snap_counts@2023,unmatched,2023,10,SF,Jaylon Moore,T,0.26,,manual_review,0.0,
nflverse.snap_counts@2023,unmatched,2023,10,TEN,Chris Hubbard,T,1.0,,manual_review,0.0,
nflverse.snap_counts@2023,unmatched,2023,10,TEN,Aaron Brewer,G,1.0,,manual_review,0.0,
nflverse.snap_counts@2023,unmatched,2023,11,HOU,Shaq Mason,G,1.0,,manual_review,0.0,
nflverse.snap_counts@2023,unmatched,2023,11,HOU,Jon Weeks,LS,0.0,,manual_review,0.0,
nflverse.snap_counts@2023,unmatched,2023,11,GB,Yosh Nijman,T,0.43,,manual_review,0.0,
nflverse.snap_counts@2023,unmatched,2023,11,BUF,Spencer Brown,T,1.0,,manual_review,0.0,
nflverse.snap_counts@2023,unmatched,2023,11,BUF,Connor McGovern,G,0.95,,manual_review,0.0,
nflverse.snap_counts@2023,unmatched,2023,11,LA,Byron Young,LB,0.0,,manual_review,0.0,
nflverse.snap_counts@2023,unmatched,2023,11,LA,Jonah Williams,DE,0.0,,manual_review,0.0,
nflverse.snap_counts@2023,unmatched,2023,11,SF,Jaylon Moore,T,0.03,,manual_review,0.0,
nflverse.snap_counts@2023,unmatched,2023,11,TEN,Aaron Brewer,G,1.0,,manual_review,0.0,
nflverse.snap_counts@2023,unmatched,2023,11,TEN,Chris Hubbard,T,0.55,,manual_review,0.0,
nflverse.snap_counts@2023,unmatched,2023,12,BUF,Connor McGovern,G,1.0,,manual_review,0.0,
nflverse.snap_counts@2023,unmatched,2023,12,BUF,Spencer Brown,T,1.0,,manual_review,0.0,
nflverse.snap_counts@2023,unmatched,2023,12,TEN,Aaron Brewer,G,1.0,,manual_review,0.0,
nflverse.snap_counts@2023,unmatched,2023,12,GB,Yosh Nijman,T,0.48,,manual_review,0.0,
nflverse.snap_counts@2023,unmatched,2023,12,HOU,Shaq Mason,G,1.0,,manual_review,0.0,
nflverse.snap_counts@2023,unmatched,2023,12,HOU,Jon Weeks,LS,0.0,,manual_review,0.0,
nflverse.snap_counts@2023,unmatched,2023,12,ARI,Trystan Colon-Castillo,C,0.38,,manual_review,0.0,
nflverse.snap_counts@2023,unmatched,2023,12,LA,Byron Young,LB,0.0,,manual_review,0.0,
nflverse.snap_counts@2023,unmatched,2023,12,LA,Jonah Williams,DE,0.0,,manual_review,0.0,
nflverse.snap_counts@2023,unmatched,2023,12,NE,Trent Brown,T,0.76,,manual_review,0.0,
nflverse.snap_counts@2023,unmatched,2023,12,SF,Jaylon Moore,T,0.05,,manual_review,0.0,
nflverse.snap_counts@2023,unmatched,2023,13,ARI,Trystan Colon-Castillo,C,1.0,,manual_review,0.0,
nflverse.snap_counts@2023,unmatched,2023,13,NYJ,Samuel Eguavoen,LB,0.0,,manual_review,0.0,
nflverse.snap_counts@2023,unmatched,2023,13,LA,Byron Young,LB,0.0,,manual_review,0.0,
nflverse.snap_counts@2023,unmatched,2023,13,LA,Jonah Williams,DE,0.0,,manual_review,0.0,
nflverse.snap_counts@2023,unmatched,2023,13,HOU,Shaq Mason,G,1.0,,manual_review,0.0,
nflverse.snap_counts@2023,unmatched,2023,13,HOU,Jon Weeks,LS,0.0,,manual_review,0.0,
nflverse.snap_counts@2023,unmatched,2023,13,TEN,Aaron Brewer,G,1.0,,manual_review,0.0,
nflverse.snap_counts@2023,unmatched,2023,13,GB,Yosh Nijman,T,0.13,,manual_review,0.0,
nflverse.snap_counts@2023,unmatched,2023,13,NE,Trent Brown,T,0.67,,manual_review,0.0,
nflverse.snap_counts@2023,unmatched,2023,13,SF,Jaylon Moore,T,0.07,,manual_review,0.0,
nflverse.snap_counts@2023,unmatched,2023,14,BUF,Spencer Brown,T,1.0,,manual_review,0.0,
nflverse.snap_counts@2023,unmatched,2023,14,BUF,Connor McGovern,G,1.0,,manual_review,0.0,
nflverse.snap_counts@2023,unmatched,2023,14,GB,Yosh Nijman,T,0.25,,manual_review,0.0,
nflverse.snap_counts@2023,unmatched,2023,14,NYJ,Samuel Eguavoen,LB,0.0,,manual_review,0.0,
nflverse.snap_counts@2023,unmatched,2023,14,HOU,Shaq Mason,G,1.0,,manual_review,0.0,
nflverse.snap_counts@2023,unmatched,2023,14,HOU,Jon Weeks,LS,0.0,,manual_review,0.0,
nflverse.snap_counts@2023,unmatched,2023,14,LA,Byron Young,LB,0.0,,manual_review,0.0,
nflverse.snap_counts@2023,unmatched,2023,14,LA,Jonah Williams,DE,0.0,,manual_review,0.0,
nflverse.snap_counts@2023,unmatched,2023,14,NE,Trent Brown,T,0.6,,manual_review,0.0,
nflverse.snap_counts@2023,unmatched,2023,14,SF,Jaylon Moore,T,0.0,,manual_review,0.0,
nflverse.snap_counts@2023,unmatched,2023,14,TEN,Aaron Brewer,G,1.0,,manual_review,0.0,
nflverse.snap_counts@2023,unmatched,2023,15,BUF,Spencer Brown,T,1.0,,manual_review,0.0,
nflverse.snap_counts@2023,unmatched,2023,15,BUF,Connor McGovern,G,0.9,,manual_review,0.0,
nflverse.snap_counts@2023,unmatched,2023,15,TEN,Aaron Brewer,G,1.0,,manual_review,0.0,
nflverse.snap_counts@2023,unmatched,2023,15,HOU,Shaq Mason,G,1.0,,manual_review,0.0,
nflverse.snap_counts@2023,unmatched,2023,15,HOU,Jon Weeks,LS,0.0,,manual_review,0.0,
nflverse.snap_counts@2023,unmatched,2023,15,NYJ,Samuel Eguavoen,LB,0.0,,manual_review,0.0,
nflverse.snap_counts@2023,unmatched,2023,15,PHI,Sua Opeta,G,1.0,,manual_review,0.0,
nflverse.snap_counts@2023,unmatched,2023,15,ARI,Trystan Colon-Castillo,C,0.72,,manual_review,0.0,
nflverse.snap_counts@2023,unmatched,2023,15,SF,Jaylon Moore,T,0.13,,manual_review,0.0,
nflverse.snap_counts@2023,unmatched,2023,15,GB,Yosh Nijman,T,0.32,,manual_review,0.0,
nflverse.snap_counts@2023,unmatched,2023,15,LA,Byron Young,LB,0.0,,manual_review,0.0,
nflverse.snap_counts@2023,unmatched,2023,15,LA,Jonah Williams,DE,0.0,,manual_review,0.0,
nflverse.snap_counts@2023,unmatched,2023,16,ARI,Trystan Colon-Castillo,C,0.1,,manual_review,0.0,
nflverse.snap_counts@2023,unmatched,2023,16,SF,Jaylon Moore,T,0.17,,manual_review,0.0,
nflverse.snap_counts@2023,unmatched,2023,16,BUF,Connor McGovern,G,1.0,,manual_review,0.0,
nflverse.snap_counts@2023,unmatched,2023,16,BUF,Spencer Brown,T,1.0,,manual_review,0.0,
nflverse.snap_counts@2023,unmatched,2023,16,HOU,Shaq Mason,G,1.0,,manual_review,0.0,
nflverse.snap_counts@2023,unmatched,2023,16,HOU,Jon Weeks,LS,0.0,,manual_review,0.0,
nflverse.snap_counts@2023,unmatched,2023,16,GB,Yosh Nijman,T,0.0,,manual_review,0.0,
nflverse.snap_counts@2023,unmatched,2023,16,NE,Trent Brown,T,0.36,,manual_review,0.0,
nflverse.snap_counts@2023,unmatched,2023,16,LA,Byron Young,LB,0.0,,manual_review,0.0,
nflverse.snap_counts@2023,unmatched,2023,16,LA,Jonah Williams,DE,0.0,,manual_review,0.0,
nflverse.snap_counts@2023,unmatched,2023,16,PHI,Sua Opeta,G,1.0,,manual_review,0.0,
nflverse.snap_counts@2023,unmatched,2023,16,TEN,Aaron Brewer,G,1.0,,manual_review,0.0,
nflverse.snap_counts@2023,unmatched,2023,16,NYJ,Samuel Eguavoen,LB,0.0,,manual_review,0.0,
nflverse.snap_counts@2023,unmatched,2023,17,PHI,Sua Opeta,G,0.0,,manual_review,0.0,
nflverse.snap_counts@2023,unmatched,2023,17,ARI,Trystan Colon-Castillo,C,0.36,,manual_review,0.0,
nflverse.snap_counts@2023,unmatched,2023,17,GB,Yosh Nijman,T,0.11,,manual_review,0.0,
nflverse.snap_counts@2023,unmatched,2023,17,LA,Byron Young,LB,0.0,,manual_review,0.0,
nflverse.snap_counts@2023,unmatched,2023,17,LA,Jonah Williams,DE,0.0,,manual_review,0.0,
nflverse.snap_counts@2023,unmatched,2023,17,BUF,Connor McGovern,G,1.0,,manual_review,0.0,
nflverse.snap_counts@2023,unmatched,2023,17,BUF,Spencer Brown,T,1.0,,manual_review,0.0,
nflverse.snap_counts@2023,unmatched,2023,17,NYJ,Samuel Eguavoen,LB,0.0,,manual_review,0.0,
nflverse.snap_counts@2023,unmatched,2023,17,HOU,Shaq Mason,G,0.95,,manual_review,0.0,
nflverse.snap_counts@2023,unmatched,2023,17,HOU,Jon Weeks,LS,0.0,,manual_review,0.0,
nflverse.snap_counts@2023,unmatched,2023,17,TEN,Aaron Brewer,G,1.0,,manual_review,0.0,
nflverse.snap_counts@2023,unmatched,2023,18,BUF,Connor McGovern,G,1.0,,manual_review,0.0,
nflverse.snap_counts@2023,unmatched,2023,18,BUF,Spencer Brown,T,1.0,,manual_review,0.0,
nflverse.snap_counts@2023,unmatched,2023,18,GB,Yosh Nijman,T,0.2,,manual_review,0.0,
nflverse.snap_counts@2023,unmatched,2023,18,HOU,Shaq Mason,G,1.0,,manual_review,0.0,
nflverse.snap_counts@2023,unmatched,2023,18,HOU,Jon Weeks,LS,0.0,,manual_review,0.0,
nflverse.snap_counts@2023,unmatched,2023,18,TEN,Aaron Brewer,G,1.0,,manual_review,0.0,
nflverse.snap_counts@2023,unmatched,2023,18,SF,Jaylon Moore,T,0.8,,manual_review,0.0,
nflverse.snap_counts@2023,unmatched,2023,18,LA,Byron Young,LB,0.0,,manual_review,0.0,
nflverse.snap_counts@2023,unmatched,2023,18,LA,Jonah Williams,DE,0.0,,manual_review,0.0,
nflverse.snap_counts@2023,unmatched,2023,18,NYJ,Samuel Eguavoen,LB,0.0,,manual_review,0.0,
nflverse.snap_counts@2023,unmatched,2023,18,PHI,Sua Opeta,G,0.57,,manual_review,0.0,
nflverse.snap_counts@2023,unmatched,2023,18,ARI,Trystan Colon-Castillo,C,0.2,,manual_review,0.0,
nflverse.snap_counts@2023,unmatched,2023,19,LA,Byron Young,LB,0.0,,manual_review,0.0,
nflverse.snap_counts@2023,unmatched,2023,19,LA,Jonah Williams,DE,0.0,,manual_review,0.0,
nflverse.snap_counts@2023,unmatched,2023,19,LA,Joseph Noteboom,T,0.0,,manual_review,0.0,
nflverse.snap_counts@2023,unmatched,2023,19,PHI,Sua Opeta,G,0.03,,manual_review,0.0,
nflverse.snap_counts@2023,unmatched,2023,19,BUF,Spencer Brown,T,1.0,,manual_review,0.0,
nflverse.snap_counts@2023,unmatched,2023,19,BUF,Connor McGovern,G,0.99,,manual_review,0.0,
nflverse.snap_counts@2023,unmatched,2023,20,SF,Jaylon Moore,T,0.02,,manual_review,0.0,
nflverse.snap_counts@2023,unmatched,2023,20,BUF,Spencer Brown,T,1.0,,manual_review,0.0,
nflverse.snap_counts@2023,unmatched,2023,20,BUF,Connor McGovern,G,1.0,,manual_review,0.0,
nflverse.snap_counts@2023,unmatched,2023,21,SF,Jaylon Moore,T,0.0,,manual_review,0.0,
nflverse.snap_counts@2023,unmatched,2023,22,SF,Jaylon Moore,T,0.0,,manual_review,0.0,
nflverse.snap_counts@2023,low_confidence,2023,5,PIT,Rodney Williams,TE,0.06,00-0037451,constrained_fuzzy,0.6193333333333331,0.9533333333333333
nflverse.snap_counts@2023,low_confidence,2023,7,PIT,Rodney Williams,TE,0.19,00-0037451,constrained_fuzzy,0.6193333333333331,0.9533333333333333
nflverse.snap_counts@2023,low_confidence,2023,8,PIT,Rodney Williams,TE,0.18,00-0037451,constrained_fuzzy,0.6193333333333331,0.9533333333333333
nflverse.snap_counts@2023,low_confidence,2023,9,PIT,Rodney Williams,TE,0.05,00-0037451,constrained_fuzzy,0.6193333333333331,0.9533333333333333
nflverse.snap_counts@2023,low_confidence,2023,10,PIT,Rodney Williams,TE,0.05,00-0037451,constrained_fuzzy,0.6193333333333331,0.9533333333333333
nflverse.snap_counts@2023,low_confidence,2023,11,PIT,Rodney Williams,TE,0.0,00-0037451,constrained_fuzzy,0.6193333333333331,0.9533333333333333
nflverse.snap_counts@2023,low_confidence,2023,12,PIT,Rodney Williams,TE,0.06,00-0037451,constrained_fuzzy,0.6193333333333331,0.9533333333333333
nflverse.snap_counts@2023,low_confidence,2023,13,PIT,Rodney Williams,TE,0.08,00-0037451,constrained_fuzzy,0.6193333333333331,0.9533333333333333
nflverse.snap_counts@2023,low_confidence,2023,14,PIT,Rodney Williams,TE,0.06,00-0037451,constrained_fuzzy,0.6193333333333331,0.9533333333333333
nflverse.snap_counts@2023,low_confidence,2023,15,PIT,Rodney Williams,TE,0.03,00-0037451,constrained_fuzzy,0.6193333333333331,0.9533333333333333
nflverse.snap_counts@2023,low_confidence,2023,16,PIT,Rodney Williams,TE,0.03,00-0037451,constrained_fuzzy,0.6193333333333331,0.9533333333333333
nflverse.snap_counts@2023,low_confidence,2023,17,PIT,Rodney Williams,TE,0.06,00-0037451,constrained_fuzzy,0.6193333333333331,0.9533333333333333
nflverse.snap_counts@2023,low_confidence,2023,18,PIT,Rodney Williams,TE,0.02,00-0037451,constrained_fuzzy,0.6193333333333331,0.9533333333333333
nflverse.snap_counts@2023,low_confidence,2023,19,PIT,Rodney Williams,TE,0.03,00-0037451,constrained_fuzzy,0.6193333333333331,0.9533333333333333
nflverse.snap_counts@2024,unmatched,2024,1,BUF,Spencer Brown,T,1.0,,manual_review,0.0,
nflverse.snap_counts@2024,unmatched,2024,1,BUF,Connor McGovern,C,1.0,,manual_review,0.0,
nflverse.snap_counts@2024,unmatched,2024,1,ARI,Trystan Colon-Castillo,C,0.0,,manual_review,0.0,
nflverse.snap_counts@2024,unmatched,2024,1,DAL,Tyler Smith,T,0.98,,manual_review,0.0,
nflverse.snap_counts@2024,unmatched,2024,1,SEA,Olusegun Oluwatimi,C,0.0,,manual_review,0.0,
nflverse.snap_counts@2024,unmatched,2024,1,MIA,Aaron Brewer,G,1.0,,manual_review,0.0,
nflverse.snap_counts@2024,unmatched,2024,1,DET,Chris Smith,DT,0.0,,manual_review,0.0,
nflverse.snap_counts@2024,unmatched,2024,1,LA,Joseph Noteboom,T,0.35,,manual_review,0.0,
nflverse.snap_counts@2024,unmatched,2024,1,LA,Byron Young,LB,0.0,,manual_review,0.0,
nflverse.snap_counts@2024,unmatched,2024,1,LV,Delmar Glaze,T,0.0,,manual_review,0.0,
nflverse.snap_counts@2024,unmatched,2024,1,NE,Michael Onwenu,G,1.0,,manual_review,0.0,
nflverse.snap_counts@2024,unmatched,2024,1,NE,Michael Jordan,G,1.0,,manual_review,0.0,
nflverse.snap_counts@2024,unmatched,2024,1,NYJ,Samuel Eguavoen,LB,0.0,,manual_review,0.0,
nflverse.snap_counts@2024,unmatched,2024,1,WAS,Samuel Cosmi,G,1.0,,manual_review,0.0,
nflverse.snap_counts@2024,unmatched,2024,1,WAS,Trenton Scott,T,0.03,,manual_review,0.0,
nflverse.snap_counts@2024,unmatched,2024,2,MIA,Aaron Brewer,G,1.0,,manual_review,0.0,
nflverse.snap_counts@2024,unmatched,2024,2,BUF,Spencer Brown,T,1.0,,manual_review,0.0,
nflverse.snap_counts@2024,unmatched,2024,2,BUF,Connor McGovern,C,0.91,,manual_review,0.0,
nflverse.snap_counts@2024,unmatched,2024,2,ARI,Trystan Colon-Castillo,C,0.09,,manual_review,0.0,
nflverse.snap_counts@2024,unmatched,2024,2,LA,Byron Young,LB,0.0,,manual_review,0.0,
nflverse.snap_counts@2024,unmatched,2024,2,LV,Delmar Glaze,T,0.0,,manual_review,0.0,
nflverse.snap_counts@2024,unmatched,2024,2,DAL,Tyler Smith,T,1.0,,manual_review,0.0,
nflverse.snap_counts@2024,unmatched,2024,2,WAS,Samuel Cosmi,G,0.99,,manual_review,0.0,
nflverse.snap_counts@2024,unmatched,2024,2,WAS,Trenton Scott,T,0.0,,manual_review,0.0,
nflverse.snap_counts@2024,unmatched,2024,2,NYJ,Samuel Eguavoen,LB,0.0,,manual_review,0.0,
nflverse.snap_counts@2024,unmatched,2024,2,NE,Michael Onwenu,G,1.0,,manual_review,0.0,
nflverse.snap_counts@2024,unmatched,2024,2,NE,Michael Jordan,G,1.0,,manual_review,0.0,
nflverse.snap_counts@2024,unmatched,2024,2,NE,Zachary Thomas,T,0.0,,manual_review,0.0,
nflverse.snap_counts@2024,unmatched,2024,2,MIN,Jonah Williams,DE,0.0,,manual_review,0.0,
nflverse.snap_counts@2024,unmatched,2024,3,DAL,Tyler Smith,G,1.0,,manual_review,0.0,
nflverse.snap_counts@2024,unmatched,2024,3,LV,Delmar Glaze,T,0.97,,manual_review,0.0,
nflverse.snap_counts@2024,unmatched,2024,3,ARI,Trystan Colon-Castillo,C,0.0,,manual_review,0.0,
nflverse.snap_counts@2024,unmatched,2024,3,BUF,Spencer Brown,T,1.0,,manual_review,0.0,
nflverse.snap_counts@2024,unmatched,2024,3,BUF,Connor McGovern,C,0.88,,manual_review,0.0,
nflverse.snap_counts@2024,unmatched,2024,3,MIA,Aaron Brewer,G,1.0,,manual_review,0.0,
nflverse.snap_counts@2024,unmatched,2024,3,NYJ,Samuel Eguavoen,LB,0.0,,manual_review,0.0,
nflverse.snap_counts@2024,unmatched,2024,3,NE,Michael Onwenu,G,1.0,,manual_review,0.0,
nflverse.snap_counts@2024,unmatched,2024,3,NE,Michael Jordan,G,0.6,,manual_review,0.0,
nflverse.snap_counts@2024,unmatched,2024,3,NE,Zachary Thomas,T,0.44,,manual_review,0.0,
nflverse.snap_counts@2024,unmatched,2024,3,LA,Byron Young,LB,0.0,,manual_review,0.0,
nflverse.snap_counts@2024,unmatched,2024,3,WAS,Samuel Cosmi,G,1.0,,manual_review,0.0,
nflverse.snap_counts@2024,unmatched,2024,3,WAS,Trenton Scott,T,0.02,,manual_review,0.0,
nflverse.snap_counts@2024,unmatched,2024,4,BUF,Spencer Brown,T,1.0,,manual_review,0.0,
nflverse.snap_counts@2024,unmatched,2024,4,BUF,Connor McGovern,C,0.73,,manual_review,0.0,
nflverse.snap_counts@2024,unmatched,2024,4,LV,Delmar Glaze,T,1.0,,manual_review,0.0,
nflverse.snap_counts@2024,unmatched,2024,4,LV,John Samuel Shenker,TE,0.08,,manual_review,0.0,
nflverse.snap_counts@2024,unmatched,2024,4,DAL,Tyler Smith,G,1.0,,manual_review,0.0,
nflverse.snap_counts@2024,unmatched,2024,4,NYJ,Samuel Eguavoen,LB,0.0,,manual_review,0.0,
nflverse.snap_counts@2024,unmatched,2024,4,LA,Byron Young,LB,0.0,,manual_review,0.0,
nflverse.snap_counts@2024,unmatched,2024,4,NE,Michael Onwenu,G,1.0,,manual_review,0.0,
nflverse.snap_counts@2024,unmatched,2024,4,NE,Zachary Thomas,T,0.02,,manual_review,0.0,
nflverse.snap_counts@2024,unmatched,2024,4,MIA,Aaron Brewer,G,1.0,,manual_review,0.0,
nflverse.snap_counts@2024,unmatched,2024,4,ARI,Trystan Colon-Castillo,C,0.0,,manual_review,0.0,
nflverse.snap_counts@2024,unmatched,2024,4,WAS,Samuel Cosmi,G,1.0,,manual_review,0.0,
nflverse.snap_counts@2024,unmatched,2024,4,WAS,Trenton Scott,T,0.03,,manual_review,0.0,
nflverse.snap_counts@2024,unmatched,2024,5,ARI,Trystan Colon-Castillo,C,0.34,,manual_review,0.0,
nflverse.snap_counts@2024,unmatched,2024,5,BUF,Spencer Brown,T,1.0,,manual_review,0.0,
nflverse.snap_counts@2024,unmatched,2024,5,BUF,Connor McGovern,C,1.0,,manual_review,0.0,
nflverse.snap_counts@2024,unmatched,2024,5,WAS,Samuel Cosmi,G,1.0,,manual_review,0.0,
nflverse.snap_counts@2024,unmatched,2024,5,WAS,Trenton Scott,T,0.03,,manual_review,0.0,
nflverse.snap_counts@2024,unmatched,2024,5,DAL,Tyler Smith,G,1.0,,manual_review,0.0,
nflverse.snap_counts@2024,unmatched,2024,5,LA,Byron Young,LB,0.0,,manual_review,0.0,
nflverse.snap_counts@2024,unmatched,2024,5,LA,Jonah Williams,DE,0.0,,manual_review,0.0,
nflverse.snap_counts@2024,unmatched,2024,5,LV,Delmar Glaze,T,1.0,,manual_review,0.0,
nflverse.snap_counts@2024,unmatched,2024,5,LV,John Samuel Shenker,TE,0.14,,manual_review,0.0,
nflverse.snap_counts@2024,unmatched,2024,5,NE,Michael Onwenu,G,1.0,,manual_review,0.0,
nflverse.snap_counts@2024,unmatched,2024,5,NE,Michael Jordan,G,1.0,,manual_review,0.0,
nflverse.snap_counts@2024,unmatched,2024,5,NE,Zachary Thomas,T,0.05,,manual_review,0.0,
nflverse.snap_counts@2024,unmatched,2024,5,MIA,Aaron Brewer,G,1.0,,manual_review,0.0,
nflverse.snap_counts@2024,unmatched,2024,5,NO,Connor McGovern,C,0.45,,manual_review,0.0,
nflverse.snap_counts@2024,unmatched,2024,5,NYJ,Samuel Eguavoen,LB,0.0,,manual_review,0.0,
nflverse.snap_counts@2024,unmatched,2024,6,ARI,Trystan Colon-Castillo,C,0.91,,manual_review,0.0,
nflverse.snap_counts@2024,unmatched,2024,6,NYJ,Samuel Eguavoen,LB,0.0,,manual_review,0.0,
nflverse.snap_counts@2024,unmatched,2024,6,BUF,Connor McGovern,C,1.0,,manual_review,0.0,
nflverse.snap_counts@2024,unmatched,2024,6,BUF,Spencer Brown,T,0.96,,manual_review,0.0,
nflverse.snap_counts@2024,unmatched,2024,6,DAL,Tyler Smith,G,0.74,,manual_review,0.0,
nflverse.snap_counts@2024,unmatched,2024,6,NE,Michael Onwenu,G,1.0,,manual_review,0.0,
nflverse.snap_counts@2024,unmatched,2024,6,NE,Michael Jordan,G,0.88,,manual_review,0.0,
nflverse.snap_counts@2024,unmatched,2024,6,NE,Zachary Thomas,T,0.83,,manual_review,0.0,
nflverse.snap_counts@2024,unmatched,2024,6,LV,Delmar Glaze,T,1.0,,manual_review,0.0,
nflverse.snap_counts@2024,unmatched,2024,6,LV,John Samuel Shenker,TE,0.13,,manual_review,0.0,
nflverse.snap_counts@2024,unmatched,2024,6,NO,Connor McGovern,C,1.0,,manual_review,0.0,
nflverse.snap_counts@2024,unmatched,2024,6,WAS,Samuel Cosmi,G,1.0,,manual_review,0.0,
nflverse.snap_counts@2024,unmatched,2024,6,WAS,Trenton Scott,T,0.02,,manual_review,0.0,
nflverse.snap_counts@2024,unmatched,2024,7,WAS,Samuel Cosmi,G,1.0,,manual_review,0.0,
nflverse.snap_counts@2024,unmatched,2024,7,WAS,Trenton Scott,T,0.03,,manual_review,0.0,
nflverse.snap_counts@2024,unmatched,2024,7,NO,Connor McGovern,C,1.0,,manual_review,0.0,
nflverse.snap_counts@2024,unmatched,2024,7,ARI,Trystan Colon-Castillo,C,0.65,,manual_review,0.0,
nflverse.snap_counts@2024,unmatched,2024,7,LA,Byron Young,LB,0.0,,manual_review,0.0,
nflverse.snap_counts@2024,unmatched,2024,7,LV,Delmar Glaze,T,1.0,,manual_review,0.0,
nflverse.snap_counts@2024,unmatched,2024,7,LV,John Samuel Shenker,TE,0.18,,manual_review,0.0,
nflverse.snap_counts@2024,unmatched,2024,7,MIA,Aaron Brewer,G,1.0,,manual_review,0.0,
nflverse.snap_counts@2024,unmatched,2024,7,NE,Michael Onwenu,G,1.0,,manual_review,0.0,
nflverse.snap_counts@2024,unmatched,2024,7,NE,Michael Jordan,G,1.0,,manual_review,0.0,
nflverse.snap_counts@2024,unmatched,2024,7,NE,Zachary Thomas,T,0.02,,manual_review,0.0,
nflverse.snap_counts@2024,unmatched,2024,7,NYJ,Samuel Eguavoen,LB,0.0,,manual_review,0.0,
nflverse.snap_counts@2024,unmatched,2024,7,SEA,Olusegun Oluwatimi,C,0.0,,manual_review,0.0,
nflverse.snap_counts@2024,unmatched,2024,7,BUF,Spencer Brown,T,1.0,,manual_review,0.0,
nflverse.snap_counts@2024,unmatched,2024,7,BUF,Connor McGovern,C,1.0,,manual_review,0.0,
nflverse.snap_counts@2024,unmatched,2024,8,MIA,Aaron Brewer,G,1.0,,manual_review,0.0,
nflverse.snap_counts@2024,unmatched,2024,8,ARI,Trystan Colon-Castillo,C,0.61,,manual_review,0.0,
nflverse.snap_counts@2024,unmatched,2024,8,BAL,Bump Cooper,CB,0.0,,manual_review,0.0,
nflverse.snap_counts@2024,unmatched,2024,8,SEA,Olusegun Oluwatimi,C,0.06,,manual_review,0.0,
nflverse.snap_counts@2024,unmatched,2024,8,BUF,Spencer Brown,T,1.0,,manual_review,0.0,
nflverse.snap_counts@2024,unmatched,2024,8,BUF,Connor McGovern,C,0.91,,manual_review,0.0,
nflverse.snap_counts@2024,unmatched,2024,8,WAS,Samuel Cosmi,G,1.0,,manual_review,0.0,
nflverse.snap_counts@2024,unmatched,2024,8,WAS,Trenton Scott,T,0.41,,manual_review,0.0,
nflverse.snap_counts@2024,unmatched,2024,8,DAL,Tyler Smith,G,1.0,,manual_review,0.0,
nflverse.snap_counts@2024,unmatched,2024,8,LV,Delmar Glaze,T,1.0,,manual_review,0.0,
nflverse.snap_counts@2024,unmatched,2024,8,LV,John Samuel Shenker,TE,0.4,,manual_review,0.0,
nflverse.snap_counts@2024,unmatched,2024,8,LA,Byron Young,LB,0.0,,manual_review,0.0,
nflverse.snap_counts@2024,unmatched,2024,8,LA,Jonah Williams,DE,0.0,,manual_review,0.0,
nflverse.snap_counts@2024,unmatched,2024,8,NO,Connor McGovern,C,1.0,,manual_review,0.0,
nflverse.snap_counts@2024,unmatched,2024,8,NE,Michael Onwenu,G,1.0,,manual_review,0.0,
nflverse.snap_counts@2024,unmatched,2024,8,NE,Michael Jordan,G,1.0,,manual_review,0.0,
nflverse.snap_counts@2024,unmatched,2024,8,NE,Zachary Thomas,T,0.01,,manual_review,0.0,
nflverse.snap_counts@2024,unmatched,2024,8,NYJ,Samuel Eguavoen,LB,0.0,,manual_review,0.0,
nflverse.snap_counts@2024,unmatched,2024,9,ARI,Trystan Colon-Castillo,C,0.71,,manual_review,0.0,
nflverse.snap_counts@2024,unmatched,2024,9,DAL,Tyler Smith,G,1.0,,manual_review,0.0,
nflverse.snap_counts@2024,unmatched,2024,9,DET,Chris Smith,DT,0.0,,manual_review,0.0,
nflverse.snap_counts@2024,unmatched,2024,9,NYJ,Samuel Eguavoen,LB,0.0,,manual_review,0.0,
nflverse.snap_counts@2024,unmatched,2024,9,SEA,Olusegun Oluwatimi,C,0.01,,manual_review,0.0,
nflverse.snap_counts@2024,unmatched,2024,9,LA,Byron Young,LB,0.0,,manual_review,0.0,
nflverse.snap_counts@2024,unmatched,2024,9,LA,Jonah Williams,DE,0.0,,manual_review,0.0,
nflverse.snap_counts@2024,unmatched,2024,9,LV,Delmar Glaze,T,1.0,,manual_review,0.0,
nflverse.snap_counts@2024,unmatched,2024,9,BUF,Spencer Brown,T,1.0,,manual_review,0.0,
nflverse.snap_counts@2024,unmatched,2024,9,BUF,Connor McGovern,C,1.0,,manual_review,0.0,
nflverse.snap_counts@2024,unmatched,2024,9,MIA,Aaron Brewer,G,1.0,,manual_review,0.0,
nflverse.snap_counts@2024,unmatched,2024,9,NE,Michael Onwenu,G,1.0,,manual_review,0.0,
nflverse.snap_counts@2024,unmatched,2024,9,NE,Michael Jordan,G,1.0,,manual_review,0.0,
nflverse.snap_counts@2024,unmatched,2024,9,NE,Zachary Thomas,T,0.0,,manual_review,0.0,
nflverse.snap_counts@2024,unmatched,2024,9,NO,Connor McGovern,C,1.0,,manual_review,0.0,
nflverse.snap_counts@2024,unmatched,2024,9,WAS,Samuel Cosmi,G,1.0,,manual_review,0.0,
nflverse.snap_counts@2024,unmatched,2024,9,WAS,Trenton Scott,T,0.02,,manual_review,0.0,
nflverse.snap_counts@2024,unmatched,2024,10,NO,Connor McGovern,C,1.0,,manual_review,0.0,
nflverse.snap_counts@2024,unmatched,2024,10,BUF,Connor McGovern,C,1.0,,manual_review,0.0,
nflverse.snap_counts@2024,unmatched,2024,10,BUF,Spencer Brown,T,0.89,,manual_review,0.0,
nflverse.snap_counts@2024,unmatched,2024,10,LA,Joseph Noteboom,T,1.0,,manual_review,0.0,
nflverse.snap_counts@2024,unmatched,2024,10,LA,Byron Young,LB,0.0,,manual_review,0.0,
nflverse.snap_counts@2024,unmatched,2024,10,LA,Jonah Williams,DE,0.0,,manual_review,0.0,
nflverse.snap_counts@2024,unmatched,2024,10,MIA,Aaron Brewer,G,1.0,,manual_review,0.0,
nflverse.snap_counts@2024,unmatched,2024,10,NE,Michael Onwenu,G,1.0,,manual_review,0.0,
nflverse.snap_counts@2024,unmatched,2024,10,NE,Michael Jordan,G,1.0,,manual_review,0.0,
nflverse.snap_counts@2024,unmatched,2024,10,ARI,Trystan Colon-Castillo,C,1.0,,manual_review,0.0,
nflverse.snap_counts@2024,unmatched,2024,10,NYJ,Samuel Eguavoen,LB,0.0,,manual_review,0.0,
nflverse.snap_counts@2024,unmatched,2024,10,DAL,Tyler Smith,G,0.9,,manual_review,0.0,
nflverse.snap_counts@2024,unmatched,2024,10,WAS,Samuel Cosmi,G,1.0,,manual_review,0.0,
nflverse.snap_counts@2024,unmatched,2024,10,WAS,Trenton Scott,T,1.0,,manual_review,0.0,
nflverse.snap_counts@2024,unmatched,2024,11,DAL,Tyler Smith,G,0.84,,manual_review,0.0,
nflverse.snap_counts@2024,unmatched,2024,11,HOU,Zachary Thomas,T,0.03,,manual_review,0.0,
nflverse.snap_counts@2024,unmatched,2024,11,NYJ,Samuel Eguavoen,LB,0.0,,manual_review,0.0,
nflverse.snap_counts@2024,unmatched,2024,11,BUF,Connor McGovern,C,1.0,,manual_review,0.0,
nflverse.snap_counts@2024,unmatched,2024,11,NE,Michael Onwenu,G,1.0,,manual_review,0.0,
nflverse.snap_counts@2024,unmatched,2024,11,NE,Michael Jordan,G,0.96,,manual_review,0.0,
nflverse.snap_counts@2024,unmatched,2024,11,LA,Byron Young,LB,0.0,,manual_review,0.0,
nflverse.snap_counts@2024,unmatched,2024,11,LA,Jonah Williams,DE,0.0,,manual_review,0.0,
nflverse.snap_counts@2024,unmatched,2024,11,MIA,Aaron Brewer,G,1.0,,manual_review,0.0,
nflverse.snap_counts@2024,unmatched,2024,11,LV,Delmar Glaze,T,1.0,,manual_review,0.0,
nflverse.snap_counts@2024,unmatched,2024,11,SEA,Olusegun Oluwatimi,C,1.0,,manual_review,0.0,
nflverse.snap_counts@2024,unmatched,2024,11,WAS,Samuel Cosmi,G,1.0,,manual_review,0.0,
nflverse.snap_counts@2024,unmatched,2024,11,WAS,Trenton Scott,T,0.0,,manual_review,0.0,
nflverse.snap_counts@2024,unmatched,2024,12,SEA,Olusegun Oluwatimi,C,1.0,,manual_review,0.0,
nflverse.snap_counts@2024,unmatched,2024,12,ARI,Trystan Colon-Castillo,C,1.0,,manual_review,0.0,
nflverse.snap_counts@2024,unmatched,2024,12,WAS,Samuel Cosmi,G,1.0,,manual_review,0.0,
nflverse.snap_counts@2024,unmatched,2024,12,WAS,Trenton Scott,T,0.41,,manual_review,0.0,
nflverse.snap_counts@2024,unmatched,2024,12,LV,Delmar Glaze,T,1.0,,manual_review,0.0,
nflverse.snap_counts@2024,unmatched,2024,12,MIA,Aaron Brewer,G,1.0,,manual_review,0.0,
nflverse.snap_counts@2024,unmatched,2024,12,NE,Michael Onwenu,G,1.0,,manual_review,0.0,
nflverse.snap_counts@2024,unmatched,2024,12,NE,Michael Jordan,G,1.0,,manual_review,0.0,
nflverse.snap_counts@2024,unmatched,2024,12,LA,Byron Young,LB,0.0,,manual_review,0.0,
nflverse.snap_counts@2024,unmatched,2024,12,LA,Jonah Williams,DE,0.0,,manual_review,0.0,
nflverse.snap_counts@2024,unmatched,2024,12,HOU,Zachary Thomas,T,0.0,,manual_review,0.0,
nflverse.snap_counts@2024,unmatched,2024,13,ARI,Trystan Colon-Castillo,C,0.82,,manual_review,0.0,
nflverse.snap_counts@2024,unmatched,2024,13,HOU,Zachary Thomas,T,0.0,,manual_review,0.0,
nflverse.snap_counts@2024,unmatched,2024,13,NE,Michael Onwenu,G,1.0,,manual_review,0.0,
nflverse.snap_counts@2024,unmatched,2024,13,NE,Michael Jordan,G,0.01,,manual_review,0.0,
nflverse.snap_counts@2024,unmatched,2024,13,LA,Byron Young,LB,0.0,,manual_review,0.0,
nflverse.snap_counts@2024,unmatched,2024,13,LV,Delmar Glaze,T,1.0,,manual_review,0.0,
nflverse.snap_counts@2024,unmatched,2024,13,MIA,Aaron Brewer,G,1.0,,manual_review,0.0,
nflverse.snap_counts@2024,unmatched,2024,13,DAL,Tyler Smith,G,1.0,,manual_review,0.0,
nflverse.snap_counts@2024,unmatched,2024,13,NYJ,Samuel Eguavoen,LB,0.0,,manual_review,0.0,
nflverse.snap_counts@2024,unmatched,2024,13,NYJ,Connor McGovern,C,0.0,,manual_review,0.0,
nflverse.snap_counts@2024,unmatched,2024,13,SEA,Olusegun Oluwatimi,C,1.0,,manual_review,0.0,
nflverse.snap_counts@2024,unmatched,2024,13,BUF,Spencer Brown,T,1.0,,manual_review,0.0,
nflverse.snap_counts@2024,unmatched,2024,13,BUF,Connor McGovern,C,0.74,,manual_review,0.0,
nflverse.snap_counts@2024,unmatched,2024,13,WAS,Samuel Cosmi,G,1.0,,manual_review,0.0,
nflverse.snap_counts@2024,unmatched,2024,13,WAS,Trenton Scott,T,0.0,,manual_review,0.0,
nflverse.snap_counts@2024,unmatched,2024,14,LA,Byron Young,LB,0.0,,manual_review,0.0,
nflverse.snap_counts@2024,unmatched,2024,14,BUF,Spencer Brown,T,1.0,,manual_review,0.0,
nflverse.snap_counts@2024,unmatched,2024,14,BUF,Connor McGovern,C,1.0,,manual_review,0.0,
nflverse.snap_counts@2024,unmatched,2024,14,DAL,Tyler Smith,G,1.0,,manual_review,0.0,
nflverse.snap_counts@2024,unmatched,2024,14,DET,Jonah Williams,DE,0.0,,manual_review,0.0,
nflverse.snap_counts@2024,unmatched,2024,14,LV,Delmar Glaze,T,1.0,,manual_review,0.0,
nflverse.snap_counts@2024,unmatched,2024,14,MIA,Aaron Brewer,G,1.0,,manual_review,0.0,
nflverse.snap_counts@2024,unmatched,2024,14,NYJ,Samuel Eguavoen,LB,0.0,,manual_review,0.0,
nflverse.snap_counts@2024,unmatched,2024,14,ARI,Trystan Colon-Castillo,C,0.0,,manual_review,0.0,
nflverse.snap_counts@2024,unmatched,2024,14,SEA,Olusegun Oluwatimi,C,1.0,,manual_review,0.0,
nflverse.snap_counts@2024,unmatched,2024,15,LV,Delmar Glaze,T,1.0,,manual_review,0.0,
nflverse.snap_counts@2024,unmatched,2024,15,DET,Jonah Williams,DE,0.0,,manual_review,0.0,
nflverse.snap_counts@2024,unmatched,2024,15,BUF,Connor McGovern,C,1.0,,manual_review,0.0,
nflverse.snap_counts@2024,unmatched,2024,15,BUF,Spencer Brown,T,0.93,,manual_review,0.0,
nflverse.snap_counts@2024,unmatched,2024,15,DAL,Tyler Smith,G,0.88,,manual_review,0.0,
nflverse.snap_counts@2024,unmatched,2024,15,SEA,Olusegun Oluwatimi,C,0.19,,manual_review,0.0,
nflverse.snap_counts@2024,unmatched,2024,15,LA,Byron Young,LB,0.0,,manual_review,0.0,
nflverse.snap_counts@2024,unmatched,2024,15,HOU,Zachary Thomas,T,0.1,,manual_review,0.0,
nflverse.snap_counts@2024,unmatched,2024,15,MIA,Aaron Brewer,G,1.0,,manual_review,0.0,
nflverse.snap_counts@2024,unmatched,2024,15,ARI,Trystan Colon-Castillo,C,0.0,,manual_review,0.0,
nflverse.snap_counts@2024,unmatched,2024,15,NE,Michael Onwenu,G,1.0,,manual_review,0.0,
nflverse.snap_counts@2024,unmatched,2024,15,NYJ,Samuel Eguavoen,LB,0.0,,manual_review,0.0,
nflverse.snap_counts@2024,unmatched,2024,15,WAS,Samuel Cosmi,G,1.0,,manual_review,0.0,
nflverse.snap_counts@2024,unmatched,2024,15,WAS,Trenton Scott,T,0.04,,manual_review,0.0,
nflverse.snap_counts@2024,unmatched,2024,16,ARI,Trystan Colon-Castillo,C,0.0,,manual_review,0.0,
nflverse.snap_counts@2024,unmatched,2024,16,DET,Chris Smith,DT,0.0,,manual_review,0.0,
nflverse.snap_counts@2024,unmatched,2024,16,HOU,Zachary Thomas,T,0.07,,manual_review,0.0,
nflverse.snap_counts@2024,unmatched,2024,16,LV,Delmar Glaze,T,1.0,,manual_review,0.0,
nflverse.snap_counts@2024,unmatched,2024,16,LV,John Samuel Shenker,TE,0.01,,manual_review,0.0,
nflverse.snap_counts@2024,unmatched,2024,16,NYJ,Samuel Eguavoen,LB,0.0,,manual_review,0.0,
nflverse.snap_counts@2024,unmatched,2024,16,LA,Byron Young,LB,0.0,,manual_review,0.0,
nflverse.snap_counts@2024,unmatched,2024,16,SEA,Olusegun Oluwatimi,C,1.0,,manual_review,0.0,
nflverse.snap_counts@2024,unmatched,2024,16,BUF,Spencer Brown,T,1.0,,manual_review,0.0,
nflverse.snap_counts@2024,unmatched,2024,16,BUF,Connor McGovern,C,1.0,,manual_review,0.0,
nflverse.snap_counts@2024,unmatched,2024,16,NE,Michael Onwenu,G,1.0,,manual_review,0.0,
nflverse.snap_counts@2024,unmatched,2024,16,WAS,Samuel Cosmi,G,1.0,,manual_review,0.0,
nflverse.snap_counts@2024,unmatched,2024,16,WAS,Trenton Scott,T,0.0,,manual_review,0.0,
nflverse.snap_counts@2024,unmatched,2024,16,MIA,Aaron Brewer,G,1.0,,manual_review,0.0,
nflverse.snap_counts@2024,unmatched,2024,16,DAL,Tyler Smith,G,1.0,,manual_review,0.0,
nflverse.snap_counts@2024,unmatched,2024,17,LA,Joseph Noteboom,T,1.0,,manual_review,0.0,
nflverse.snap_counts@2024,unmatched,2024,17,LA,Byron Young,LB,0.0,,manual_review,0.0,
nflverse.snap_counts@2024,unmatched,2024,17,ARI,Trystan Colon-Castillo,C,0.0,,manual_review,0.0,
nflverse.snap_counts@2024,unmatched,2024,17,WAS,Samuel Cosmi,G,1.0,,manual_review,0.0,
nflverse.snap_counts@2024,unmatched,2024,17,WAS,Trenton Scott,T,0.42,,manual_review,0.0,
nflverse.snap_counts@2024,unmatched,2024,17,HOU,Zachary Thomas,T,0.11,,manual_review,0.0,
nflverse.snap_counts@2024,unmatched,2024,17,DAL,Tyler Smith,G,0.95,,manual_review,0.0,
nflverse.snap_counts@2024,unmatched,2024,17,DET,Chris Smith,DT,0.0,,manual_review,0.0,
nflverse.snap_counts@2024,unmatched,2024,17,NE,Michael Onwenu,G,0.79,,manual_review,0.0,
nflverse.snap_counts@2024,unmatched,2024,17,LV,Delmar Glaze,T,1.0,,manual_review,0.0,
nflverse.snap_counts@2024,unmatched,2024,17,LV,John Samuel Shenker,TE,0.05,,manual_review,0.0,
nflverse.snap_counts@2024,unmatched,2024,17,MIA,Aaron Brewer,G,1.0,,manual_review,0.0,
nflverse.snap_counts@2024,unmatched,2024,17,BUF,Spencer Brown,T,1.0,,manual_review,0.0,
nflverse.snap_counts@2024,unmatched,2024,17,BUF,Connor McGovern,C,0.86,,manual_review,0.0,
nflverse.snap_counts@2024,unmatched,2024,17,NYJ,Samuel Eguavoen,LB,0.0,,manual_review,0.0,
nflverse.snap_counts@2024,unmatched,2024,17,SEA,Olusegun Oluwatimi,C,1.0,,manual_review,0.0,
nflverse.snap_counts@2024,unmatched,2024,18,NE,Michael Onwenu,G,0.05,,manual_review,0.0,
nflverse.snap_counts@2024,unmatched,2024,18,LV,Delmar Glaze,T,1.0,,manual_review,0.0,
nflverse.snap_counts@2024,unmatched,2024,18,LV,John Samuel Shenker,TE,0.0,,manual_review,0.0,
nflverse.snap_counts@2024,unmatched,2024,18,NYJ,Samuel Eguavoen,LB,0.0,,manual_review,0.0,
nflverse.snap_counts@2024,unmatched,2024,18,MIA,Aaron Brewer,G,1.0,,manual_review,0.0,
nflverse.snap_counts@2024,unmatched,2024,18,DET,Chris Smith,DT,0.0,,manual_review,0.0,
nflverse.snap_counts@2024,unmatched,2024,18,LA,Joseph Noteboom,T,1.0,,manual_review,0.0,
nflverse.snap_counts@2024,unmatched,2024,18,LA,Byron Young,LB,0.0,,manual_review,0.0,
nflverse.snap_counts@2024,unmatched,2024,18,SEA,Olusegun Oluwatimi,C,1.0,,manual_review,0.0,
nflverse.snap_counts@2024,unmatched,2024,18,ARI,Trystan Colon-Castillo,C,0.08,,manual_review,0.0,
nflverse.snap_counts@2024,unmatched,2024,18,DAL,Tyler Smith,G,1.0,,manual_review,0.0,
nflverse.snap_counts@2024,unmatched,2024,18,WAS,Samuel Cosmi,G,1.0,,manual_review,0.0,
nflverse.snap_counts@2024,unmatched,2024,18,WAS,Trenton Scott,T,0.34,,manual_review,0.0,
nflverse.snap_counts@2024,unmatched,2024,19,BUF,Spencer Brown,T,1.0,,manual_review,0.0,
nflverse.snap_counts@2024,unmatched,2024,19,BUF,Connor McGovern,C,0.93,,manual_review,0.0,
nflverse.snap_counts@2024,unmatched,2024,19,LA,Byron Young,LB,0.0,,manual_review,0.0,
nflverse.snap_counts@2024,unmatched,2024,19,WAS,Samuel Cosmi,G,1.0,,manual_review,0.0,
nflverse.snap_counts@2024,unmatched,2024,19,WAS,Trenton Scott,T,0.0,,manual_review,0.0,
nflverse.snap_counts@2024,unmatched,2024,20,BUF,Spencer Brown,T,1.0,,manual_review,0.0,
nflverse.snap_counts@2024,unmatched,2024,20,BUF,Connor McGovern,C,1.0,,manual_review,0.0,
nflverse.snap_counts@2024,unmatched,2024,20,LA,Byron Young,LB,0.0,,manual_review,0.0,
nflverse.snap_counts@2024,unmatched,2024,20,DET,Jonah Williams,DE,0.0,,manual_review,0.0,
nflverse.snap_counts@2024,unmatched,2024,20,DET,Chris Smith,DT,0.0,,manual_review,0.0,
nflverse.snap_counts@2024,unmatched,2024,20,WAS,Trenton Scott,T,0.61,,manual_review,0.0,
nflverse.snap_counts@2024,unmatched,2024,20,WAS,Samuel Cosmi,G,0.39,,manual_review,0.0,
nflverse.snap_counts@2024,unmatched,2024,21,BUF,Spencer Brown,T,1.0,,manual_review,0.0,
nflverse.snap_counts@2024,unmatched,2024,21,BUF,Connor McGovern,C,1.0,,manual_review,0.0,
nflverse.snap_counts@2024,unmatched,2024,21,WAS,Trenton Scott,T,0.65,,manual_review,0.0,
nflverse.snap_counts@2024,low_confidence,2024,3,PIT,Rodney Williams,TE,0.03,00-0037451,constrained_fuzzy,0.6193333333333331,0.9533333333333333
nflverse.snap_counts@2024,low_confidence,2024,4,PIT,Rodney Williams,TE,0.0,00-0037451,constrained_fuzzy,0.6193333333333331,0.9533333333333333
nflverse.snap_counts@2024,low_confidence,2024,5,PIT,Rodney Williams,TE,0.0,00-0037451,constrained_fuzzy,0.6193333333333331,0.9533333333333333
nflverse.snap_counts@2024,low_confidence,2024,6,PIT,Rodney Williams,TE,0.03,00-0037451,constrained_fuzzy,0.6193333333333331,0.9533333333333333
nflverse.snap_counts@2024,low_confidence,2024,7,PIT,Rodney Williams,TE,0.0,00-0037451,constrained_fuzzy,0.6193333333333331,0.9533333333333333
nflverse.snap_counts@2024,low_confidence,2024,8,PIT,Rodney Williams,TE,0.02,00-0037451,constrained_fuzzy,0.6193333333333331,0.9533333333333333
nflverse.snap_counts@2025,unmatched,2025,1,NO,Jonah Williams,DE,0.0,,manual_review,0.0,
nflverse.snap_counts@2025,unmatched,2025,1,BAL,Joseph Noteboom,T,0.0,,manual_review,0.0,
nflverse.snap_counts@2025,unmatched,2025,1,LA,Byron Young,LB,0.0,,manual_review,0.0,
nflverse.snap_counts@2025,unmatched,2025,1,NE,Michael Onwenu,OL,1.0,,manual_review,0.0,
nflverse.snap_counts@2025,unmatched,2025,1,LV,Delmar Glaze,T,1.0,,manual_review,0.0,
nflverse.snap_counts@2025,unmatched,2025,1,MIA,Aaron Brewer,OL,1.0,,manual_review,0.0,
nflverse.snap_counts@2025,unmatched,2025,1,TB,Michael Jordan,G,1.0,,manual_review,0.0,
nflverse.snap_counts@2025,unmatched,2025,1,TEN,Oli Udoh,OL,0.21,,manual_review,0.0,
nflverse.snap_counts@2025,unmatched,2025,2,ATL,Nathan Carter,RB,0.02,,manual_review,0.0,
nflverse.snap_counts@2025,unmatched,2025,2,BAL,Joseph Noteboom,T,0.05,,manual_review,0.0,
nflverse.snap_counts@2025,unmatched,2025,2,LV,Delmar Glaze,T,1.0,,manual_review,0.0,
nflverse.snap_counts@2025,unmatched,2025,2,TEN,Oli Udoh,OL,0.0,,manual_review,0.0,
nflverse.snap_counts@2025,unmatched,2025,2,LA,Byron Young,LB,0.0,,manual_review,0.0,
nflverse.snap_counts@2025,unmatched,2025,2,MIA,Aaron Brewer,OL,1.0,,manual_review,0.0,
nflverse.snap_counts@2025,unmatched,2025,2,NE,Michael Onwenu,OL,1.0,,manual_review,0.0,
nflverse.snap_counts@2025,unmatched,2025,2,SEA,Olusegun Oluwatimi,C,0.14,,manual_review,0.0,
nflverse.snap_counts@2025,unmatched,2025,2,NO,Jonah Williams,DE,0.0,,manual_review,0.0,
nflverse.snap_counts@2025,unmatched,2025,2,TB,Michael Jordan,G,1.0,,manual_review,0.0,
nflverse.snap_counts@2025,unmatched,2025,3,ATL,Nathan Carter,RB,0.11,,manual_review,0.0,
nflverse.snap_counts@2025,unmatched,2025,3,BAL,Joseph Noteboom,T,0.02,,manual_review,0.0,
nflverse.snap_counts@2025,unmatched,2025,3,TEN,Oli Udoh,OL,0.57,,manual_review,0.0,
nflverse.snap_counts@2025,unmatched,2025,3,LA,Byron Young,LB,0.0,,manual_review,0.0,
nflverse.snap_counts@2025,unmatched,2025,3,WAS,Trenton Scott,T,0.33,,manual_review,0.0,
nflverse.snap_counts@2025,unmatched,2025,3,LV,Delmar Glaze,T,0.98,,manual_review,0.0,
nflverse.snap_counts@2025,unmatched,2025,3,MIA,Aaron Brewer,OL,1.0,,manual_review,0.0,
nflverse.snap_counts@2025,unmatched,2025,3,SEA,Olusegun Oluwatimi,C,0.32,,manual_review,0.0,
nflverse.snap_counts@2025,unmatched,2025,3,NO,Jonah Williams,DE,0.0,,manual_review,0.0,
nflverse.snap_counts@2025,unmatched,2025,3,NE,Michael Onwenu,OL,1.0,,manual_review,0.0,
nflverse.snap_counts@2025,unmatched,2025,4,BAL,Joseph Noteboom,T,0.69,,manual_review,0.0,
nflverse.snap_counts@2025,unmatched,2025,4,NE,Michael Onwenu,OL,1.0,,manual_review,0.0,
nflverse.snap_counts@2025,unmatched,2025,4,LV,Delmar Glaze,T,1.0,,manual_review,0.0,
nflverse.snap_counts@2025,unmatched,2025,4,LA,Byron Young,LB,0.0,,manual_review,0.0,
nflverse.snap_counts@2025,unmatched,2025,4,NO,Jonah Williams,DE,0.0,,manual_review,0.0,
nflverse.snap_counts@2025,unmatched,2025,4,MIA,Aaron Brewer,OL,1.0,,manual_review,0.0,
nflverse.snap_counts@2025,unmatched,2025,4,TEN,Oli Udoh,OL,1.0,,manual_review,0.0,
nflverse.snap_counts@2025,unmatched,2025,4,WAS,Trenton Scott,T,0.16,,manual_review,0.0,
nflverse.snap_counts@2025,unmatched,2025,5,BAL,Joseph Noteboom,T,1.0,,manual_review,0.0,
nflverse.snap_counts@2025,unmatched,2025,5,BAL,CJ Okoye,DL,0.0,,manual_review,0.0,
nflverse.snap_counts@2025,unmatched,2025,5,LV,Delmar Glaze,T,1.0,,manual_review,0.0,
nflverse.snap_counts@2025,unmatched,2025,5,MIA,Aaron Brewer,OL,1.0,,manual_review,0.0,
nflverse.snap_counts@2025,unmatched,2025,5,NE,Michael Onwenu,OL,1.0,,manual_review,0.0,
nflverse.snap_counts@2025,unmatched,2025,5,NO,Jonah Williams,DE,0.0,,manual_review,0.0,
nflverse.snap_counts@2025,unmatched,2025,5,LA,Byron Young,LB,0.0,,manual_review,0.0,
nflverse.snap_counts@2025,unmatched,2025,5,TEN,Oli Udoh,OL,1.0,,manual_review,0.0,
nflverse.snap_counts@2025,unmatched,2025,5,WAS,Trenton Scott,T,0.27,,manual_review,0.0,
nflverse.snap_counts@2025,unmatched,2025,6,WAS,Trenton Scott,T,0.22,,manual_review,0.0,
nflverse.snap_counts@2025,unmatched,2025,6,MIA,Aaron Brewer,OL,0.95,,manual_review,0.0,
nflverse.snap_counts@2025,unmatched,2025,6,BAL,Joseph Noteboom,T,0.71,,manual_review,0.0,
nflverse.snap_counts@2025,unmatched,2025,6,BAL,CJ Okoye,DL,0.0,,manual_review,0.0,
nflverse.snap_counts@2025,unmatched,2025,6,LA,Byron Young,LB,0.0,,manual_review,0.0,
nflverse.snap_counts@2025,unmatched,2025,6,NO,Jonah Williams,DE,0.0,,manual_review,0.0,
nflverse.snap_counts@2025,unmatched,2025,6,NE,Michael Onwenu,OL,1.0,,manual_review,0.0,
nflverse.snap_counts@2025,unmatched,2025,6,LV,Delmar Glaze,T,1.0,,manual_review,0.0,
nflverse.snap_counts@2025,unmatched,2025,6,TEN,Oli Udoh,OL,0.03,,manual_review,0.0,
nflverse.snap_counts@2025,unmatched,2025,7,LA,Byron Young,LB,0.0,,manual_review,0.0,
nflverse.snap_counts@2025,unmatched,2025,7,LV,Delmar Glaze,T,1.0,,manual_review,0.0,
nflverse.snap_counts@2025,unmatched,2025,7,MIA,Aaron Brewer,OL,1.0,,manual_review,0.0,
nflverse.snap_counts@2025,unmatched,2025,7,TEN,Oli Udoh,OL,0.0,,manual_review,0.0,
nflverse.snap_counts@2025,unmatched,2025,7,NE,Michael Onwenu,OL,0.94,,manual_review,0.0,
nflverse.snap_counts@2025,unmatched,2025,7,TB,Michael Jordan,G,1.0,,manual_review,0.0,
nflverse.snap_counts@2025,unmatched,2025,7,WAS,Samuel Cosmi,T,0.96,,manual_review,0.0,
nflverse.snap_counts@2025,unmatched,2025,7,WAS,Trenton Scott,T,0.09,,manual_review,0.0,
nflverse.snap_counts@2025,unmatched,2025,8,BAL,CJ Okoye,DL,0.0,,manual_review,0.0,
nflverse.snap_counts@2025,unmatched,2025,8,BAL,Joseph Noteboom,T,0.0,,manual_review,0.0,
nflverse.snap_counts@2025,unmatched,2025,8,NE,Michael Onwenu,OL,1.0,,manual_review,0.0,
nflverse.snap_counts@2025,unmatched,2025,8,ATL,Nathan Carter,RB,0.04,,manual_review,0.0,
nflverse.snap_counts@2025,unmatched,2025,8,MIA,Aaron Brewer,OL,0.9,,manual_review,0.0,
nflverse.snap_counts@2025,unmatched,2025,8,TEN,Oli Udoh,OL,0.01,,manual_review,0.0,
nflverse.snap_counts@2025,unmatched,2025,8,WAS,Samuel Cosmi,T,1.0,,manual_review,0.0,
nflverse.snap_counts@2025,unmatched,2025,9,NE,Michael Onwenu,OL,1.0,,manual_review,0.0,
nflverse.snap_counts@2025,unmatched,2025,9,MIA,Aaron Brewer,OL,1.0,,manual_review,0.0,
nflverse.snap_counts@2025,unmatched,2025,9,BAL,Joseph Noteboom,T,0.18,,manual_review,0.0,
nflverse.snap_counts@2025,unmatched,2025,9,BAL,CJ Okoye,DL,0.0,,manual_review,0.0,
nflverse.snap_counts@2025,unmatched,2025,9,LV,Delmar Glaze,T,1.0,,manual_review,0.0,
nflverse.snap_counts@2025,unmatched,2025,9,TEN,Oli Udoh,OL,0.04,,manual_review,0.0,
nflverse.snap_counts@2025,unmatched,2025,9,LA,Byron Young,LB,0.0,,manual_review,0.0,
nflverse.snap_counts@2025,unmatched,2025,9,NO,Jonah Williams,DE,0.0,,manual_review,0.0,
nflverse.snap_counts@2025,unmatched,2025,9,WAS,Samuel Cosmi,T,0.89,,manual_review,0.0,
nflverse.snap_counts@2025,unmatched,2025,9,SEA,Olusegun Oluwatimi,C,0.06,,manual_review,0.0,
nflverse.snap_counts@2025,unmatched,2025,10,SEA,Olusegun Oluwatimi,C,0.53,,manual_review,0.0,
nflverse.snap_counts@2025,unmatched,2025,10,BAL,CJ Okoye,DL,0.0,,manual_review,0.0,
nflverse.snap_counts@2025,unmatched,2025,10,MIA,Aaron Brewer,OL,1.0,,manual_review,0.0,
nflverse.snap_counts@2025,unmatched,2025,10,WAS,Samuel Cosmi,T,0.94,,manual_review,0.0,
nflverse.snap_counts@2025,unmatched,2025,10,LA,Byron Young,LB,0.0,,manual_review,0.0,
nflverse.snap_counts@2025,unmatched,2025,10,LV,Delmar Glaze,T,1.0,,manual_review,0.0,
nflverse.snap_counts@2025,unmatched,2025,10,TB,Michael Jordan,G,0.93,,manual_review,0.0,
nflverse.snap_counts@2025,unmatched,2025,10,NE,Michael Onwenu,OL,1.0,,manual_review,0.0,
nflverse.snap_counts@2025,unmatched,2025,10,NO,William Sherman,G,0.03,,manual_review,0.0,
nflverse.snap_counts@2025,unmatched,2025,10,NO,Jonah Williams,DE,0.0,,manual_review,0.0,
nflverse.snap_counts@2025,unmatched,2025,11,BAL,CJ Okoye,DL,0.0,,manual_review,0.0,
nflverse.snap_counts@2025,unmatched,2025,11,ATL,Nathan Carter,RB,0.0,,manual_review,0.0,
nflverse.snap_counts@2025,unmatched,2025,11,LV,Delmar Glaze,T,1.0,,manual_review,0.0,
nflverse.snap_counts@2025,unmatched,2025,11,TEN,Oli Udoh,OL,0.0,,manual_review,0.0,
nflverse.snap_counts@2025,unmatched,2025,11,NE,Michael Onwenu,OL,1.0,,manual_review,0.0,
nflverse.snap_counts@2025,unmatched,2025,11,LA,Byron Young,LB,0.0,,manual_review,0.0,
nflverse.snap_counts@2025,unmatched,2025,11,SEA,Olusegun Oluwatimi,C,1.0,,manual_review,0.0,
nflverse.snap_counts@2025,unmatched,2025,11,TB,Michael Jordan,G,1.0,,manual_review,0.0,
nflverse.snap_counts@2025,unmatched,2025,11,MIA,Aaron Brewer,OL,1.0,,manual_review,0.0,
nflverse.snap_counts@2025,unmatched,2025,11,WAS,Samuel Cosmi,T,0.99,,manual_review,0.0,
nflverse.snap_counts@2025,unmatched,2025,12,NO,Jonah Williams,DE,0.0,,manual_review,0.0,
nflverse.snap_counts@2025,unmatched,2025,12,NO,William Sherman,G,0.0,,manual_review,0.0,
nflverse.snap_counts@2025,unmatched,2025,12,LV,Delmar Glaze,T,1.0,,manual_review,0.0,
nflverse.snap_counts@2025,unmatched,2025,12,NE,Michael Onwenu,OL,1.0,,manual_review,0.0,
nflverse.snap_counts@2025,unmatched,2025,12,BAL,CJ Okoye,DL,0.0,,manual_review,0.0,
nflverse.snap_counts@2025,unmatched,2025,12,BAL,Joseph Noteboom,T,0.0,,manual_review,0.0,
nflverse.snap_counts@2025,unmatched,2025,12,TEN,Oli Udoh,OL,0.62,,manual_review,0.0,
nflverse.snap_counts@2025,unmatched,2025,12,SEA,Olusegun Oluwatimi,C,1.0,,manual_review,0.0,
nflverse.snap_counts@2025,unmatched,2025,12,LA,Byron Young,LB,0.0,,manual_review,0.0,
nflverse.snap_counts@2025,unmatched,2025,12,TB,Michael Jordan,G,0.96,,manual_review,0.0,
nflverse.snap_counts@2025,unmatched,2025,13,ATL,Nathan Carter,RB,0.0,,manual_review,0.0,
nflverse.snap_counts@2025,unmatched,2025,13,BAL,Joseph Noteboom,T,0.02,,manual_review,0.0,
nflverse.snap_counts@2025,unmatched,2025,13,BAL,CJ Okoye,DL,0.0,,manual_review,0.0,
nflverse.snap_counts@2025,unmatched,2025,13,WAS,Samuel Cosmi,T,1.0,,manual_review,0.0,
nflverse.snap_counts@2025,unmatched,2025,13,TEN,Oli Udoh,OL,0.07,,manual_review,0.0,
nflverse.snap_counts@2025,unmatched,2025,13,LA,Byron Young,LB,0.0,,manual_review,0.0,
nflverse.snap_counts@2025,unmatched,2025,13,LV,Delmar Glaze,T,1.0,,manual_review,0.0,
nflverse.snap_counts@2025,unmatched,2025,13,SEA,Olusegun Oluwatimi,C,0.96,,manual_review,0.0,
nflverse.snap_counts@2025,unmatched,2025,13,MIA,Aaron Brewer,OL,1.0,,manual_review,0.0,
nflverse.snap_counts@2025,unmatched,2025,13,NO,Jonah Williams,DE,0.0,,manual_review,0.0,
nflverse.snap_counts@2025,unmatched,2025,13,NE,Michael Onwenu,OL,1.0,,manual_review,0.0,
nflverse.snap_counts@2025,unmatched,2025,14,LV,Delmar Glaze,T,1.0,,manual_review,0.0,
nflverse.snap_counts@2025,unmatched,2025,14,LA,Byron Young,LB,0.0,,manual_review,0.0,
nflverse.snap_counts@2025,unmatched,2025,14,MIA,Aaron Brewer,OL,0.89,,manual_review,0.0,
nflverse.snap_counts@2025,unmatched,2025,14,TB,Michael Jordan,G,0.57,,manual_review,0.0,
nflverse.snap_counts@2025,unmatched,2025,14,NO,William Sherman,G,0.31,,manual_review,0.0,
nflverse.snap_counts@2025,unmatched,2025,14,NO,Jonah Williams,DE,0.0,,manual_review,0.0,
nflverse.snap_counts@2025,unmatched,2025,14,BAL,CJ Okoye,DL,0.0,,manual_review,0.0,
nflverse.snap_counts@2025,unmatched,2025,14,SEA,Olusegun Oluwatimi,C,0.87,,manual_review,0.0,
nflverse.snap_counts@2025,unmatched,2025,14,TEN,Oli Udoh,OL,0.35,,manual_review,0.0,
nflverse.snap_counts@2025,unmatched,2025,14,WAS,Samuel Cosmi,T,1.0,,manual_review,0.0,
nflverse.snap_counts@2025,unmatched,2025,15,TB,Michael Jordan,G,1.0,,manual_review,0.0,
nflverse.snap_counts@2025,unmatched,2025,15,ATL,Nathan Carter,RB,0.0,,manual_review,0.0,
nflverse.snap_counts@2025,unmatched,2025,15,BAL,CJ Okoye,DL,0.0,,manual_review,0.0,
nflverse.snap_counts@2025,unmatched,2025,15,NE,Michael Onwenu,OL,1.0,,manual_review,0.0,
nflverse.snap_counts@2025,unmatched,2025,15,NO,William Sherman,G,0.38,,manual_review,0.0,
nflverse.snap_counts@2025,unmatched,2025,15,NO,Jonah Williams,DE,0.0,,manual_review,0.0,
nflverse.snap_counts@2025,unmatched,2025,15,LA,Byron Young,LB,0.0,,manual_review,0.0,
nflverse.snap_counts@2025,unmatched,2025,15,LV,Delmar Glaze,T,1.0,,manual_review,0.0,
nflverse.snap_counts@2025,unmatched,2025,15,MIA,Aaron Brewer,OL,1.0,,manual_review,0.0,
nflverse.snap_counts@2025,unmatched,2025,15,TEN,Oli Udoh,OL,1.0,,manual_review,0.0,
nflverse.snap_counts@2025,unmatched,2025,15,WAS,Samuel Cosmi,T,1.0,,manual_review,0.0,
nflverse.snap_counts@2025,unmatched,2025,16,MIA,Aaron Brewer,OL,1.0,,manual_review,0.0,
nflverse.snap_counts@2025,unmatched,2025,16,TEN,Oli Udoh,OL,0.29,,manual_review,0.0,
nflverse.snap_counts@2025,unmatched,2025,16,LA,Byron Young,LB,0.0,,manual_review,0.0,
nflverse.snap_counts@2025,unmatched,2025,16,LV,Delmar Glaze,T,1.0,,manual_review,0.0,
nflverse.snap_counts@2025,unmatched,2025,16,NE,Michael Onwenu,OL,1.0,,manual_review,0.0,
nflverse.snap_counts@2025,unmatched,2025,16,NO,William Sherman,G,1.0,,manual_review,0.0,
nflverse.snap_counts@2025,unmatched,2025,16,NO,Jonah Williams,DE,0.0,,manual_review,0.0,
nflverse.snap_counts@2025,unmatched,2025,16,WAS,Samuel Cosmi,T,0.93,,manual_review,0.0,
nflverse.snap_counts@2025,unmatched,2025,16,WAS,Trenton Scott,T,0.11,,manual_review,0.0,
nflverse.snap_counts@2025,unmatched,2025,16,TB,Michael Jordan,G,1.0,,manual_review,0.0,
nflverse.snap_counts@2025,unmatched,2025,17,BAL,CJ Okoye,DL,0.0,,manual_review,0.0,
nflverse.snap_counts@2025,unmatched,2025,17,WAS,Trenton Scott,T,0.05,,manual_review,0.0,
nflverse.snap_counts@2025,unmatched,2025,17,LA,Byron Young,LB,0.0,,manual_review,0.0,
nflverse.snap_counts@2025,unmatched,2025,17,NE,Michael Onwenu,OL,0.88,,manual_review,0.0,
nflverse.snap_counts@2025,unmatched,2025,17,TEN,Oli Udoh,OL,0.14,,manual_review,0.0,
nflverse.snap_counts@2025,unmatched,2025,17,NO,William Sherman,G,1.0,,manual_review,0.0,
nflverse.snap_counts@2025,unmatched,2025,17,NO,Jonah Williams,DE,0.0,,manual_review,0.0,
nflverse.snap_counts@2025,unmatched,2025,17,LV,Delmar Glaze,T,1.0,,manual_review,0.0,
nflverse.snap_counts@2025,unmatched,2025,17,TB,Michael Jordan,G,1.0,,manual_review,0.0,
nflverse.snap_counts@2025,unmatched,2025,18,LA,Byron Young,LB,0.0,,manual_review,0.0,
nflverse.snap_counts@2025,unmatched,2025,18,BAL,CJ Okoye,DL,0.0,,manual_review,0.0,
nflverse.snap_counts@2025,unmatched,2025,18,TB,Michael Jordan,G,1.0,,manual_review,0.0,
nflverse.snap_counts@2025,unmatched,2025,18,LV,Delmar Glaze,T,1.0,,manual_review,0.0,
nflverse.snap_counts@2025,unmatched,2025,18,NE,Michael Onwenu,OL,1.0,,manual_review,0.0,
nflverse.snap_counts@2025,unmatched,2025,18,MIA,Aaron Brewer,OL,1.0,,manual_review,0.0,
nflverse.snap_counts@2025,unmatched,2025,18,ATL,Nathan Carter,RB,0.03,,manual_review,0.0,
nflverse.snap_counts@2025,unmatched,2025,18,NO,William Sherman,G,0.04,,manual_review,0.0,
nflverse.snap_counts@2025,unmatched,2025,18,NO,Jonah Williams,DE,0.0,,manual_review,0.0,
nflverse.snap_counts@2025,unmatched,2025,18,TEN,Oli Udoh,OL,0.17,,manual_review,0.0,
nflverse.snap_counts@2025,unmatched,2025,18,WAS,Trenton Scott,T,0.14,,manual_review,0.0,
nflverse.snap_counts@2025,unmatched,2025,19,NE,Michael Onwenu,OL,1.0,,manual_review,0.0,
nflverse.snap_counts@2025,unmatched,2025,19,LA,Byron Young,LB,0.0,,manual_review,0.0,
nflverse.snap_counts@2025,unmatched,2025,20,NE,Michael Onwenu,OL,1.0,,manual_review,0.0,
nflverse.snap_counts@2025,unmatched,2025,20,LA,Byron Young,LB,0.0,,manual_review,0.0,
nflverse.snap_counts@2025,unmatched,2025,20,SEA,Olusegun Oluwatimi,C,0.11,,manual_review,0.0,
nflverse.snap_counts@2025,unmatched,2025,21,LA,Byron Young,LB,0.0,,manual_review,0.0,
nflverse.snap_counts@2025,unmatched,2025,21,NE,Michael Onwenu,OL,1.0,,manual_review,0.0,
nflverse.snap_counts@2025,unmatched,2025,22,NE,Michael Onwenu,OL,1.0,,manual_review,0.0,
nflverse.snap_counts@2025,unmatched,2025,22,SEA,Olusegun Oluwatimi,C,0.04,,manual_review,0.0,
