season,model,seasons_used,in_sample,n_obs,sigma,home_field,converged,tau_conference,tau_team,beta_returning_ppa_pct_z,tau_conf_off,tau_conf_def,tau_team_off,tau_team_def,beta_base,beta_off__returning_ppa_pct_z,beta_def__returning_ppa_pct_z,beta_prior_strength_z,beta_prior_strength_missing,beta_team_talent_z,beta_team_talent_missing,beta_roster_continuity_pct_z,beta_roster_continuity_pct_missing,beta_hc_change_from_prev_z,beta_hc_change_from_prev_missing,beta_is_first_year_at_school_z,beta_hc_recent_sp_overall_z,beta_hc_recent_sp_overall_missing,beta_off__prior_strength_z,beta_off__prior_strength_missing,beta_off__team_talent_z,beta_off__team_talent_missing,beta_off__roster_continuity_pct_z,beta_off__roster_continuity_pct_missing,beta_off__hc_change_from_prev_z,beta_off__hc_change_from_prev_missing,beta_off__is_first_year_at_school_z,beta_off__hc_recent_sp_overall_z,beta_off__hc_recent_sp_overall_missing,beta_def__prior_strength_z,beta_def__prior_strength_missing,beta_def__team_talent_z,beta_def__team_talent_missing,beta_def__roster_continuity_pct_z,beta_def__roster_continuity_pct_missing,beta_def__hc_change_from_prev_z,beta_def__hc_change_from_prev_missing,beta_def__is_first_year_at_school_z,beta_def__hc_recent_sp_overall_z,beta_def__hc_recent_sp_overall_missing,beta_portal_net_stars_z,beta_portal_net_stars_missing,beta_off__portal_net_stars_z,beta_off__portal_net_stars_missing,beta_def__portal_net_stars_z,beta_def__portal_net_stars_missing
2014,margin,2014,True,759,10.080681083598941,2.271177936886799,True,9.810102449858817,9.415157559476253,1.3105104838656163,,,,,,,,,,,,,,,,,,,,,,,,,,,,,,,,,,,,,,,,,,,,,,
2014,points,2014,True,1518,7.339292147759146,2.3564294700842536,True,,,,4.747693148055379,4.722591529653947,6.808417817716321,5.352586552772503,28.594954175913408,0.8265273405777848,0.481644313298704,,,,,,,,,,,,,,,,,,,,,,,,,,,,,,,,,,,,,,,
2015,margin,2014,False,759,10.080681083598941,2.271177936886799,True,9.810102449858817,9.415157559476253,1.3105104838656163,,,,,,,,,,,,,,,,,,,,,,,,,,,,,,,,,,,,,,,,,,,,,,
2015,points,2014,False,1518,7.339292147759146,2.3564294700842536,True,,,,4.747693148055379,4.722591529653947,6.808417817716321,5.352586552772503,28.594954175913408,0.8265273405777848,0.481644313298704,,,,,,,,,,,,,,,,,,,,,,,,,,,,,,,,,,,,,,,
2016,margin,"2014,2015",False,1524,9.560731797268927,2.1234827983513025,True,6.964763192348524,8.417986732822692,2.164960661132085,,,,,,,,7.06997041215001,-7.802347524424082,5.220843500408423,-7.802347524423892,0.012951102493151663,-7.802347524423892,-0.7252175373443538,-7.802347524423326,-0.7252175373442123,0.5449564128103461,2.7598929501268454,,,,,,,,,,,,,,,,,,,,,,,,,,,,
2016,points,"2014,2015",False,3048,6.962655715618252,2.1906533033941766,True,,,,3.1384061983429903,3.155017529487704,6.195611214582673,5.153761822931951,28.31057483916345,2.016807596600036,0.11812633324128172,,,,,,,,,,,,2.7026273498915434,-4.330409593617782,2.4784267358824295,-4.330409593623766,0.10879364638372835,-4.330409593601734,-0.7237254199927942,-4.330409593601732,-0.7237254199910753,1.3780187985228802,3.274540397917183,4.088780058247036,-3.5192634649659507,2.5394099819979727,-3.5192634649731827,-0.05034184817643072,-3.5192634650027617,-0.04013766786911969,-3.5192634650027492,-0.04013766786905408,-0.6452120941766468,-0.2690938798864543,,,,,,
2017,margin,"2014,2015,2016",False,2283,9.254582961901255,2.273677534646736,True,5.044111931635005,7.896208822884472,1.951957992265843,,,,,,,,7.080227684761991,-6.7193503932443885,4.138584499379282,-6.7193503932447145,-0.07411596553027264,-6.719350393244703,-0.38489534044484935,-6.719350393244694,-0.3848953404464154,0.9373042787534258,-1.686277062542774,,,,,,,,,,,,,,,,,,,,,,,,,,,,
2017,points,"2014,2015,2016",False,4566,6.693734340317314,2.342029756363179,True,,,,1.9697567924111437,1.96536555492042,5.741263861322009,5.161036713015967,28.5257837231811,1.64371161554876,0.2975130223076888,,,,,,,,,,,,3.7914340205255757,-3.760113397811921,1.4060980750395384,-3.7601133977786363,-0.4479223251736558,-3.7601133977543806,-0.49028283875133,-3.7601133977543815,-0.49028283875384115,1.1932400641991086,0.4523014447720329,3.083755394414278,-3.123182924486644,2.5937747058946634,-3.1231829245282747,0.4499599820858684,-3.12318292448338,0.10577996251426695,-3.123182924483379,0.10577996251548988,-0.07751008598538289,-2.1527044851498265,,,,,,
2018,margin,"2014,2015,2016,2017",False,3059,8.597203392717734,2.5445712534425167,True,3.8542721815616754,7.7384598754615235,2.340160646839272,,,,,,,,6.634134234930329,-4.2125895638070805,4.049334389988743,-4.212589563806902,-0.23693399857875885,-4.2125895638068815,-0.3178197123105494,-4.212589563806765,-0.3178197123114491,1.3252263636349801,-2.1481780133823123,,,,,,,,,,,,,,,,,,,,,,,,,,,,
2018,points,"2014,2015,2016,2017",False,6118,6.325789237046835,2.599619495123396,False,,,,1.3853611659568361,1.4314565341708254,5.5138977937393,5.026183440422325,28.15495321507617,1.6877846245215953,0.6378862654466291,,,,,,,,,,,,3.6514336866253116,-2.4646637332149974,1.9013258207548516,-2.4646637332121712,-0.7313702206736437,-2.46466373319834,-0.41254992664201473,-2.4646637331957204,-0.4125499266418641,0.6219245389472448,0.45652743109945726,2.93165178521796,-1.7255620760732635,2.0800931818373414,-1.725562076051738,0.5442368987453078,-1.725562076034242,0.14086257279237083,-1.7255620760348291,0.1408625727939068,0.7682696974725115,-2.848148245762608,,,,,,
2019,margin,"2015,2016,2017,2018",False,3072,8.62457103587218,2.4203260301546154,True,1.1590283857177317,7.2671446362202134,2.6840294119336234,,,,,,,,6.647707014833331,,3.3292403494994267,,-0.32658479975699867,,-0.13680075827004987,,-0.13680075826883512,1.7596590256072,-4.1093837812577245,,,,,,,,,,,,,,,,,,,,,,,,,,,,
2019,points,"2015,2016,2017,2018",False,6144,6.334013354336523,2.4252432454265933,False,,,,0.609329569007623,0.77360043023344,5.093294283753056,5.206038997608601,28.232379296836516,1.712413289177287,0.9732306737488997,,,,,,,,,,,,3.4550745909656446,,1.6402220951554118,,-0.8035122933513305,,-0.153285128448125,,-0.15328512844801573,0.9438008600739586,-1.1403154286872363,3.187455324394679,,1.6857544049775188,,0.47927054453406776,,0.02018733674294201,,0.02018733674356057,0.8138706243856783,-2.9837680894684824,,,,,,
2020,margin,"2016,2017,2018,2019",False,3081,8.403532378418834,2.545570558860295,True,1.252547068152579,7.333605985469883,2.721144489718048,,,,,,,,6.658272494498414,,3.4139257362744604,,-0.30217582584117286,,-0.2720496053587611,,-0.2720496053604473,1.752209754197061,-4.5682216237494755,,,,,,,,,,,,,,,,,,,,,,,,,,,,
2020,points,"2016,2017,2018,2019",False,6162,6.185753037907794,2.550887953613559,False,,,,0.5695485021249337,0.7470615133306859,5.065011672390355,5.120261836270722,28.315733252207913,1.4271215297537747,1.301087517901993,,,,,,,,,,,,3.2055472187428333,,1.799759287931688,,-0.5782259759972167,,-0.04539797028708652,,-0.04539797028611379,0.8428880312772529,-2.3452501788996125,3.440361610394893,,1.618997437559642,,0.27970622345377155,,-0.2193654846739174,,-0.21936548467011294,0.9026817278201561,-2.249649136999076,,,,,,
2021,margin,"2017,2018,2019,2020",False,2837,8.185934414340625,2.0948856538356355,True,2.4232211983478784,7.495477120727879,2.9795426327526866,,,,,,,,6.415903506642999,,2.9115990153688602,,-0.18634143658712568,,-0.4933656433266038,,-0.49336564333214966,2.295073612278019,-3.264296805551804,,,,,,,,,,,,,,,,,,,,,,,,,,,,
2021,points,"2017,2018,2019,2020",False,5674,6.093672443993019,2.119966223299491,False,,,,0.6444959498166993,1.1481027398608394,5.048235270986987,5.102987445219081,28.100776312553418,1.5583851491283711,1.4216577379408415,,,,,,,,,,,,2.470881246314653,,2.019240771738798,,-0.25088126629002966,,-0.23486050245637644,,-0.2348605024551379,1.4309717951235785,-1.2283134181892381,3.9462536287111583,,0.9100193291012516,,0.09120530145032026,,-0.2369506155264961,,-0.2369506155281266,0.8336066986585259,-2.180852041037664,,,,,,
2022,margin,"2018,2019,2020,2021",False,2831,8.35081902619024,1.8656653842981001,True,1.9336967615465308,7.602962321955346,2.220331044820296,,,,,,,,6.490984653593265,,2.9462873665802807,,0.07043581546360475,,-0.6406144702042929,,-0.6406144701915745,1.8960104158115065,-2.759017312754069,,,,,,,,,,,,,,,,,,,,,,,-0.3093201297101928,-15.983191223809118,,,,
2022,points,"2018,2019,2020,2021",False,5662,6.159389068473823,1.8893931072810286,True,,,,0.620823769582019,0.9222766322693732,4.921446749827426,4.947751497674377,27.078120662652733,1.064220407415534,1.1454977240778907,,,,,,,,,,,,2.5698551201276105,,1.8680577737895456,,-0.164517994539061,,-0.31428488154991874,,-0.31428488155374934,1.3885878907324003,-0.9181796058275205,3.8925084332006326,,1.07599741812883,,0.24799809138112947,,-0.3112323088365032,,-0.3112323088325584,0.49068186887963583,-1.9335351056766035,,,-0.14266474367228918,-7.389686268125703,-0.16197577924098386,-8.475297295302349
2023,margin,"2019,2020,2021,2022",False,2835,8.442141987700971,1.8165563781882648,True,1.6536093899177948,7.270574756046467,1.8928556000374495,,,,,,,,5.607811251281339,,3.4677703668528244,,0.17051253524794244,,-0.5571337143178952,,-0.5571337143311728,2.381373962878004,-2.3922378960053114,,,,,,,,,,,,,,,,,,,,,,,0.10284588641380164,-7.644759173834239,,,,
2023,points,"2019,2020,2021,2022",False,5670,6.169658656425317,1.846819296746715,False,,,,0.9054579389635268,1.029601738212186,4.839010555177077,4.48713380361531,27.140368902433547,1.0698626357137024,0.8146538932233475,,,,,,,,,,,,2.2842297589729994,,2.39629512579404,,0.08661864495614724,,-0.2775027315383341,,-0.27750273153573984,1.2549433985867995,-0.9300740769543997,3.254717247558016,,1.0270648149521984,,0.08438254783642272,,-0.2737513220332714,,-0.27375132203506125,1.1542960984108745,-1.4163532344409018,,,0.017898787331698984,-3.1707348667258066,0.10237994922783068,-4.250746870892409
2024,margin,"2020,2021,2022,2023",False,2853,8.678886695533325,1.9906632244681683,True,1.251736636240018,6.668333870768088,1.7267359817812902,,,,,,,,4.899605291059299,,3.3207092375097442,,-0.01818086239347127,,-0.5492726814278673,,-0.5492726814353084,3.0749523221524853,-1.8537132838181016,,,,,,,,,,,,,,,,,,,,,,,-0.036526889302705284,-6.724387625898652,,,,
2024,points,"2020,2021,2022,2023",False,5706,6.2492460991969745,2.01457056379287,True,,,,1.0161116542413813,0.7933390982488591,4.617650048257609,4.104504332827524,26.813019677777138,0.9704709332269239,0.7615110128923311,,,,,,,,,,,,1.75449114619073,,2.6067140937722626,,-0.35751920216301586,,-0.35634878465426123,,-0.3563487846561991,1.7201619203272653,-0.2913577395326039,3.0870033822352774,,0.6856225818230299,,0.3468322134959994,,-0.19094479345493515,,-0.19094479345403687,1.3726387807236955,-1.5518048748129716,,,0.015613448785387823,-2.3885094881632067,-0.0341767141130156,-3.8983566823919173
2025,margin,"2021,2022,2023,2024",False,3135,8.201725556906847,2.5611356353930126,True,1.0545413391332936,6.934312823206745,1.2245018894070452,,,,,,,,4.542904234228369,,2.957982756775733,,-0.05426240929846261,,-0.47519536331578127,,-0.4751953633217565,3.4683695033550177,-2.698106183584792,,,,,,,,,,,,,,,,,,,,,,,0.11930810913322329,,,,,
2025,points,"2021,2022,2023,2024",False,6270,5.96042278221677,2.608214530923976,True,,,,0.7106444261464507,0.0316227766016838,4.530983252984419,4.196817533518403,26.811247474601803,0.785658236568988,0.43359324510518243,,,,,,,,,,,,1.7034683640938284,,2.2407638595550368,,-0.6801411807612502,,-0.2903850715683961,,-0.2903850715732503,1.7867531592285177,-0.7896987104139046,2.784781634700985,,0.699148313645949,,0.6268139676831161,,-0.179787973446664,,-0.17978797344766648,1.7104769541438118,-1.9258216782598547,,,0.10870393656922936,,0.025557750254335293,
2026,margin,"2022,2023,2024,2025",False,3172,7.936251117592239,2.8483850666616104,True,1.769226091067623,7.050273994959143,1.1605457339712881,,,,,,,,4.341741341566298,,2.3267046123442916,,-0.29222772415162845,,-0.48987331261690575,,-0.489873312625198,4.120270949401399,-3.3078886990428504,,,,,,,,,,,,,,,,,,,,,,,0.0015418803861985,,,,,
2026,points,"2022,2023,2024,2025",False,6344,5.816717778580873,2.8930996898161747,True,,,,0.7222947738036561,1.107199826719778,4.490380230179183,4.179875074562516,26.739929857064862,0.9050012049523327,0.2590170870494954,,,,,,,,,,,,1.432027100872761,,2.036978229911565,,-0.7847861562997048,,-0.2932757601874151,,-0.2932757601956079,2.3516234484360172,-1.7402773017815945,2.887914994129766,,0.19813985235752754,,0.45528041054150237,,-0.19278653666161805,,-0.19278653665853532,1.761206405807451,-1.6406249860658504,,,0.0922645266536386,,-0.06365597819562734,
